{
  "dice_Neoplastic_mean": 0.959522527190685,
  "dice_Neoplastic_std": 0.008331477763019252,
  "iou_Neoplastic_mean": 0.9222767634066217,
  "iou_Neoplastic_std": 0.015423956427546048,
  "f1_Neoplastic_mean": 0.9595225221911341,
  "f1_Neoplastic_std": 0.008331477762588939,
  "precision_Neoplastic_mean": 0.9676737644455186,
  "precision_Neoplastic_std": 0.0033965030080530933,
  "recall_Neoplastic_mean": 0.9515427694560133,
  "recall_Neoplastic_std": 0.013224975562482751,
  "dice_Inflammatory_mean": 0.588991512701981,
  "dice_Inflammatory_std": 0.050056288538548266,
  "iou_Inflammatory_mean": 0.41864032067114204,
  "iou_Inflammatory_std": 0.05134879741709509,
  "f1_Inflammatory_mean": 0.5889915077359504,
  "f1_Inflammatory_std": 0.05005628851743799,
  "precision_Inflammatory_mean": 0.5515606835706376,
  "precision_Inflammatory_std": 0.06528474027363475,
  "recall_Inflammatory_mean": 0.6342547009659644,
  "recall_Inflammatory_std": 0.04445868114053136,
  "dice_Connective_Soft_tissue_mean": 0.4019548243827375,
  "dice_Connective_Soft_tissue_std": 0.09720632558232227,
  "iou_Connective_Soft_tissue_mean": 0.25472568857505723,
  "iou_Connective_Soft_tissue_std": 0.07883601367632624,
  "f1_Connective_Soft_tissue_mean": 0.40195481954643614,
  "f1_Connective_Soft_tissue_std": 0.09720632548516946,
  "precision_Connective_Soft_tissue_mean": 0.3460909379853656,
  "precision_Connective_Soft_tissue_std": 0.10150270667643815,
  "recall_Connective_Soft_tissue_mean": 0.48266786863489014,
  "recall_Connective_Soft_tissue_std": 0.08328361782432252,
  "dice_Dead_mean": 0.35597358787280126,
  "dice_Dead_std": 0.03949306032662942,
  "iou_Dead_mean": 0.2170001568331377,
  "iou_Dead_std": 0.029640777427363783,
  "f1_Dead_mean": 0.35597358295310366,
  "f1_Dead_std": 0.0394930604373937,
  "precision_Dead_mean": 0.3312174388587868,
  "precision_Dead_std": 0.0202220541173053,
  "recall_Dead_mean": 0.39382585483053906,
  "recall_Dead_std": 0.09742433771869875,
  "dice_Epithelial_mean": 0.6138788544075341,
  "dice_Epithelial_std": 0.01736839510849117,
  "iou_Epithelial_mean": 0.44302633429144417,
  "iou_Epithelial_std": 0.018077756655231085,
  "f1_Epithelial_mean": 0.6138788494480659,
  "f1_Epithelial_std": 0.017368395110322853,
  "precision_Epithelial_mean": 0.6703753953417609,
  "precision_Epithelial_std": 0.036890531404027295,
  "recall_Epithelial_mean": 0.56745601571205,
  "recall_Epithelial_std": 0.02744464864651592,
  "dice_macro_mean": 0.5840642613111476,
  "dice_macro_std": 0.03166529764850538,
  "iou_macro_mean": 0.4511338527554806,
  "iou_macro_std": 0.030117897923744006,
  "f1_macro_mean": 0.5840642563749381,
  "f1_macro_std": 0.03166529762336836,
  "precision_macro_mean": 0.573383644040414,
  "precision_macro_std": 0.04370336906560444,
  "recall_macro_mean": 0.6059494419198915,
  "recall_macro_std": 0.02075931206966885,
  "accuracy_mean": 0.9184656093016518,
  "accuracy_std": 0.016105002612468847,
  "pq_Neoplastic_mean": 0.9103655349414271,
  "pq_Neoplastic_std": 0.022054545864442787,
  "dq_Neoplastic_mean": 0.9755036100462928,
  "dq_Neoplastic_std": 0.02257069076375121,
  "sq_Neoplastic_mean": 0.9332166691428201,
  "sq_Neoplastic_std": 0.003976094565447446,
  "pq_Inflammatory_mean": 0.1421230959315414,
  "pq_Inflammatory_std": 0.07491594084756875,
  "dq_Inflammatory_mean": 0.22426928304733815,
  "dq_Inflammatory_std": 0.10620723245387445,
  "sq_Inflammatory_mean": 0.6234430588123069,
  "sq_Inflammatory_std": 0.03260487117719703,
  "pq_Connective_Soft_tissue_mean": 0.10701571726439847,
  "pq_Connective_Soft_tissue_std": 0.04594726188166351,
  "dq_Connective_Soft_tissue_mean": 0.17547037455198902,
  "dq_Connective_Soft_tissue_std": 0.070397669098032,
  "sq_Connective_Soft_tissue_mean": 0.6057873208741594,
  "sq_Connective_Soft_tissue_std": 0.015299926106775679,
  "pq_Dead_mean": 0.04301273380345102,
  "pq_Dead_std": 0.001371478146677246,
  "dq_Dead_mean": 0.07445638510806885,
  "dq_Dead_std": 0.0021580756420224133,
  "sq_Dead_mean": 0.578298386789627,
  "sq_Dead_std": 0.033308714712034525,
  "pq_Epithelial_mean": 0.38936896448746117,
  "pq_Epithelial_std": 0.03753542079059271,
  "dq_Epithelial_mean": 0.6042662573569152,
  "dq_Epithelial_std": 0.03846147526023588,
  "sq_Epithelial_mean": 0.6435163408027963,
  "sq_Epithelial_std": 0.021616117849839134,
  "mPQ_mean": 0.3183772092856559,
  "mPQ_std": 0.03539724398634372,
  "mDQ_mean": 0.41079318202212073,
  "mDQ_std": 0.0453666047975729,
  "mSQ_mean": 0.6768523552843418,
  "mSQ_std": 0.020568023341588828,
  "bPQ_mean": 0.9999999999923985,
  "bPQ_std": 2.9631001857078624e-13,
  "bDQ_mean": 0.9999999999961992,
  "bDQ_std": 1.481550716826204e-13,
  "bSQ_mean": 0.9999999999961992,
  "bSQ_std": 1.481550716826204e-13,
  "experiment_name": "cipsnet_pannuke_cv3_standard",
  "num_folds": 3,
  "num_epochs": 50,
  "loss_type": "BalancedCombinedLoss (Focal + Weighted Dice)"
}