{
  "dice_Neoplastic": 0.9580759731958204,
  "iou_Neoplastic": 0.9195257509652209,
  "f1_Neoplastic": 0.9580759681961709,
  "precision_Neoplastic": 0.9661659595421268,
  "recall_Neoplastic": 0.9501203414395157,
  "dice_Inflammatory": 0.5642989210125063,
  "iou_Inflammatory": 0.3930476401191184,
  "f1_Inflammatory": 0.5642989160965568,
  "precision_Inflammatory": 0.49953231608580406,
  "recall_Inflammatory": 0.6483619562052833,
  "dice_Connective_Soft_tissue": 0.36117939187526726,
  "iou_Connective_Soft_tissue": 0.22038982795594517,
  "f1_Connective_Soft_tissue": 0.3611793870064403,
  "precision_Connective_Soft_tissue": 0.31083334028174825,
  "recall_Connective_Soft_tissue": 0.43098685307400425,
  "dice_Dead": 0.40150822669102365,
  "iou_Dead": 0.2511794138670335,
  "f1_Dead": 0.401508221899858,
  "precision_Dead": 0.3333738112766237,
  "recall_Dead": 0.5046472352109346,
  "dice_Epithelial": 0.5963817921702981,
  "iou_Epithelial": 0.4248888970259468,
  "f1_Epithelial": 0.5963817872260734,
  "precision_Epithelial": 0.6668090698476236,
  "recall_Epithelial": 0.5394101761886833,
  "dice_macro": 0.5762888609889831,
  "iou_macro": 0.44180630598665294,
  "f1_macro": 0.5762888560850199,
  "precision_macro": 0.5553428994067853,
  "recall_macro": 0.6147053124236843,
  "accuracy": 0.91514929946588,
  "pq_Neoplastic": 0.9057613833727273,
  "dq_Neoplastic": 0.9753249199435852,
  "sq_Neoplastic": 0.9286765516307308,
  "pq_Inflammatory": 0.08283425073500195,
  "dq_Inflammatory": 0.13907030349489766,
  "sq_Inflammatory": 0.5956286040465932,
  "pq_Connective_Soft_tissue": 0.08258374385034745,
  "dq_Connective_Soft_tissue": 0.13821938022558672,
  "sq_Connective_Soft_tissue": 0.5974831005287623,
  "pq_Dead": 0.04185540463024266,
  "dq_Dead": 0.07692307691124262,
  "sq_Dead": 0.5441202602768653,
  "pq_Epithelial": 0.378957051407771,
  "dq_Epithelial": 0.5997581620169345,
  "sq_Epithelial": 0.6318497611326728,
  "mPQ": 0.29839836679921805,
  "mDQ": 0.3858591685184493,
  "mSQ": 0.6595516555231249,
  "bPQ": 0.99999999999247,
  "bDQ": 0.999999999996235,
  "bSQ": 0.999999999996235,
  "best_epoch": 41,
  "fold": 1
}