{
  "dice_Neoplastic_mean": 0.9630338469713265,
  "dice_Neoplastic_std": 0.003134367178492337,
  "iou_Neoplastic_mean": 0.9287149995006128,
  "iou_Neoplastic_std": 0.005825738848272967,
  "f1_Neoplastic_mean": 0.9630338419716598,
  "f1_Neoplastic_std": 0.003134367178260767,
  "precision_Neoplastic_mean": 0.9706387796085757,
  "precision_Neoplastic_std": 0.000812039779716314,
  "recall_Neoplastic_mean": 0.9555571216065387,
  "recall_Neoplastic_std": 0.005725860034255653,
  "dice_Inflammatory_mean": 0.6334327033018289,
  "dice_Inflammatory_std": 0.006434374202352037,
  "iou_Inflammatory_mean": 0.46354264326400724,
  "iou_Inflammatory_std": 0.006880315095426348,
  "f1_Inflammatory_mean": 0.6334326983110924,
  "f1_Inflammatory_std": 0.0064343741991211515,
  "precision_Inflammatory_mean": 0.6111545263607575,
  "precision_Inflammatory_std": 0.01896610961868155,
  "recall_Inflammatory_mean": 0.6580592573141144,
  "recall_Inflammatory_std": 0.017246451459314704,
  "dice_Connective_Soft_tissue_mean": 0.45667311821477646,
  "dice_Connective_Soft_tissue_std": 0.03376543166982181,
  "iou_Connective_Soft_tissue_mean": 0.2963156405658835,
  "iou_Connective_Soft_tissue_std": 0.02837930091222666,
  "f1_Connective_Soft_tissue_mean": 0.4566731134072907,
  "f1_Connective_Soft_tissue_std": 0.03376543161238661,
  "precision_Connective_Soft_tissue_mean": 0.3828579324294427,
  "precision_Connective_Soft_tissue_std": 0.037730012891253946,
  "recall_Connective_Soft_tissue_mean": 0.566594037525811,
  "recall_Connective_Soft_tissue_std": 0.02117377243385866,
  "dice_Dead_mean": 0.37956937347926406,
  "dice_Dead_std": 0.05090021533830552,
  "iou_Dead_mean": 0.23505188715945236,
  "iou_Dead_std": 0.03878528682339055,
  "f1_Dead_mean": 0.37956936850689055,
  "f1_Dead_std": 0.05090021531319205,
  "precision_Dead_mean": 0.3635518076254052,
  "precision_Dead_std": 0.07119426366736588,
  "recall_Dead_mean": 0.3994762394762938,
  "recall_Dead_std": 0.02966751868833774,
  "dice_Epithelial_mean": 0.6295910884426289,
  "dice_Epithelial_std": 0.014801095267693161,
  "iou_Epithelial_mean": 0.4595321631793527,
  "iou_Epithelial_std": 0.015798066609393695,
  "f1_Epithelial_mean": 0.6295910835203858,
  "f1_Epithelial_std": 0.014801095241011177,
  "precision_Epithelial_mean": 0.7179832631715198,
  "precision_Epithelial_std": 0.00865485429476544,
  "recall_Epithelial_mean": 0.5610121167605423,
  "recall_Epithelial_std": 0.02553806886926428,
  "dice_macro_mean": 0.612460026081965,
  "dice_macro_std": 0.006849459974263579,
  "iou_macro_mean": 0.47663146673386164,
  "iou_macro_std": 0.0051246786453693,
  "f1_macro_mean": 0.6124600211434638,
  "f1_macro_std": 0.006849459969609391,
  "precision_macro_mean": 0.6092372618391401,
  "precision_macro_std": 0.01642303489143638,
  "recall_macro_mean": 0.62813975453666,
  "recall_macro_std": 0.0034387412536344454,
  "accuracy_mean": 0.9255808838480611,
  "accuracy_std": 0.006161214808531878,
  "pq_Neoplastic_mean": 0.9167484985264518,
  "pq_Neoplastic_std": 0.010624634613267398,
  "dq_Neoplastic_mean": 0.9797986658319617,
  "dq_Neoplastic_std": 0.01315756059497025,
  "sq_Neoplastic_mean": 0.9356664482973603,
  "sq_Neoplastic_std": 0.0024150348991491305,
  "pq_Inflammatory_mean": 0.216960483157331,
  "pq_Inflammatory_std": 0.010049107377859384,
  "dq_Inflammatory_mean": 0.3320762447676209,
  "dq_Inflammatory_std": 0.014009463544058687,
  "sq_Inflammatory_mean": 0.6532717755865106,
  "sq_Inflammatory_std": 0.004231969593460867,
  "pq_Connective_Soft_tissue_mean": 0.1403990306215584,
  "pq_Connective_Soft_tissue_std": 0.019626040190713026,
  "dq_Connective_Soft_tissue_mean": 0.22745078666614094,
  "dq_Connective_Soft_tissue_std": 0.029404097802481124,
  "sq_Connective_Soft_tissue_mean": 0.6167037601480001,
  "sq_Connective_Soft_tissue_std": 0.007110681112384404,
  "pq_Dead_mean": 0.06005552621591303,
  "pq_Dead_std": 0.007042889016973217,
  "dq_Dead_mean": 0.09592441430178363,
  "dq_Dead_std": 0.010845419138509716,
  "sq_Dead_mean": 0.6260428319344571,
  "sq_Dead_std": 0.014799330859126249,
  "pq_Epithelial_mean": 0.4311371134593174,
  "pq_Epithelial_std": 0.005804746372793728,
  "dq_Epithelial_mean": 0.6516942136759147,
  "dq_Epithelial_std": 0.009821185599920628,
  "sq_Epithelial_mean": 0.6615875741905,
  "sq_Epithelial_std": 0.0053385582520018605,
  "mPQ_mean": 0.35306013039611434,
  "mPQ_std": 0.00654970173472535,
  "mDQ_mean": 0.45738886504868437,
  "mDQ_std": 0.008715801482721853,
  "mSQ_mean": 0.6986544780313656,
  "mSQ_std": 0.0010548408840181567,
  "bPQ_mean": 0.9999999999923985,
  "bPQ_std": 2.9631001857078624e-13,
  "bDQ_mean": 0.9999999999961992,
  "bDQ_std": 1.481550716826204e-13,
  "bSQ_mean": 0.9999999999961992,
  "bSQ_std": 1.481550716826204e-13,
  "experiment_name": "cipsnet_pannuke_cv3_balanced",
  "num_folds": 3,
  "num_epochs": 50,
  "loss_type": "BalancedCombinedLoss (Focal + Weighted Dice)"
}