image_id,fold,tissue_type,classes_present,instruction,original_index
pannuke_f1_0000,1,Breast,Neoplastic;Inflammatory;Connective_Soft_tissue,"Identify all neoplastic, inflammatory and connective soft tissue regions.",0
pannuke_f1_0001,1,Breast,Neoplastic;Inflammatory;Connective_Soft_tissue,"Segment neoplastic, inflammatory and connective soft tissue tissue morphology.",1
pannuke_f1_0002,1,Breast,Neoplastic;Connective_Soft_tissue,Identify neoplastic and connective soft tissue nuclear characteristics.,2
pannuke_f1_0003,1,Breast,Neoplastic,Segment neoplastic throughout the image.,3
pannuke_f1_0004,1,Breast,Neoplastic;Inflammatory;Connective_Soft_tissue,"Delineate visible neoplastic, inflammatory and connective soft tissue tissue.",4
pannuke_f1_0005,1,Breast,Neoplastic;Inflammatory;Connective_Soft_tissue,"Segment neoplastic, inflammatory and connective soft tissue being careful to capture all regions.",5
pannuke_f1_0006,1,Breast,Neoplastic;Inflammatory;Connective_Soft_tissue,"Spot neoplastic, inflammatory and connective soft tissue cells.",6
pannuke_f1_0007,1,Breast,Neoplastic;Connective_Soft_tissue,Define neoplastic and connective soft tissue extent.,7
pannuke_f1_0008,1,Breast,Neoplastic;Inflammatory;Connective_Soft_tissue,"Delineate visible neoplastic, inflammatory and connective soft tissue areas.",8
pannuke_f1_0009,1,Breast,Neoplastic;Inflammatory;Connective_Soft_tissue,"Detect the neoplastic, inflammatory and connective soft tissue areas.",9
pannuke_f1_0010,1,Breast,Neoplastic;Connective_Soft_tissue,Segment neoplastic and connective soft tissue histopathological features.,10
pannuke_f1_0011,1,Breast,Neoplastic;Connective_Soft_tissue,Study this Breast section and mark neoplastic and connective soft tissue.,11
pannuke_f1_0012,1,Breast,Neoplastic;Connective_Soft_tissue,Recognize visible neoplastic and connective soft tissue.,12
pannuke_f1_0013,1,Breast,Neoplastic;Connective_Soft_tissue,Identify the neoplastic and connective soft tissue structures.,13
pannuke_f1_0014,1,Breast,Neoplastic;Inflammatory;Connective_Soft_tissue,"Mark the neoplastic, inflammatory and connective soft tissue areas.",14
pannuke_f1_0015,1,Breast,Neoplastic;Connective_Soft_tissue,Indicate where neoplastic and connective soft tissue is present.,15
pannuke_f1_0016,1,Breast,Neoplastic;Inflammatory;Connective_Soft_tissue,"Segment neoplastic, inflammatory and connective soft tissue areas in this slide.",16
pannuke_f1_0017,1,Breast,Neoplastic;Inflammatory;Connective_Soft_tissue,"Segment neoplastic, inflammatory and connective soft tissue zones.",17
pannuke_f1_0018,1,Breast,Neoplastic;Inflammatory;Connective_Soft_tissue,"Assignment: segment neoplastic, inflammatory and connective soft tissue tissue.",18
pannuke_f1_0019,1,Breast,Neoplastic;Inflammatory;Connective_Soft_tissue,"Required: neoplastic, inflammatory and connective soft tissue segmentation.",19
pannuke_f1_0020,1,Breast,Neoplastic,Draw neoplastic boundaries.,20
pannuke_f1_0021,1,Breast,Neoplastic;Connective_Soft_tissue,Where are the neoplastic and connective soft tissue regions?,21
pannuke_f1_0022,1,Breast,Neoplastic,Detect visible neoplastic.,22
pannuke_f1_0023,1,Breast,Neoplastic;Connective_Soft_tissue,Show me the neoplastic and connective soft tissue areas.,23
pannuke_f1_0024,1,Breast,Neoplastic,Label visible neoplastic.,24
pannuke_f1_0025,1,Breast,Neoplastic;Connective_Soft_tissue,Mark neoplastic and connective soft tissue cellular infiltration.,25
pannuke_f1_0026,1,Breast,Neoplastic;Connective_Soft_tissue,Mark foci of neoplastic and connective soft tissue activity.,26
pannuke_f1_0027,1,Breast,Neoplastic;Connective_Soft_tissue,Highlight visible neoplastic and connective soft tissue structures.,27
pannuke_f1_0028,1,Breast,Neoplastic;Connective_Soft_tissue,Delineate neoplastic and connective soft tissue in Breast pathology.,28
pannuke_f1_0029,1,Breast,Neoplastic;Connective_Soft_tissue,"Observing this sample, delineate neoplastic and connective soft tissue.",29
pannuke_f1_0030,1,Breast,Neoplastic,Segment tissue showing neoplastic.,30
pannuke_f1_0031,1,Breast,Inflammatory;Connective_Soft_tissue,Spot the inflammatory and connective soft tissue regions.,31
pannuke_f1_0032,1,Breast,Neoplastic;Inflammatory;Connective_Soft_tissue,"Identify neoplastic, inflammatory and connective soft tissue chromatin patterns.",32
pannuke_f1_0033,1,Breast,Neoplastic;Connective_Soft_tissue,"Within Breast architecture, locate neoplastic and connective soft tissue.",33
pannuke_f1_0034,1,Breast,Neoplastic;Inflammatory;Connective_Soft_tissue,"Mark present neoplastic, inflammatory and connective soft tissue tissue.",34
pannuke_f1_0035,1,Breast,Neoplastic;Inflammatory;Connective_Soft_tissue,"Identify neoplastic, inflammatory and connective soft tissue cellular morphology.",35
pannuke_f1_0036,1,Breast,Neoplastic;Connective_Soft_tissue,Target neoplastic and connective soft tissue regions.,36
pannuke_f1_0037,1,Breast,Neoplastic;Inflammatory;Connective_Soft_tissue,"Segment the neoplastic, inflammatory and connective soft tissue portions.",37
pannuke_f1_0038,1,Breast,Inflammatory;Connective_Soft_tissue,"In Breast histology, delineate inflammatory and connective soft tissue.",38
pannuke_f1_0039,1,Breast,Neoplastic;Connective_Soft_tissue,neoplastic and connective soft tissue is visible. Segment the regions.,39
pannuke_f1_0040,1,Breast,Neoplastic;Inflammatory;Connective_Soft_tissue,"Segment neoplastic, inflammatory and connective soft tissue areas in this slide.",40
pannuke_f1_0041,1,Breast,Inflammatory;Connective_Soft_tissue,Circle the inflammatory and connective soft tissue regions.,41
pannuke_f1_0042,1,Breast,Neoplastic;Connective_Soft_tissue,"In the Breast specimen, label neoplastic and connective soft tissue.",42
pannuke_f1_0043,1,Breast,Neoplastic;Connective_Soft_tissue,"In this Breast tissue, segment neoplastic and connective soft tissue.",43
pannuke_f1_0044,1,Breast,Neoplastic;Connective_Soft_tissue,Highlight the neoplastic and connective soft tissue regions.,44
pannuke_f1_0045,1,Breast,Inflammatory;Connective_Soft_tissue;Epithelial,"Identify all inflammatory, connective soft tissue and epithelial tissue.",45
pannuke_f1_0046,1,Breast,Inflammatory;Connective_Soft_tissue;Epithelial,"Mark visible inflammatory, connective soft tissue and epithelial regions.",46
pannuke_f1_0047,1,Breast,Inflammatory;Connective_Soft_tissue;Epithelial,"This section has inflammatory, connective soft tissue and epithelial. Locate and mark.",47
pannuke_f1_0048,1,Breast,Inflammatory;Connective_Soft_tissue;Epithelial,"Circle inflammatory, connective soft tissue and epithelial cells.",48
pannuke_f1_0049,1,Breast,Connective_Soft_tissue;Epithelial,Delineate visible connective soft tissue and epithelial tissue.,49
pannuke_f1_0050,1,Breast,Connective_Soft_tissue;Epithelial,Identify connective soft tissue and epithelial spatial arrangement.,50
pannuke_f1_0051,1,Breast,Neoplastic;Connective_Soft_tissue,Please locate neoplastic and connective soft tissue.,51
pannuke_f1_0052,1,Breast,Neoplastic;Connective_Soft_tissue,Partition neoplastic and connective soft tissue regions.,52
pannuke_f1_0053,1,Breast,Neoplastic,"Shown this histology, mark neoplastic.",53
pannuke_f1_0054,1,Breast,Neoplastic;Inflammatory;Connective_Soft_tissue,"The tissue shows neoplastic, inflammatory and connective soft tissue. Mark the areas.",54
pannuke_f1_0055,1,Breast,Neoplastic;Connective_Soft_tissue,Where are neoplastic and connective soft tissue cells visible?,55
pannuke_f1_0056,1,Breast,Neoplastic;Connective_Soft_tissue,"Looking at this tissue section, identify neoplastic and connective soft tissue.",56
pannuke_f1_0057,1,Breast,Inflammatory;Connective_Soft_tissue,Delineate the inflammatory and connective soft tissue tissue.,57
pannuke_f1_0058,1,Breast,Connective_Soft_tissue;Epithelial,Pinpoint the connective soft tissue and epithelial tissue.,58
pannuke_f1_0059,1,Breast,Inflammatory;Connective_Soft_tissue;Epithelial,"inflammatory, connective soft tissue and epithelial can be seen. Identify and segment.",59
pannuke_f1_0060,1,Breast,Connective_Soft_tissue;Epithelial,Develop a precise map of connective soft tissue and epithelial distribution.,60
pannuke_f1_0061,1,Breast,Epithelial,Segment epithelial in the Breast section.,61
pannuke_f1_0062,1,Breast,Inflammatory;Connective_Soft_tissue;Epithelial,"Identify only inflammatory, connective soft tissue and epithelial cells.",62
pannuke_f1_0063,1,Breast,Connective_Soft_tissue;Epithelial,Please show connective soft tissue and epithelial regions.,63
pannuke_f1_0064,1,Breast,Epithelial,Develop a precise map of epithelial distribution.,64
pannuke_f1_0065,1,Breast,Connective_Soft_tissue;Epithelial,Highlight present connective soft tissue and epithelial areas.,65
pannuke_f1_0066,1,Breast,Connective_Soft_tissue;Epithelial,Generate mask for connective soft tissue and epithelial.,66
pannuke_f1_0067,1,Breast,Inflammatory;Connective_Soft_tissue;Epithelial,"Review this Breast slide and identify inflammatory, connective soft tissue and epithelial.",67
pannuke_f1_0068,1,Breast,Connective_Soft_tissue;Epithelial,Examine this Breast tissue for connective soft tissue and epithelial.,68
pannuke_f1_0069,1,Breast,Inflammatory;Connective_Soft_tissue;Epithelial,"Where is the inflammatory, connective soft tissue and epithelial in this image?",69
pannuke_f1_0070,1,Breast,Connective_Soft_tissue;Epithelial,Carefully segment all connective soft tissue and epithelial regions visible in this histopathology image.,70
pannuke_f1_0071,1,Breast,Inflammatory;Connective_Soft_tissue;Epithelial,"Segment the inflammatory, connective soft tissue and epithelial nuclei.",71
pannuke_f1_0072,1,Breast,Connective_Soft_tissue;Epithelial,Identify visible connective soft tissue and epithelial areas.,72
pannuke_f1_0073,1,Breast,Neoplastic;Connective_Soft_tissue,Mark neoplastic and connective soft tissue cytoplasmic features.,73
pannuke_f1_0074,1,Breast,Neoplastic;Connective_Soft_tissue,Accurately identify and mark all neoplastic and connective soft tissue areas present in the slide.,74
pannuke_f1_0075,1,Breast,Neoplastic;Connective_Soft_tissue,Note neoplastic and connective soft tissue presence in Breast tissue.,75
pannuke_f1_0076,1,Breast,Neoplastic;Inflammatory;Connective_Soft_tissue,"Segment any neoplastic, inflammatory and connective soft tissue present.",76
pannuke_f1_0077,1,Breast,Inflammatory;Connective_Soft_tissue,Segment the inflammatory and connective soft tissue in this tissue sample.,77
pannuke_f1_0078,1,Breast,Neoplastic;Connective_Soft_tissue,Segment microscopic neoplastic and connective soft tissue features.,78
pannuke_f1_0079,1,Breast,Inflammatory;Connective_Soft_tissue,"For Breast pathology, outline inflammatory and connective soft tissue.",79
pannuke_f1_0080,1,Breast,Inflammatory;Connective_Soft_tissue,Label the inflammatory and connective soft tissue regions.,80
pannuke_f1_0081,1,Breast,Neoplastic;Connective_Soft_tissue,Identify neoplastic and connective soft tissue including all visible instances.,81
pannuke_f1_0082,1,Breast,Neoplastic;Connective_Soft_tissue,Mark neoplastic and connective soft tissue in this Breast specimen.,82
pannuke_f1_0083,1,Breast,Connective_Soft_tissue;Epithelial,Review this Breast slide and identify connective soft tissue and epithelial.,83
pannuke_f1_0084,1,Breast,Connective_Soft_tissue;Epithelial,Segment connective soft tissue and epithelial for pathological assessment.,84
pannuke_f1_0085,1,Breast,Connective_Soft_tissue;Epithelial,Identify present connective soft tissue and epithelial regions.,85
pannuke_f1_0086,1,Breast,Inflammatory;Epithelial,Map all inflammatory and epithelial areas.,86
pannuke_f1_0087,1,Breast,Connective_Soft_tissue;Epithelial,Identify areas of connective soft tissue and epithelial concentration.,87
pannuke_f1_0088,1,Breast,Connective_Soft_tissue;Epithelial,Point out the connective soft tissue and epithelial regions.,88
pannuke_f1_0089,1,Breast,Connective_Soft_tissue;Epithelial,"From the Breast tissue, extract connective soft tissue and epithelial regions.",89
pannuke_f1_0090,1,Breast,Epithelial,Segment epithelial areas in this slide.,90
pannuke_f1_0091,1,Breast,Connective_Soft_tissue;Epithelial,"From this Breast slide, segment connective soft tissue and epithelial.",91
pannuke_f1_0092,1,Breast,Connective_Soft_tissue;Epithelial,Mark connective soft tissue and epithelial in this Breast specimen.,92
pannuke_f1_0093,1,Breast,Neoplastic;Inflammatory;Connective_Soft_tissue,"Mark visible neoplastic, inflammatory and connective soft tissue tissue.",93
pannuke_f1_0094,1,Breast,Neoplastic;Connective_Soft_tissue,"Within Breast tissue, annotate neoplastic and connective soft tissue.",94
pannuke_f1_0095,1,Breast,Neoplastic;Inflammatory,Mark visible neoplastic and inflammatory structures.,95
pannuke_f1_0096,1,Breast,Neoplastic;Connective_Soft_tissue,Delineate neoplastic and connective soft tissue morphological features.,96
pannuke_f1_0097,1,Breast,Neoplastic;Inflammatory;Connective_Soft_tissue,"Please segment neoplastic, inflammatory and connective soft tissue tissue.",97
pannuke_f1_0098,1,Breast,Neoplastic;Inflammatory;Connective_Soft_tissue,"Indicate the neoplastic, inflammatory and connective soft tissue tissue.",98
pannuke_f1_0099,1,Breast,Neoplastic;Inflammatory;Connective_Soft_tissue,"Provide a complete segmentation of neoplastic, inflammatory and connective soft tissue regions.",99
pannuke_f1_0100,1,Breast,Neoplastic;Connective_Soft_tissue,Locate visible neoplastic and connective soft tissue.,100
pannuke_f1_0101,1,Breast,Neoplastic;Inflammatory;Connective_Soft_tissue,"Isolate neoplastic, inflammatory and connective soft tissue cells.",101
pannuke_f1_0102,1,Breast,Neoplastic;Connective_Soft_tissue,Mark present neoplastic and connective soft tissue tissue.,102
pannuke_f1_0103,1,Breast,Connective_Soft_tissue;Epithelial,"In the Breast specimen, label connective soft tissue and epithelial.",103
pannuke_f1_0104,1,Breast,Connective_Soft_tissue;Epithelial,Please segment connective soft tissue and epithelial.,104
pannuke_f1_0105,1,Breast,Connective_Soft_tissue;Epithelial,Mark connective soft tissue and epithelial cells in this Breast sample.,105
pannuke_f1_0106,1,Breast,Connective_Soft_tissue;Epithelial,Segment present connective soft tissue and epithelial tissue.,106
pannuke_f1_0107,1,Breast,Inflammatory;Connective_Soft_tissue;Epithelial,"Presented with this tissue, identify inflammatory, connective soft tissue and epithelial.",107
pannuke_f1_0108,1,Breast,Connective_Soft_tissue;Epithelial,Highlight visible connective soft tissue and epithelial cells.,108
pannuke_f1_0109,1,Breast,Connective_Soft_tissue;Epithelial,Extract connective soft tissue and epithelial cell boundaries.,109
pannuke_f1_0110,1,Breast,Connective_Soft_tissue;Epithelial,Outline connective soft tissue and epithelial cells.,110
pannuke_f1_0111,1,Breast,Connective_Soft_tissue;Epithelial,Produce segmentation of connective soft tissue and epithelial.,111
pannuke_f1_0112,1,Breast,Neoplastic;Connective_Soft_tissue,Segment neoplastic and connective soft tissue phenotypic features.,112
pannuke_f1_0113,1,Breast,Neoplastic;Connective_Soft_tissue,Accurately identify and mark all neoplastic and connective soft tissue areas present in the slide.,113
pannuke_f1_0114,1,Breast,Neoplastic;Connective_Soft_tissue,Scan for neoplastic and connective soft tissue cells.,114
pannuke_f1_0115,1,Breast,Neoplastic;Connective_Soft_tissue,Annotate all neoplastic and connective soft tissue areas.,115
pannuke_f1_0116,1,Breast,Neoplastic;Inflammatory,Identify neoplastic and inflammatory for diagnostic purposes.,116
pannuke_f1_0117,1,Breast,Inflammatory;Connective_Soft_tissue,This section has inflammatory and connective soft tissue. Locate and mark.,117
pannuke_f1_0118,1,Breast,Inflammatory;Connective_Soft_tissue,Delineate present inflammatory and connective soft tissue tissue.,118
pannuke_f1_0119,1,Breast,Neoplastic;Inflammatory;Connective_Soft_tissue,"Highlight visible neoplastic, inflammatory and connective soft tissue structures.",119
pannuke_f1_0120,1,Breast,Neoplastic;Inflammatory;Connective_Soft_tissue,"Highlight visible neoplastic, inflammatory and connective soft tissue cells.",120
pannuke_f1_0121,1,Breast,Neoplastic;Inflammatory;Connective_Soft_tissue,"Segment all neoplastic, inflammatory and connective soft tissue structures.",121
pannuke_f1_0122,1,Breast,Neoplastic;Inflammatory;Connective_Soft_tissue,"Record neoplastic, inflammatory and connective soft tissue regions in Breast.",122
pannuke_f1_0123,1,Breast,Inflammatory;Connective_Soft_tissue;Epithelial,"Mark present inflammatory, connective soft tissue and epithelial tissue.",123
pannuke_f1_0124,1,Breast,Connective_Soft_tissue;Epithelial,Mark all connective soft tissue and epithelial cells.,124
pannuke_f1_0125,1,Breast,Inflammatory;Connective_Soft_tissue;Epithelial,"Pinpoint visible inflammatory, connective soft tissue and epithelial.",125
pannuke_f1_0126,1,Breast,Inflammatory;Connective_Soft_tissue;Epithelial,"Within Breast architecture, locate inflammatory, connective soft tissue and epithelial.",126
pannuke_f1_0127,1,Breast,Connective_Soft_tissue;Epithelial,Mark connective soft tissue and epithelial in this Breast specimen.,127
pannuke_f1_0128,1,Breast,Inflammatory;Connective_Soft_tissue;Epithelial,"Find the inflammatory, connective soft tissue and epithelial regions.",128
pannuke_f1_0129,1,Breast,Inflammatory;Connective_Soft_tissue;Epithelial,"Identify inflammatory, connective soft tissue and epithelial regions in the Breast.",129
pannuke_f1_0130,1,Breast,Inflammatory;Connective_Soft_tissue;Epithelial,"In Breast histology, delineate inflammatory, connective soft tissue and epithelial.",130
pannuke_f1_0131,1,Breast,Inflammatory;Connective_Soft_tissue;Epithelial,"Delineate inflammatory, connective soft tissue and epithelial areas.",131
pannuke_f1_0132,1,Breast,Connective_Soft_tissue;Epithelial,Highlight present connective soft tissue and epithelial tissue.,132
pannuke_f1_0133,1,Breast,Inflammatory;Connective_Soft_tissue;Epithelial,"Discern all inflammatory, connective soft tissue and epithelial areas.",133
pannuke_f1_0134,1,Breast,Connective_Soft_tissue;Epithelial,Segment the connective soft tissue and epithelial infiltration.,134
pannuke_f1_0135,1,Breast,Inflammatory;Connective_Soft_tissue;Epithelial,"Locate inflammatory, connective soft tissue and epithelial in this slide.",135
pannuke_f1_0136,1,Breast,Inflammatory;Connective_Soft_tissue;Epithelial,"Identify inflammatory, connective soft tissue and epithelial for diagnostic purposes.",136
pannuke_f1_0137,1,Breast,Inflammatory;Connective_Soft_tissue;Epithelial,"Mark inflammatory, connective soft tissue and epithelial adjacent to epithelium.",137
pannuke_f1_0138,1,Breast,Connective_Soft_tissue;Epithelial,Discern visible connective soft tissue and epithelial.,138
pannuke_f1_0139,1,Breast,Connective_Soft_tissue;Epithelial,Locate and segment connective soft tissue and epithelial.,139
pannuke_f1_0140,1,Breast,Inflammatory;Connective_Soft_tissue,Segment boundaries of inflammatory and connective soft tissue.,140
pannuke_f1_0141,1,Breast,Neoplastic;Connective_Soft_tissue,Segment the neoplastic and connective soft tissue histological features.,141
pannuke_f1_0142,1,Breast,Neoplastic;Connective_Soft_tissue,Highlight neoplastic and connective soft tissue cellular characteristics.,142
pannuke_f1_0143,1,Breast,Neoplastic;Inflammatory;Connective_Soft_tissue,"Identify all neoplastic, inflammatory and connective soft tissue cells.",143
pannuke_f1_0144,1,Breast,Neoplastic;Inflammatory;Connective_Soft_tissue,"Identify neoplastic, inflammatory and connective soft tissue spatial arrangement.",144
pannuke_f1_0145,1,Breast,Neoplastic;Connective_Soft_tissue,Delineate present neoplastic and connective soft tissue structures.,145
pannuke_f1_0146,1,Breast,Neoplastic;Inflammatory;Connective_Soft_tissue,"Segment neoplastic, inflammatory and connective soft tissue for quantitative analysis.",146
pannuke_f1_0147,1,Breast,Neoplastic;Connective_Soft_tissue,Note neoplastic and connective soft tissue presence in Breast tissue.,147
pannuke_f1_0148,1,Breast,Connective_Soft_tissue;Epithelial,"Throughout the Breast tissue, mark connective soft tissue and epithelial.",148
pannuke_f1_0149,1,Breast,Epithelial,Mark epithelial cellular infiltration.,149
pannuke_f1_0150,1,Breast,Connective_Soft_tissue;Epithelial,Segment present connective soft tissue and epithelial structures.,150
pannuke_f1_0151,1,Breast,Inflammatory;Connective_Soft_tissue;Epithelial,"In the Breast microstructure, find inflammatory, connective soft tissue and epithelial.",151
pannuke_f1_0152,1,Breast,Inflammatory;Epithelial,Emphasize inflammatory and epithelial presence.,152
pannuke_f1_0153,1,Breast,Neoplastic;Inflammatory,Delineate visible neoplastic and inflammatory regions.,153
pannuke_f1_0154,1,Breast,Neoplastic;Inflammatory;Connective_Soft_tissue,"Extract all neoplastic, inflammatory and connective soft tissue areas.",154
pannuke_f1_0155,1,Breast,Neoplastic;Inflammatory;Connective_Soft_tissue,"Given this Breast sample, mark neoplastic, inflammatory and connective soft tissue regions.",155
pannuke_f1_0156,1,Breast,Neoplastic;Inflammatory;Connective_Soft_tissue,"Highlight visible neoplastic, inflammatory and connective soft tissue tissue.",156
pannuke_f1_0157,1,Breast,Neoplastic;Inflammatory;Connective_Soft_tissue,"Segment neoplastic, inflammatory and connective soft tissue in relation to stroma.",157
pannuke_f1_0158,1,Breast,Inflammatory;Connective_Soft_tissue,Pay attention to inflammatory and connective soft tissue areas.,158
pannuke_f1_0159,1,Breast,Inflammatory;Connective_Soft_tissue;Epithelial,"For this Breast biopsy, segment inflammatory, connective soft tissue and epithelial areas.",159
pannuke_f1_0160,1,Breast,Inflammatory;Connective_Soft_tissue;Epithelial,"Segment the inflammatory, connective soft tissue and epithelial spread.",160
pannuke_f1_0161,1,Breast,Inflammatory;Connective_Soft_tissue;Epithelial,"Target inflammatory, connective soft tissue and epithelial in this image.",161
pannuke_f1_0162,1,Breast,Inflammatory;Connective_Soft_tissue;Epithelial,"Mark present inflammatory, connective soft tissue and epithelial regions.",162
pannuke_f1_0163,1,Breast,Inflammatory;Connective_Soft_tissue;Epithelial,"Segment all inflammatory, connective soft tissue and epithelial cells.",163
pannuke_f1_0164,1,Breast,Inflammatory;Connective_Soft_tissue;Epithelial,"Mark all inflammatory, connective soft tissue and epithelial tissue.",164
pannuke_f1_0165,1,Breast,Inflammatory;Connective_Soft_tissue;Epithelial,"Inspect this Breast sample for inflammatory, connective soft tissue and epithelial.",165
pannuke_f1_0166,1,Breast,Connective_Soft_tissue;Epithelial,"Examining this slide, mark all connective soft tissue and epithelial regions.",166
pannuke_f1_0167,1,Breast,Inflammatory;Connective_Soft_tissue;Epithelial,"Label inflammatory, connective soft tissue and epithelial cells.",167
pannuke_f1_0168,1,Breast,Inflammatory;Connective_Soft_tissue;Epithelial,"Segment margins of inflammatory, connective soft tissue and epithelial.",168
pannuke_f1_0169,1,Breast,Inflammatory;Connective_Soft_tissue;Epithelial,"Recognize the inflammatory, connective soft tissue and epithelial tissue.",169
pannuke_f1_0170,1,Breast,Inflammatory;Connective_Soft_tissue;Epithelial,"Please show inflammatory, connective soft tissue and epithelial regions.",170
pannuke_f1_0171,1,Breast,Connective_Soft_tissue;Epithelial,"For this Breast sample, mark connective soft tissue and epithelial.",171
pannuke_f1_0172,1,Breast,Neoplastic;Inflammatory;Connective_Soft_tissue,"Identify all neoplastic, inflammatory and connective soft tissue cells.",172
pannuke_f1_0173,1,Breast,Neoplastic;Inflammatory;Connective_Soft_tissue,"Discern neoplastic, inflammatory and connective soft tissue cells.",173
pannuke_f1_0174,1,Breast,Inflammatory;Connective_Soft_tissue;Epithelial,"Analyze this Breast and segment inflammatory, connective soft tissue and epithelial.",174
pannuke_f1_0175,1,Breast,Connective_Soft_tissue;Epithelial,Consider only connective soft tissue and epithelial areas.,175
pannuke_f1_0176,1,Breast,Connective_Soft_tissue;Epithelial,Segmentation target: connective soft tissue and epithelial.,176
pannuke_f1_0177,1,Breast,Inflammatory;Connective_Soft_tissue;Epithelial,"inflammatory, connective soft tissue and epithelial is visible. Segment the regions.",177
pannuke_f1_0178,1,Breast,Inflammatory;Connective_Soft_tissue;Dead;Epithelial,"Recognize inflammatory, connective soft tissue, dead and epithelial cells.",178
pannuke_f1_0179,1,Breast,Inflammatory;Connective_Soft_tissue;Epithelial,"Segment inflammatory, connective soft tissue and epithelial diagnostic regions.",179
pannuke_f1_0180,1,Breast,Neoplastic;Inflammatory;Connective_Soft_tissue,"Identify visible neoplastic, inflammatory and connective soft tissue structures.",180
pannuke_f1_0181,1,Breast,Neoplastic;Connective_Soft_tissue,Segment neoplastic and connective soft tissue to enable cell counting.,181
pannuke_f1_0182,1,Breast,Neoplastic;Connective_Soft_tissue,Mark visible neoplastic and connective soft tissue.,182
pannuke_f1_0183,1,Breast,Connective_Soft_tissue,Assignment: segment connective soft tissue tissue.,183
pannuke_f1_0184,1,Breast,Inflammatory;Connective_Soft_tissue;Epithelial,"Segment inflammatory, connective soft tissue and epithelial diagnostic regions.",184
pannuke_f1_0185,1,Breast,Inflammatory;Connective_Soft_tissue;Epithelial,"Mark inflammatory, connective soft tissue and epithelial lesion areas.",185
pannuke_f1_0186,1,Breast,Connective_Soft_tissue;Epithelial,The objective is to mark connective soft tissue and epithelial.,186
pannuke_f1_0187,1,Breast,Connective_Soft_tissue;Epithelial,Highlight connective soft tissue and epithelial in this Breast slide.,187
pannuke_f1_0188,1,Breast,Inflammatory;Connective_Soft_tissue;Epithelial,"Segment inflammatory, connective soft tissue and epithelial for feature extraction.",188
pannuke_f1_0189,1,Breast,Inflammatory;Connective_Soft_tissue;Epithelial,"Recognize the inflammatory, connective soft tissue and epithelial tissue.",189
pannuke_f1_0190,1,Breast,Inflammatory;Connective_Soft_tissue;Epithelial,"Locate and segment inflammatory, connective soft tissue and epithelial.",190
pannuke_f1_0191,1,Breast,Inflammatory;Connective_Soft_tissue;Epithelial,"Mark foci of inflammatory, connective soft tissue and epithelial activity.",191
pannuke_f1_0192,1,Breast,Epithelial,Identify epithelial components.,192
pannuke_f1_0193,1,Breast,Epithelial,"Examining this slide, mark all epithelial regions.",193
pannuke_f1_0194,1,Breast,Neoplastic;Connective_Soft_tissue,Discern the neoplastic and connective soft tissue regions.,194
pannuke_f1_0195,1,Breast,Neoplastic;Connective_Soft_tissue,"Given this Breast sample, mark neoplastic and connective soft tissue regions.",195
pannuke_f1_0196,1,Breast,Neoplastic;Connective_Soft_tissue,"Examining this slide, mark all neoplastic and connective soft tissue regions.",196
pannuke_f1_0197,1,Breast,Neoplastic;Connective_Soft_tissue,Point out all neoplastic and connective soft tissue.,197
pannuke_f1_0198,1,Breast,Neoplastic;Inflammatory;Connective_Soft_tissue;Epithelial,"Where is the neoplastic, inflammatory, connective soft tissue and epithelial in this image?",198
pannuke_f1_0199,1,Breast,Neoplastic;Connective_Soft_tissue,Recognize neoplastic and connective soft tissue in Breast pathology.,199
pannuke_f1_0200,1,Breast,Inflammatory;Connective_Soft_tissue;Epithelial,"Determine inflammatory, connective soft tissue and epithelial presence.",200
pannuke_f1_0201,1,Breast,Connective_Soft_tissue;Epithelial,Highlight visible connective soft tissue and epithelial tissue.,201
pannuke_f1_0202,1,Breast,Inflammatory;Connective_Soft_tissue;Epithelial,"Detect all inflammatory, connective soft tissue and epithelial cells.",202
pannuke_f1_0203,1,Breast,Inflammatory;Connective_Soft_tissue,What regions contain inflammatory and connective soft tissue?,203
pannuke_f1_0204,1,Breast,Inflammatory;Connective_Soft_tissue;Epithelial,"Detect the inflammatory, connective soft tissue and epithelial regions.",204
pannuke_f1_0205,1,Breast,Connective_Soft_tissue;Epithelial,Mark connective soft tissue and epithelial tissue architecture.,205
pannuke_f1_0206,1,Breast,Inflammatory;Connective_Soft_tissue;Epithelial,"Segment all inflammatory, connective soft tissue and epithelial areas.",206
pannuke_f1_0207,1,Breast,Connective_Soft_tissue;Epithelial,Indicate where connective soft tissue and epithelial is present.,207
pannuke_f1_0208,1,Breast,Inflammatory;Connective_Soft_tissue;Epithelial,"Segment any inflammatory, connective soft tissue and epithelial present.",208
pannuke_f1_0209,1,Breast,Inflammatory;Connective_Soft_tissue;Epithelial,"Segment each inflammatory, connective soft tissue and epithelial region.",209
pannuke_f1_0210,1,Breast,Inflammatory;Connective_Soft_tissue;Epithelial,"Segment intratumoral inflammatory, connective soft tissue and epithelial.",210
pannuke_f1_0211,1,Breast,Inflammatory;Connective_Soft_tissue;Epithelial,"Note inflammatory, connective soft tissue and epithelial presence in Breast tissue.",211
pannuke_f1_0212,1,Breast,Connective_Soft_tissue;Epithelial,Point out visible connective soft tissue and epithelial.,212
pannuke_f1_0213,1,Breast,Inflammatory;Connective_Soft_tissue;Epithelial,"Delineate inflammatory, connective soft tissue and epithelial for pattern recognition.",213
pannuke_f1_0214,1,Breast,Inflammatory;Connective_Soft_tissue;Epithelial,"Which regions show inflammatory, connective soft tissue and epithelial?",214
pannuke_f1_0215,1,Breast,Inflammatory;Connective_Soft_tissue;Epithelial,"Provide mask for inflammatory, connective soft tissue and epithelial.",215
pannuke_f1_0216,1,Breast,Connective_Soft_tissue;Epithelial,Chart connective soft tissue and epithelial distribution.,216
pannuke_f1_0217,1,Breast,Connective_Soft_tissue;Epithelial,Inspect this Breast sample for connective soft tissue and epithelial.,217
pannuke_f1_0218,1,Breast,Inflammatory;Connective_Soft_tissue;Epithelial,"Detect inflammatory, connective soft tissue and epithelial in this slide.",218
pannuke_f1_0219,1,Breast,Inflammatory;Connective_Soft_tissue;Epithelial,"Indicate the inflammatory, connective soft tissue and epithelial tissue.",219
pannuke_f1_0220,1,Breast,Epithelial,Identify present epithelial structures.,220
pannuke_f1_0221,1,Breast,Connective_Soft_tissue;Epithelial,Analyze connective soft tissue and epithelial presence.,221
pannuke_f1_0222,1,Breast,Connective_Soft_tissue;Epithelial,Point out the connective soft tissue and epithelial regions.,222
pannuke_f1_0223,1,Breast,Connective_Soft_tissue;Epithelial,Segment the connective soft tissue and epithelial sections.,223
pannuke_f1_0224,1,Breast,Inflammatory;Connective_Soft_tissue;Epithelial,"Mark inflammatory, connective soft tissue and epithelial cells in this Breast sample.",224
pannuke_f1_0225,1,Breast,Inflammatory;Connective_Soft_tissue;Epithelial,"This section has inflammatory, connective soft tissue and epithelial. Locate and mark.",225
pannuke_f1_0226,1,Breast,Connective_Soft_tissue;Epithelial,Segment all connective soft tissue and epithelial cells.,226
pannuke_f1_0227,1,Breast,Inflammatory;Connective_Soft_tissue;Epithelial,"Point out inflammatory, connective soft tissue and epithelial cells.",227
pannuke_f1_0228,1,Breast,Inflammatory;Connective_Soft_tissue;Epithelial,"Highlight visible inflammatory, connective soft tissue and epithelial regions.",228
pannuke_f1_0229,1,Breast,Inflammatory;Connective_Soft_tissue;Epithelial,"Show me the inflammatory, connective soft tissue and epithelial regions.",229
pannuke_f1_0230,1,Breast,Inflammatory;Connective_Soft_tissue;Epithelial,"Highlight all inflammatory, connective soft tissue and epithelial areas.",230
pannuke_f1_0231,1,Breast,Inflammatory;Connective_Soft_tissue;Epithelial,"Segment all inflammatory, connective soft tissue and epithelial tissue.",231
pannuke_f1_0232,1,Breast,Inflammatory;Connective_Soft_tissue;Epithelial,"Pinpoint the inflammatory, connective soft tissue and epithelial regions.",232
pannuke_f1_0233,1,Breast,Epithelial,Identify epithelial regions in the Breast.,233
pannuke_f1_0234,1,Breast,Neoplastic;Connective_Soft_tissue,Identify all neoplastic and connective soft tissue cells.,234
pannuke_f1_0235,1,Breast,Neoplastic;Connective_Soft_tissue,Segment neoplastic and connective soft tissue membrane patterns.,235
pannuke_f1_0236,1,Breast,Connective_Soft_tissue,Target connective soft tissue in this image.,236
pannuke_f1_0237,1,Breast,Neoplastic;Connective_Soft_tissue,Segment neoplastic and connective soft tissue diagnostic regions.,237
pannuke_f1_0238,1,Breast,Neoplastic;Inflammatory;Connective_Soft_tissue,"Please mark neoplastic, inflammatory and connective soft tissue areas.",238
pannuke_f1_0239,1,Breast,Connective_Soft_tissue,Where is the connective soft tissue in this image?,239
pannuke_f1_0240,1,Breast,Inflammatory;Connective_Soft_tissue;Epithelial,"Delineate visible inflammatory, connective soft tissue and epithelial cells.",240
pannuke_f1_0241,1,Breast,Inflammatory;Connective_Soft_tissue;Epithelial,"Segment the inflammatory, connective soft tissue and epithelial regions in the image.",241
pannuke_f1_0242,1,Breast,Inflammatory;Connective_Soft_tissue;Epithelial,"Mark present inflammatory, connective soft tissue and epithelial areas.",242
pannuke_f1_0243,1,Breast,Inflammatory;Connective_Soft_tissue;Epithelial,"Delineate the inflammatory, connective soft tissue and epithelial regions.",243
pannuke_f1_0244,1,Breast,Inflammatory;Connective_Soft_tissue,Extract inflammatory and connective soft tissue regions from this image.,244
pannuke_f1_0245,1,Breast,Inflammatory;Connective_Soft_tissue;Epithelial,"Segment sites of inflammatory, connective soft tissue and epithelial.",245
pannuke_f1_0246,1,Breast,Inflammatory;Connective_Soft_tissue;Epithelial,"Segment present inflammatory, connective soft tissue and epithelial cells.",246
pannuke_f1_0247,1,Breast,Inflammatory;Connective_Soft_tissue;Epithelial,"Circle the inflammatory, connective soft tissue and epithelial structures.",247
pannuke_f1_0248,1,Breast,Inflammatory;Connective_Soft_tissue;Epithelial,"Segment visible inflammatory, connective soft tissue and epithelial cells.",248
pannuke_f1_0249,1,Breast,Connective_Soft_tissue;Epithelial,Segment all visible connective soft tissue and epithelial.,249
pannuke_f1_0250,1,Breast,Inflammatory;Connective_Soft_tissue;Epithelial,"In this Breast histology, identify inflammatory, connective soft tissue and epithelial cells.",250
pannuke_f1_0251,1,Breast,Inflammatory;Connective_Soft_tissue;Epithelial,"Identify inflammatory, connective soft tissue and epithelial regions in the Breast.",251
pannuke_f1_0252,1,Breast,Inflammatory;Connective_Soft_tissue;Epithelial,"Annotate the inflammatory, connective soft tissue and epithelial regions.",252
pannuke_f1_0253,1,Breast,Inflammatory;Connective_Soft_tissue;Epithelial,"Highlight visible inflammatory, connective soft tissue and epithelial regions.",253
pannuke_f1_0254,1,Breast,Inflammatory;Connective_Soft_tissue;Epithelial,"Delineate visible inflammatory, connective soft tissue and epithelial structures.",254
pannuke_f1_0255,1,Breast,Inflammatory;Connective_Soft_tissue;Epithelial,"Identify inflammatory, connective soft tissue and epithelial in this pathology slide.",255
pannuke_f1_0256,1,Breast,Inflammatory;Connective_Soft_tissue,Mark the pathological inflammatory and connective soft tissue regions.,256
pannuke_f1_0257,1,Breast,Connective_Soft_tissue,Highlight present connective soft tissue regions.,257
pannuke_f1_0258,1,Breast,Connective_Soft_tissue;Epithelial,Delineate the connective soft tissue and epithelial tissue.,258
pannuke_f1_0259,1,Breast,Inflammatory;Connective_Soft_tissue;Epithelial,"Determine inflammatory, connective soft tissue and epithelial distribution.",259
pannuke_f1_0260,1,Breast,Connective_Soft_tissue;Epithelial,Segment connective soft tissue and epithelial in the tissue matrix.,260
pannuke_f1_0261,1,Breast,Neoplastic;Inflammatory,Which cells are neoplastic and inflammatory?,261
pannuke_f1_0262,1,Breast,Neoplastic,Identify neoplastic components.,262
pannuke_f1_0263,1,Breast,Neoplastic;Connective_Soft_tissue,Focus on neoplastic and connective soft tissue in this image.,263
pannuke_f1_0264,1,Breast,Neoplastic;Connective_Soft_tissue,Segment sites of neoplastic and connective soft tissue.,264
pannuke_f1_0265,1,Breast,Neoplastic;Connective_Soft_tissue,Identify present neoplastic and connective soft tissue areas.,265
pannuke_f1_0266,1,Breast,Neoplastic,Which parts have neoplastic?,266
pannuke_f1_0267,1,Breast,Neoplastic,Produce neoplastic mask.,267
pannuke_f1_0268,1,Breast,Neoplastic,Chart neoplastic distribution.,268
pannuke_f1_0269,1,Breast,Neoplastic;Inflammatory;Connective_Soft_tissue,"Identify the neoplastic, inflammatory and connective soft tissue microenvironment.",269
pannuke_f1_0270,1,Breast,Neoplastic;Inflammatory;Connective_Soft_tissue,"Spot neoplastic, inflammatory and connective soft tissue cells.",270
pannuke_f1_0271,1,Breast,Inflammatory;Connective_Soft_tissue,Identify all inflammatory and connective soft tissue cells.,271
pannuke_f1_0272,1,Breast,Neoplastic;Inflammatory;Connective_Soft_tissue,"Locate all neoplastic, inflammatory and connective soft tissue cells.",272
pannuke_f1_0273,1,Breast,Neoplastic;Connective_Soft_tissue,Highlight all neoplastic and connective soft tissue regions.,273
pannuke_f1_0274,1,Breast,Neoplastic;Connective_Soft_tissue,Segment neoplastic and connective soft tissue areas in Breast tissue.,274
pannuke_f1_0275,1,Breast,Neoplastic;Inflammatory;Connective_Soft_tissue,"The tissue shows neoplastic, inflammatory and connective soft tissue. Mark the areas.",275
pannuke_f1_0276,1,Breast,Neoplastic,"Analyzing this sample, segment neoplastic areas.",276
pannuke_f1_0277,1,Breast,Neoplastic,neoplastic is present in this slide. Segment it.,277
pannuke_f1_0278,1,Breast,Neoplastic;Connective_Soft_tissue,Find all neoplastic and connective soft tissue cells.,278
pannuke_f1_0279,1,Breast,Inflammatory;Connective_Soft_tissue;Epithelial,"Where is the inflammatory, connective soft tissue and epithelial in this image?",279
pannuke_f1_0280,1,Breast,Inflammatory;Connective_Soft_tissue;Epithelial,"Record inflammatory, connective soft tissue and epithelial regions in Breast.",280
pannuke_f1_0281,1,Breast,Inflammatory;Connective_Soft_tissue;Epithelial,"Segment inflammatory, connective soft tissue and epithelial diagnostic regions.",281
pannuke_f1_0282,1,Breast,Inflammatory;Connective_Soft_tissue;Epithelial,"Find inflammatory, connective soft tissue and epithelial in this Breast sample.",282
pannuke_f1_0283,1,Breast,Neoplastic;Connective_Soft_tissue,Segment neoplastic and connective soft tissue in this Breast tissue.,283
pannuke_f1_0284,1,Breast,Neoplastic;Inflammatory;Connective_Soft_tissue,"Map all neoplastic, inflammatory and connective soft tissue areas.",284
pannuke_f1_0285,1,Breast,Neoplastic;Inflammatory;Connective_Soft_tissue,"Identify neoplastic, inflammatory and connective soft tissue in this image.",285
pannuke_f1_0286,1,Breast,Neoplastic;Inflammatory;Connective_Soft_tissue,"In Breast histology, delineate neoplastic, inflammatory and connective soft tissue.",286
pannuke_f1_0287,1,Breast,Neoplastic;Inflammatory;Connective_Soft_tissue,"Identify present neoplastic, inflammatory and connective soft tissue cells.",287
pannuke_f1_0288,1,Breast,Inflammatory;Connective_Soft_tissue,Segment inflammatory and connective soft tissue zones.,288
pannuke_f1_0289,1,Breast,Inflammatory;Connective_Soft_tissue,Annotate inflammatory and connective soft tissue cells.,289
pannuke_f1_0290,1,Breast,Neoplastic;Inflammatory;Connective_Soft_tissue,"Examining this slide, mark all neoplastic, inflammatory and connective soft tissue regions.",290
pannuke_f1_0291,1,Breast,Inflammatory;Connective_Soft_tissue,Distinguish inflammatory and connective soft tissue from other tissue.,291
pannuke_f1_0292,1,Breast,Neoplastic;Inflammatory;Connective_Soft_tissue,"Distinguish the neoplastic, inflammatory and connective soft tissue regions.",292
pannuke_f1_0293,1,Breast,Inflammatory;Connective_Soft_tissue,Segment the inflammatory and connective soft tissue in this tissue sample.,293
pannuke_f1_0294,1,Breast,Inflammatory;Connective_Soft_tissue,Delineate inflammatory and connective soft tissue pathology in this section.,294
pannuke_f1_0295,1,Breast,Inflammatory;Connective_Soft_tissue,"For this Breast biopsy, segment inflammatory and connective soft tissue areas.",295
pannuke_f1_0296,1,Breast,Neoplastic;Inflammatory;Connective_Soft_tissue,"Delineate neoplastic, inflammatory and connective soft tissue pathology in this section.",296
pannuke_f1_0297,1,Breast,Inflammatory;Connective_Soft_tissue,Identify inflammatory and connective soft tissue tissue regions.,297
pannuke_f1_0298,1,Breast,Neoplastic;Inflammatory;Connective_Soft_tissue,"Identify neoplastic, inflammatory and connective soft tissue in the tissue microenvironment.",298
pannuke_f1_0299,1,Breast,Neoplastic;Inflammatory;Connective_Soft_tissue,"Create mask for neoplastic, inflammatory and connective soft tissue.",299
pannuke_f1_0300,1,Breast,Neoplastic;Inflammatory;Connective_Soft_tissue,"Delineate neoplastic, inflammatory and connective soft tissue in Breast pathology.",300
pannuke_f1_0301,1,Breast,Neoplastic;Inflammatory;Connective_Soft_tissue,"Isolate neoplastic, inflammatory and connective soft tissue cells.",301
pannuke_f1_0302,1,Breast,Neoplastic;Inflammatory;Connective_Soft_tissue,"Mark the neoplastic, inflammatory and connective soft tissue areas.",302
pannuke_f1_0303,1,Breast,Neoplastic;Connective_Soft_tissue,Segment neoplastic and connective soft tissue in the Breast section.,303
pannuke_f1_0304,1,Breast,Inflammatory;Connective_Soft_tissue,Segment inflammatory and connective soft tissue membrane patterns.,304
pannuke_f1_0305,1,Breast,Inflammatory;Connective_Soft_tissue,"Reviewing this image, delineate inflammatory and connective soft tissue boundaries.",305
pannuke_f1_0306,1,Breast,Neoplastic;Connective_Soft_tissue,Plot neoplastic and connective soft tissue locations.,306
pannuke_f1_0307,1,Breast,Neoplastic;Connective_Soft_tissue,Divide neoplastic and connective soft tissue from surroundings.,307
pannuke_f1_0308,1,Breast,Neoplastic;Connective_Soft_tissue,Output neoplastic and connective soft tissue mask.,308
pannuke_f1_0309,1,Breast,Neoplastic;Connective_Soft_tissue,Highlight the neoplastic and connective soft tissue tissue.,309
pannuke_f1_0310,1,Breast,Neoplastic;Inflammatory;Connective_Soft_tissue,"Mark neoplastic, inflammatory and connective soft tissue lesion areas.",310
pannuke_f1_0311,1,Breast,Inflammatory;Connective_Soft_tissue;Epithelial,"Examine this Breast tissue for inflammatory, connective soft tissue and epithelial.",311
pannuke_f1_0312,1,Breast,Inflammatory;Connective_Soft_tissue;Epithelial,"Trace inflammatory, connective soft tissue and epithelial boundaries.",312
pannuke_f1_0313,1,Breast,Inflammatory;Connective_Soft_tissue;Epithelial,"Output inflammatory, connective soft tissue and epithelial mask.",313
pannuke_f1_0314,1,Breast,Connective_Soft_tissue;Epithelial,"Presented with this tissue, identify connective soft tissue and epithelial.",314
pannuke_f1_0315,1,Breast,Inflammatory;Connective_Soft_tissue;Epithelial,"Mark visible inflammatory, connective soft tissue and epithelial regions.",315
pannuke_f1_0316,1,Breast,Connective_Soft_tissue;Epithelial,Mark cellular connective soft tissue and epithelial regions.,316
pannuke_f1_0317,1,Breast,Connective_Soft_tissue;Epithelial,Segment zones of connective soft tissue and epithelial.,317
pannuke_f1_0318,1,Breast,Inflammatory;Connective_Soft_tissue;Epithelial,"Mark inflammatory, connective soft tissue and epithelial in this slide.",318
pannuke_f1_0319,1,Breast,Inflammatory;Connective_Soft_tissue;Epithelial,"Which cells are inflammatory, connective soft tissue and epithelial?",319
pannuke_f1_0320,1,Breast,Inflammatory;Epithelial,Show me inflammatory and epithelial cells.,320
pannuke_f1_0321,1,Breast,Inflammatory;Connective_Soft_tissue;Epithelial,"Segment regions with inflammatory, connective soft tissue and epithelial.",321
pannuke_f1_0322,1,Breast,Neoplastic,Annotate neoplastic histological patterns.,322
pannuke_f1_0323,1,Breast,Neoplastic;Inflammatory;Connective_Soft_tissue,"Please segment neoplastic, inflammatory and connective soft tissue tissue.",323
pannuke_f1_0324,1,Breast,Neoplastic;Inflammatory;Connective_Soft_tissue,"Mark neoplastic, inflammatory and connective soft tissue in this biopsy sample.",324
pannuke_f1_0325,1,Breast,Neoplastic;Inflammatory;Connective_Soft_tissue,"Mark present neoplastic, inflammatory and connective soft tissue areas.",325
pannuke_f1_0326,1,Breast,Neoplastic;Inflammatory;Connective_Soft_tissue,"Mark stromal neoplastic, inflammatory and connective soft tissue regions.",326
pannuke_f1_0327,1,Breast,Neoplastic;Inflammatory;Connective_Soft_tissue,"Spot visible neoplastic, inflammatory and connective soft tissue.",327
pannuke_f1_0328,1,Breast,Neoplastic,Delineate neoplastic pathology in this section.,328
pannuke_f1_0329,1,Breast,Neoplastic,Recognize the neoplastic regions.,329
pannuke_f1_0330,1,Breast,Neoplastic,Your task: segment neoplastic in this image.,330
pannuke_f1_0331,1,Breast,Neoplastic;Inflammatory;Connective_Soft_tissue,"Segment visible neoplastic, inflammatory and connective soft tissue tissue.",331
pannuke_f1_0332,1,Breast,Neoplastic;Inflammatory;Connective_Soft_tissue,"Delineate visible neoplastic, inflammatory and connective soft tissue areas.",332
pannuke_f1_0333,1,Breast,Neoplastic;Connective_Soft_tissue,Isolate neoplastic and connective soft tissue from background.,333
pannuke_f1_0334,1,Breast,Neoplastic;Inflammatory;Connective_Soft_tissue,"Delineate all neoplastic, inflammatory and connective soft tissue.",334
pannuke_f1_0335,1,Breast,Inflammatory;Connective_Soft_tissue,Mark inflammatory and connective soft tissue in this biopsy sample.,335
pannuke_f1_0336,1,Breast,Neoplastic;Inflammatory;Connective_Soft_tissue,"Find neoplastic, inflammatory and connective soft tissue in this image.",336
pannuke_f1_0337,1,Breast,Neoplastic;Connective_Soft_tissue,Highlight visible neoplastic and connective soft tissue structures.,337
pannuke_f1_0338,1,Breast,Neoplastic,Identify neoplastic in the tissue microenvironment.,338
pannuke_f1_0339,1,Breast,Neoplastic;Connective_Soft_tissue,Identify and mark neoplastic and connective soft tissue.,339
pannuke_f1_0340,1,Breast,Neoplastic,Which parts have neoplastic?,340
pannuke_f1_0341,1,Breast,Neoplastic,Segment neoplastic in this histology image.,341
pannuke_f1_0342,1,Breast,Inflammatory;Connective_Soft_tissue,Segment present inflammatory and connective soft tissue tissue.,342
pannuke_f1_0343,1,Breast,Inflammatory;Connective_Soft_tissue,Search for inflammatory and connective soft tissue regions.,343
pannuke_f1_0344,1,Breast,Inflammatory;Connective_Soft_tissue,Recognize visible inflammatory and connective soft tissue.,344
pannuke_f1_0345,1,Breast,Inflammatory;Connective_Soft_tissue,Assess inflammatory and connective soft tissue regions.,345
pannuke_f1_0346,1,Breast,Neoplastic;Connective_Soft_tissue,Delineate neoplastic and connective soft tissue with accurate boundary detection.,346
pannuke_f1_0347,1,Breast,Neoplastic;Inflammatory;Connective_Soft_tissue,"Identify the neoplastic, inflammatory and connective soft tissue regions.",347
pannuke_f1_0348,1,Breast,Neoplastic;Inflammatory;Connective_Soft_tissue,"Point out the neoplastic, inflammatory and connective soft tissue areas.",348
pannuke_f1_0349,1,Breast,Neoplastic;Connective_Soft_tissue,Identify and mark neoplastic and connective soft tissue.,349
pannuke_f1_0350,1,Breast,Neoplastic,Segment each neoplastic region.,350
pannuke_f1_0351,1,Breast,Neoplastic,Segment present neoplastic areas.,351
pannuke_f1_0352,1,Breast,Neoplastic,Chart neoplastic presence.,352
pannuke_f1_0353,1,Breast,Neoplastic,Outline neoplastic in the Breast image.,353
pannuke_f1_0354,1,Breast,Neoplastic,Draw around neoplastic.,354
pannuke_f1_0355,1,Breast,Neoplastic,Find neoplastic in this Breast sample.,355
pannuke_f1_0356,1,Breast,Neoplastic;Inflammatory;Connective_Soft_tissue,"This image contains neoplastic, inflammatory and connective soft tissue. Segment it.",356
pannuke_f1_0357,1,Breast,Neoplastic;Connective_Soft_tissue,Isolate neoplastic and connective soft tissue from background.,357
pannuke_f1_0358,1,Breast,Neoplastic;Connective_Soft_tissue,Segment neoplastic and connective soft tissue cellular composition.,358
pannuke_f1_0359,1,Breast,Neoplastic;Connective_Soft_tissue,Extract all neoplastic and connective soft tissue areas.,359
pannuke_f1_0360,1,Breast,Neoplastic;Inflammatory;Connective_Soft_tissue,"Scan for neoplastic, inflammatory and connective soft tissue cells.",360
pannuke_f1_0361,1,Breast,Neoplastic,Segment neoplastic in this microscopy image.,361
pannuke_f1_0362,1,Breast,Neoplastic;Inflammatory;Connective_Soft_tissue,"Identify neoplastic, inflammatory and connective soft tissue including all visible instances.",362
pannuke_f1_0363,1,Breast,Neoplastic;Connective_Soft_tissue,Segment neoplastic and connective soft tissue in this histology image.,363
pannuke_f1_0364,1,Breast,Neoplastic;Connective_Soft_tissue,Determine neoplastic and connective soft tissue presence.,364
pannuke_f1_0365,1,Breast,Neoplastic;Connective_Soft_tissue,You should identify neoplastic and connective soft tissue.,365
pannuke_f1_0366,1,Breast,Neoplastic;Connective_Soft_tissue,Draw neoplastic and connective soft tissue outlines.,366
pannuke_f1_0367,1,Breast,Neoplastic;Connective_Soft_tissue,Discern the neoplastic and connective soft tissue regions.,367
pannuke_f1_0368,1,Breast,Neoplastic;Connective_Soft_tissue,Segment the neoplastic and connective soft tissue distribution.,368
pannuke_f1_0369,1,Breast,Neoplastic;Connective_Soft_tissue,Point out neoplastic and connective soft tissue cells.,369
pannuke_f1_0370,1,Breast,Neoplastic;Connective_Soft_tissue,Circle visible neoplastic and connective soft tissue.,370
pannuke_f1_0371,1,Breast,Neoplastic,Determine neoplastic distribution.,371
pannuke_f1_0372,1,Breast,Neoplastic;Connective_Soft_tissue,Find visible neoplastic and connective soft tissue.,372
pannuke_f1_0373,1,Breast,Neoplastic,Segment visible neoplastic regions.,373
pannuke_f1_0374,1,Breast,Neoplastic,Annotate visible neoplastic.,374
pannuke_f1_0375,1,Breast,Neoplastic;Connective_Soft_tissue,Segment all visible neoplastic and connective soft tissue.,375
pannuke_f1_0376,1,Breast,Neoplastic;Inflammatory;Connective_Soft_tissue,"Find and segment neoplastic, inflammatory and connective soft tissue regions.",376
pannuke_f1_0377,1,Breast,Neoplastic;Connective_Soft_tissue,Mark neoplastic and connective soft tissue cellular infiltration.,377
pannuke_f1_0378,1,Breast,Neoplastic,Segment extent of neoplastic.,378
pannuke_f1_0379,1,Breast,Neoplastic;Connective_Soft_tissue,Which parts have neoplastic and connective soft tissue?,379
pannuke_f1_0380,1,Breast,Neoplastic;Connective_Soft_tissue,Segment the neoplastic and connective soft tissue in this tissue sample.,380
pannuke_f1_0381,1,Breast,Neoplastic;Connective_Soft_tissue,Segment neoplastic and connective soft tissue for feature extraction.,381
pannuke_f1_0382,1,Breast,Neoplastic,Segment neoplastic areas in this slide.,382
pannuke_f1_0383,1,Breast,Neoplastic;Inflammatory;Connective_Soft_tissue,"Identify neoplastic, inflammatory and connective soft tissue for spatial analysis.",383
pannuke_f1_0384,1,Breast,Neoplastic;Inflammatory;Connective_Soft_tissue,"Distinguish all neoplastic, inflammatory and connective soft tissue areas.",384
pannuke_f1_0385,1,Breast,Neoplastic;Inflammatory;Connective_Soft_tissue,"Segment neoplastic, inflammatory and connective soft tissue for pathological assessment.",385
pannuke_f1_0386,1,Breast,Neoplastic;Inflammatory;Connective_Soft_tissue,"Generate neoplastic, inflammatory and connective soft tissue segmentation.",386
pannuke_f1_0387,1,Breast,Neoplastic;Inflammatory;Connective_Soft_tissue,"Highlight present neoplastic, inflammatory and connective soft tissue areas.",387
pannuke_f1_0388,1,Breast,Neoplastic;Inflammatory,Delineate neoplastic and inflammatory for pattern recognition.,388
pannuke_f1_0389,1,Breast,Neoplastic;Inflammatory;Connective_Soft_tissue,"Map the neoplastic, inflammatory and connective soft tissue regions.",389
pannuke_f1_0390,1,Breast,Neoplastic;Inflammatory,Identify present neoplastic and inflammatory cells.,390
pannuke_f1_0391,1,Breast,Neoplastic;Inflammatory;Connective_Soft_tissue,"Highlight all neoplastic, inflammatory and connective soft tissue structures.",391
pannuke_f1_0392,1,Breast,Neoplastic;Inflammatory,Identify neoplastic and inflammatory in this image.,392
pannuke_f1_0393,1,Breast,Neoplastic;Inflammatory;Connective_Soft_tissue,"Outline the neoplastic, inflammatory and connective soft tissue regions.",393
pannuke_f1_0394,1,Breast,Neoplastic;Inflammatory;Connective_Soft_tissue,"Annotate the neoplastic, inflammatory and connective soft tissue regions.",394
pannuke_f1_0395,1,Breast,Inflammatory;Connective_Soft_tissue,Highlight the inflammatory and connective soft tissue tissue.,395
pannuke_f1_0396,1,Breast,Inflammatory;Connective_Soft_tissue,Delineate inflammatory and connective soft tissue for pattern recognition.,396
pannuke_f1_0397,1,Breast,Inflammatory;Connective_Soft_tissue,Trace inflammatory and connective soft tissue boundaries.,397
pannuke_f1_0398,1,Breast,Neoplastic;Inflammatory;Connective_Soft_tissue,"Accurately identify and mark all neoplastic, inflammatory and connective soft tissue areas present in the slide.",398
pannuke_f1_0399,1,Breast,Neoplastic;Inflammatory;Connective_Soft_tissue,"From this Breast slide, segment neoplastic, inflammatory and connective soft tissue.",399
pannuke_f1_0400,1,Breast,Neoplastic;Inflammatory;Connective_Soft_tissue,"Mark the neoplastic, inflammatory and connective soft tissue areas.",400
pannuke_f1_0401,1,Breast,Neoplastic;Inflammatory;Connective_Soft_tissue,"Observing this sample, delineate neoplastic, inflammatory and connective soft tissue.",401
pannuke_f1_0402,1,Breast,Neoplastic;Inflammatory;Connective_Soft_tissue,"Circle neoplastic, inflammatory and connective soft tissue cells.",402
pannuke_f1_0403,1,Breast,Inflammatory;Connective_Soft_tissue,Consider only inflammatory and connective soft tissue areas.,403
pannuke_f1_0404,1,Breast,Neoplastic,Please highlight neoplastic.,404
pannuke_f1_0405,1,Breast,Neoplastic;Connective_Soft_tissue,Segment each neoplastic and connective soft tissue region.,405
pannuke_f1_0406,1,Breast,Neoplastic;Inflammatory;Connective_Soft_tissue,"Segment intratumoral neoplastic, inflammatory and connective soft tissue.",406
pannuke_f1_0407,1,Breast,Neoplastic;Inflammatory;Connective_Soft_tissue,"Point out neoplastic, inflammatory and connective soft tissue cells.",407
pannuke_f1_0408,1,Breast,Neoplastic;Inflammatory;Connective_Soft_tissue,"Mark visible neoplastic, inflammatory and connective soft tissue.",408
pannuke_f1_0409,1,Breast,Neoplastic;Connective_Soft_tissue,neoplastic and connective soft tissue is evident. Highlight the areas.,409
pannuke_f1_0410,1,Breast,Neoplastic;Inflammatory;Connective_Soft_tissue,"Create an accurate segmentation of neoplastic, inflammatory and connective soft tissue areas.",410
pannuke_f1_0411,1,Breast,Neoplastic;Connective_Soft_tissue,Segment the neoplastic and connective soft tissue tissue regions.,411
pannuke_f1_0412,1,Breast,Inflammatory;Connective_Soft_tissue,Mark all inflammatory and connective soft tissue cells.,412
pannuke_f1_0413,1,Breast,Neoplastic;Inflammatory;Connective_Soft_tissue,"Map neoplastic, inflammatory and connective soft tissue distribution.",413
pannuke_f1_0414,1,Breast,Neoplastic;Connective_Soft_tissue,Circle all neoplastic and connective soft tissue areas.,414
pannuke_f1_0415,1,Breast,Neoplastic;Connective_Soft_tissue,Delineate visible neoplastic and connective soft tissue cells.,415
pannuke_f1_0416,1,Breast,Neoplastic;Inflammatory;Connective_Soft_tissue,"Circle visible neoplastic, inflammatory and connective soft tissue.",416
pannuke_f1_0417,1,Breast,Neoplastic;Inflammatory;Connective_Soft_tissue,"Thoroughly segment every instance of neoplastic, inflammatory and connective soft tissue in this microscopy image.",417
pannuke_f1_0418,1,Breast,Connective_Soft_tissue,Identify the connective soft tissue regions.,418
pannuke_f1_0419,1,Breast,Neoplastic;Inflammatory;Connective_Soft_tissue;Epithelial,"Within Breast tissue, annotate neoplastic, inflammatory, connective soft tissue and epithelial.",419
pannuke_f1_0420,1,Breast,Neoplastic;Inflammatory;Connective_Soft_tissue,"Delineate visible neoplastic, inflammatory and connective soft tissue regions.",420
pannuke_f1_0421,1,Breast,Neoplastic;Connective_Soft_tissue,"Across the Breast section, segment neoplastic and connective soft tissue.",421
pannuke_f1_0422,1,Breast,Neoplastic;Connective_Soft_tissue,Point out the neoplastic and connective soft tissue regions.,422
pannuke_f1_0423,1,Breast,Neoplastic;Connective_Soft_tissue,Examine this Breast tissue for neoplastic and connective soft tissue.,423
pannuke_f1_0424,1,Breast,Neoplastic,Observe neoplastic distribution in Breast.,424
pannuke_f1_0425,1,Breast,Neoplastic;Inflammatory,Segment present neoplastic and inflammatory cells.,425
pannuke_f1_0426,1,Breast,Neoplastic;Connective_Soft_tissue,Identify the neoplastic and connective soft tissue areas.,426
pannuke_f1_0427,1,Breast,Neoplastic;Inflammatory;Connective_Soft_tissue,"Segment neoplastic, inflammatory and connective soft tissue zones.",427
pannuke_f1_0428,1,Breast,Neoplastic;Inflammatory;Connective_Soft_tissue,"Discern all neoplastic, inflammatory and connective soft tissue areas.",428
pannuke_f1_0429,1,Breast,Neoplastic;Connective_Soft_tissue,Emphasize neoplastic and connective soft tissue presence.,429
pannuke_f1_0430,1,Breast,Neoplastic;Inflammatory;Connective_Soft_tissue,"Focus solely on neoplastic, inflammatory and connective soft tissue.",430
pannuke_f1_0431,1,Breast,Neoplastic;Inflammatory;Connective_Soft_tissue,"Segment neoplastic, inflammatory and connective soft tissue cellular composition.",431
pannuke_f1_0432,1,Breast,Neoplastic;Connective_Soft_tissue,Identify neoplastic and connective soft tissue for spatial analysis.,432
pannuke_f1_0433,1,Breast,Neoplastic,This Breast slide shows neoplastic. Segment it.,433
pannuke_f1_0434,1,Breast,Neoplastic,Segment sites of neoplastic.,434
pannuke_f1_0435,1,Breast,Neoplastic,Evaluate neoplastic areas.,435
pannuke_f1_0436,1,Breast,Neoplastic;Connective_Soft_tissue,Mark visible neoplastic and connective soft tissue.,436
pannuke_f1_0437,1,Breast,Neoplastic;Connective_Soft_tissue,Delineate neoplastic and connective soft tissue in Breast pathology.,437
pannuke_f1_0438,1,Breast,Neoplastic;Connective_Soft_tissue,Delineate all neoplastic and connective soft tissue structures.,438
pannuke_f1_0439,1,Breast,Neoplastic;Connective_Soft_tissue,Identify present neoplastic and connective soft tissue cells.,439
pannuke_f1_0440,1,Breast,Neoplastic;Connective_Soft_tissue,Show me neoplastic and connective soft tissue cells.,440
pannuke_f1_0441,1,Breast,Inflammatory;Connective_Soft_tissue,Delineate inflammatory and connective soft tissue pathology in this section.,441
pannuke_f1_0442,1,Breast,Neoplastic;Inflammatory;Connective_Soft_tissue,"Outline neoplastic, inflammatory and connective soft tissue architectural patterns.",442
pannuke_f1_0443,1,Breast,Neoplastic;Inflammatory;Connective_Soft_tissue,"Within Breast tissue, annotate neoplastic, inflammatory and connective soft tissue.",443
pannuke_f1_0444,1,Breast,Neoplastic;Connective_Soft_tissue,Segment sites of neoplastic and connective soft tissue.,444
pannuke_f1_0445,1,Breast,Connective_Soft_tissue,Outline connective soft tissue areas.,445
pannuke_f1_0446,1,Breast,Neoplastic;Inflammatory;Connective_Soft_tissue,"Identify all neoplastic, inflammatory and connective soft tissue cells.",446
pannuke_f1_0447,1,Breast,Neoplastic;Inflammatory;Connective_Soft_tissue,"Identify and mark neoplastic, inflammatory and connective soft tissue.",447
pannuke_f1_0448,1,Breast,Neoplastic;Inflammatory;Connective_Soft_tissue,"Segment regions with neoplastic, inflammatory and connective soft tissue.",448
pannuke_f1_0449,1,Breast,Neoplastic;Inflammatory;Connective_Soft_tissue,"Segment neoplastic, inflammatory and connective soft tissue tissue morphology.",449
pannuke_f1_0450,1,Breast,Neoplastic;Inflammatory;Connective_Soft_tissue,"Locate the neoplastic, inflammatory and connective soft tissue areas.",450
pannuke_f1_0451,1,Breast,Neoplastic;Inflammatory;Connective_Soft_tissue,"Mark neoplastic, inflammatory and connective soft tissue cellular infiltration.",451
pannuke_f1_0452,1,Breast,Neoplastic;Inflammatory;Connective_Soft_tissue,"Identify neoplastic, inflammatory and connective soft tissue nuclear characteristics.",452
pannuke_f1_0453,1,Breast,Neoplastic;Inflammatory;Connective_Soft_tissue,"Highlight present neoplastic, inflammatory and connective soft tissue regions.",453
pannuke_f1_0454,1,Breast,Neoplastic;Inflammatory;Connective_Soft_tissue,"Develop a precise map of neoplastic, inflammatory and connective soft tissue distribution.",454
pannuke_f1_0455,1,Breast,Neoplastic;Inflammatory;Connective_Soft_tissue,"Identify present neoplastic, inflammatory and connective soft tissue areas.",455
pannuke_f1_0456,1,Breast,Inflammatory;Connective_Soft_tissue,"Given this pathology slide, segment inflammatory and connective soft tissue.",456
pannuke_f1_0457,1,Breast,Neoplastic;Inflammatory;Connective_Soft_tissue,"Mark cellular neoplastic, inflammatory and connective soft tissue regions.",457
pannuke_f1_0458,1,Breast,Neoplastic;Inflammatory;Connective_Soft_tissue,"Find neoplastic, inflammatory and connective soft tissue in this image.",458
pannuke_f1_0459,1,Breast,Neoplastic;Inflammatory,"For Breast pathology, outline neoplastic and inflammatory.",459
pannuke_f1_0460,1,Breast,Neoplastic;Inflammatory;Connective_Soft_tissue,"Segment present neoplastic, inflammatory and connective soft tissue structures.",460
pannuke_f1_0461,1,Breast,Neoplastic;Inflammatory;Connective_Soft_tissue,"Draw neoplastic, inflammatory and connective soft tissue outlines.",461
pannuke_f1_0462,1,Breast,Inflammatory;Connective_Soft_tissue,Find the inflammatory and connective soft tissue areas.,462
pannuke_f1_0463,1,Breast,Neoplastic;Inflammatory;Connective_Soft_tissue,"Identify neoplastic, inflammatory and connective soft tissue for diagnostic purposes.",463
pannuke_f1_0464,1,Breast,Neoplastic;Inflammatory;Connective_Soft_tissue,"Delineate all neoplastic, inflammatory and connective soft tissue tissue.",464
pannuke_f1_0465,1,Breast,Connective_Soft_tissue,Concentrate on connective soft tissue regions.,465
pannuke_f1_0466,1,Breast,Neoplastic;Inflammatory;Connective_Soft_tissue,"Mark all neoplastic, inflammatory and connective soft tissue areas.",466
pannuke_f1_0467,1,Breast,Neoplastic;Inflammatory;Connective_Soft_tissue,"Annotate the neoplastic, inflammatory and connective soft tissue tissue.",467
pannuke_f1_0468,1,Breast,Connective_Soft_tissue,Create an accurate segmentation of connective soft tissue areas.,468
pannuke_f1_0469,1,Breast,Neoplastic;Connective_Soft_tissue,Required: neoplastic and connective soft tissue segmentation.,469
pannuke_f1_0470,1,Breast,Neoplastic;Inflammatory;Connective_Soft_tissue,"Identify neoplastic, inflammatory and connective soft tissue for spatial analysis.",470
pannuke_f1_0471,1,Breast,Neoplastic;Inflammatory;Connective_Soft_tissue,"Spot the neoplastic, inflammatory and connective soft tissue regions.",471
pannuke_f1_0472,1,Breast,Inflammatory;Connective_Soft_tissue,Segment visible inflammatory and connective soft tissue areas.,472
pannuke_f1_0473,1,Breast,Neoplastic;Inflammatory;Connective_Soft_tissue,"Distinguish visible neoplastic, inflammatory and connective soft tissue.",473
pannuke_f1_0474,1,Breast,Connective_Soft_tissue,"Looking at this tissue section, identify connective soft tissue.",474
pannuke_f1_0475,1,Breast,Neoplastic;Inflammatory;Connective_Soft_tissue,"From the Breast tissue, extract neoplastic, inflammatory and connective soft tissue regions.",475
pannuke_f1_0476,1,Breast,Neoplastic;Inflammatory;Connective_Soft_tissue,"Mark all neoplastic, inflammatory and connective soft tissue structures.",476
pannuke_f1_0477,1,Breast,Neoplastic;Inflammatory;Connective_Soft_tissue,"Highlight visible neoplastic, inflammatory and connective soft tissue tissue.",477
pannuke_f1_0478,1,Breast,Neoplastic;Inflammatory;Connective_Soft_tissue,"You need to segment neoplastic, inflammatory and connective soft tissue.",478
pannuke_f1_0479,1,Breast,Neoplastic;Inflammatory;Connective_Soft_tissue,"neoplastic, inflammatory and connective soft tissue is present in this slide. Segment it.",479
pannuke_f1_0480,1,Breast,Neoplastic;Inflammatory;Connective_Soft_tissue,"Segment visible neoplastic, inflammatory and connective soft tissue tissue.",480
pannuke_f1_0481,1,Breast,Neoplastic;Inflammatory;Connective_Soft_tissue,"Which parts have neoplastic, inflammatory and connective soft tissue?",481
pannuke_f1_0482,1,Breast,Inflammatory;Connective_Soft_tissue,Segment intratumoral inflammatory and connective soft tissue.,482
pannuke_f1_0483,1,Breast,Neoplastic;Inflammatory;Connective_Soft_tissue,"Segment margins of neoplastic, inflammatory and connective soft tissue.",483
pannuke_f1_0484,1,Breast,Neoplastic;Inflammatory;Connective_Soft_tissue,"Indicate the neoplastic, inflammatory and connective soft tissue regions.",484
pannuke_f1_0485,1,Breast,Neoplastic;Inflammatory;Connective_Soft_tissue,"Mark all neoplastic, inflammatory and connective soft tissue cells.",485
pannuke_f1_0486,1,Breast,Neoplastic;Inflammatory;Connective_Soft_tissue,"Which cells are neoplastic, inflammatory and connective soft tissue?",486
pannuke_f1_0487,1,Breast,Neoplastic;Inflammatory;Connective_Soft_tissue,"Discern the neoplastic, inflammatory and connective soft tissue from background.",487
pannuke_f1_0488,1,Breast,Neoplastic;Connective_Soft_tissue,Label the neoplastic and connective soft tissue regions.,488
pannuke_f1_0489,1,Breast,Neoplastic;Inflammatory;Connective_Soft_tissue,"Segment all neoplastic, inflammatory and connective soft tissue cells.",489
pannuke_f1_0490,1,Breast,Neoplastic;Connective_Soft_tissue,Segment neoplastic and connective soft tissue areas in this slide.,490
pannuke_f1_0491,1,Breast,Neoplastic,Distinguish the neoplastic regions.,491
pannuke_f1_0492,1,Breast,Neoplastic;Inflammatory;Connective_Soft_tissue,"Circle all neoplastic, inflammatory and connective soft tissue areas.",492
pannuke_f1_0493,1,Breast,Neoplastic;Inflammatory;Connective_Soft_tissue,"Identify neoplastic, inflammatory and connective soft tissue nuclear characteristics.",493
pannuke_f1_0494,1,Breast,Neoplastic;Connective_Soft_tissue,Outline neoplastic and connective soft tissue areas.,494
pannuke_f1_0495,1,Breast,Neoplastic;Connective_Soft_tissue,Pinpoint all neoplastic and connective soft tissue areas.,495
pannuke_f1_0496,1,Breast,Neoplastic;Connective_Soft_tissue,Segment neoplastic and connective soft tissue being careful to capture all regions.,496
pannuke_f1_0497,1,Breast,Neoplastic;Inflammatory;Connective_Soft_tissue,"Separate neoplastic, inflammatory and connective soft tissue from other tissue.",497
pannuke_f1_0498,1,Breast,Neoplastic;Connective_Soft_tissue,Segment the neoplastic and connective soft tissue sections.,498
pannuke_f1_0499,1,Breast,Neoplastic;Connective_Soft_tissue,neoplastic and connective soft tissue can be seen. Identify and segment.,499
pannuke_f1_0500,1,Breast,Neoplastic;Inflammatory;Connective_Soft_tissue,"Outline the neoplastic, inflammatory and connective soft tissue boundaries.",500
pannuke_f1_0501,1,Breast,Inflammatory;Connective_Soft_tissue,Produce segmentation of inflammatory and connective soft tissue.,501
pannuke_f1_0502,1,Breast,Neoplastic;Inflammatory;Connective_Soft_tissue,"Segment each neoplastic, inflammatory and connective soft tissue region.",502
pannuke_f1_0503,1,Breast,Inflammatory;Connective_Soft_tissue,Segment inflammatory and connective soft tissue elements.,503
pannuke_f1_0504,1,Breast,Neoplastic;Connective_Soft_tissue,Highlight all neoplastic and connective soft tissue cells.,504
pannuke_f1_0505,1,Breast,Neoplastic;Connective_Soft_tissue,Label neoplastic and connective soft tissue cells.,505
pannuke_f1_0506,1,Breast,Neoplastic;Inflammatory;Connective_Soft_tissue,"Spot the neoplastic, inflammatory and connective soft tissue regions.",506
pannuke_f1_0507,1,Breast,Neoplastic;Inflammatory,Recognize neoplastic and inflammatory cells.,507
pannuke_f1_0508,1,Breast,Neoplastic;Inflammatory;Connective_Soft_tissue,"neoplastic, inflammatory and connective soft tissue is visible. Segment the regions.",508
pannuke_f1_0509,1,Breast,Neoplastic;Inflammatory;Connective_Soft_tissue,"Mark all neoplastic, inflammatory and connective soft tissue cells.",509
pannuke_f1_0510,1,Breast,Neoplastic;Connective_Soft_tissue,Draw around neoplastic and connective soft tissue.,510
pannuke_f1_0511,1,Breast,Neoplastic,The sample contains neoplastic. Delineate the regions.,511
pannuke_f1_0512,1,Breast,Neoplastic;Connective_Soft_tissue,Mark visible neoplastic and connective soft tissue structures.,512
pannuke_f1_0513,1,Breast,Neoplastic;Connective_Soft_tissue,Develop a precise map of neoplastic and connective soft tissue distribution.,513
pannuke_f1_0514,1,Breast,Neoplastic;Inflammatory;Connective_Soft_tissue,"Identify neoplastic, inflammatory and connective soft tissue chromatin patterns.",514
pannuke_f1_0515,1,Breast,Neoplastic;Inflammatory;Connective_Soft_tissue,"Mark the neoplastic, inflammatory and connective soft tissue regions.",515
pannuke_f1_0516,1,Breast,Neoplastic;Inflammatory;Connective_Soft_tissue,"Highlight all neoplastic, inflammatory and connective soft tissue regions.",516
pannuke_f1_0517,1,Breast,Neoplastic;Connective_Soft_tissue,Highlight all neoplastic and connective soft tissue regions.,517
pannuke_f1_0518,1,Breast,Neoplastic;Connective_Soft_tissue,Pay attention to neoplastic and connective soft tissue areas.,518
pannuke_f1_0519,1,Breast,Neoplastic;Inflammatory;Connective_Soft_tissue,"Identify visible neoplastic, inflammatory and connective soft tissue structures.",519
pannuke_f1_0520,1,Breast,Neoplastic;Inflammatory;Connective_Soft_tissue,"Point out the neoplastic, inflammatory and connective soft tissue regions.",520
pannuke_f1_0521,1,Breast,Neoplastic;Connective_Soft_tissue,Identify neoplastic and connective soft tissue for diagnostic purposes.,521
pannuke_f1_0522,1,Breast,Neoplastic,Your task: segment neoplastic in this image.,522
pannuke_f1_0523,1,Breast,Neoplastic;Inflammatory;Connective_Soft_tissue,"Separate neoplastic, inflammatory and connective soft tissue regions.",523
pannuke_f1_0524,1,Breast,Neoplastic;Inflammatory;Connective_Soft_tissue,"Mark all neoplastic, inflammatory and connective soft tissue areas.",524
pannuke_f1_0525,1,Breast,Neoplastic;Inflammatory;Connective_Soft_tissue,"Detect neoplastic, inflammatory and connective soft tissue in this slide.",525
pannuke_f1_0526,1,Breast,Neoplastic;Inflammatory,Emphasize neoplastic and inflammatory presence.,526
pannuke_f1_0527,1,Breast,Neoplastic;Connective_Soft_tissue,Identify the neoplastic and connective soft tissue regions.,527
pannuke_f1_0528,1,Breast,Neoplastic;Inflammatory,Mark neoplastic and inflammatory tissue architecture.,528
pannuke_f1_0529,1,Breast,Neoplastic;Connective_Soft_tissue,Where is neoplastic and connective soft tissue located?,529
pannuke_f1_0530,1,Breast,Neoplastic,Find the neoplastic areas.,530
pannuke_f1_0531,1,Breast,Neoplastic,Segment the neoplastic nuclei.,531
pannuke_f1_0532,1,Breast,Neoplastic;Inflammatory,Create mask for neoplastic and inflammatory.,532
pannuke_f1_0533,1,Breast,Neoplastic;Inflammatory;Connective_Soft_tissue,"Outline neoplastic, inflammatory and connective soft tissue in the Breast image.",533
pannuke_f1_0534,1,Breast,Neoplastic;Inflammatory;Connective_Soft_tissue,"Pinpoint all neoplastic, inflammatory and connective soft tissue areas.",534
pannuke_f1_0535,1,Breast,Neoplastic;Inflammatory;Connective_Soft_tissue,"Highlight present neoplastic, inflammatory and connective soft tissue cells.",535
pannuke_f1_0536,1,Breast,Neoplastic;Inflammatory;Connective_Soft_tissue,"Detect visible neoplastic, inflammatory and connective soft tissue.",536
pannuke_f1_0537,1,Breast,Inflammatory;Connective_Soft_tissue,Delineate inflammatory and connective soft tissue boundaries.,537
pannuke_f1_0538,1,Breast,Inflammatory;Connective_Soft_tissue,Annotate all inflammatory and connective soft tissue areas.,538
pannuke_f1_0539,1,Breast,Inflammatory;Connective_Soft_tissue,Segment margins of inflammatory and connective soft tissue.,539
pannuke_f1_0540,1,Breast,Neoplastic,Separate neoplastic from other tissue.,540
pannuke_f1_0541,1,Breast,Inflammatory;Connective_Soft_tissue,Distinguish visible inflammatory and connective soft tissue.,541
pannuke_f1_0542,1,Breast,Neoplastic;Inflammatory;Connective_Soft_tissue,"Mark visible neoplastic, inflammatory and connective soft tissue tissue.",542
pannuke_f1_0543,1,Breast,Neoplastic;Inflammatory,Define neoplastic and inflammatory boundaries.,543
pannuke_f1_0544,1,Breast,Neoplastic;Inflammatory;Connective_Soft_tissue,"Segment visible neoplastic, inflammatory and connective soft tissue areas.",544
pannuke_f1_0545,1,Breast,Neoplastic;Inflammatory;Connective_Soft_tissue,"Delineate all neoplastic, inflammatory and connective soft tissue areas.",545
pannuke_f1_0546,1,Breast,Neoplastic;Inflammatory,Discern visible neoplastic and inflammatory.,546
pannuke_f1_0547,1,Breast,Neoplastic;Inflammatory;Connective_Soft_tissue,"Segment neoplastic, inflammatory and connective soft tissue tissue morphology.",547
pannuke_f1_0548,1,Breast,Neoplastic;Inflammatory;Connective_Soft_tissue,"Segment any neoplastic, inflammatory and connective soft tissue present.",548
pannuke_f1_0549,1,Breast,Neoplastic;Inflammatory;Connective_Soft_tissue,"Segment neoplastic, inflammatory and connective soft tissue in this image.",549
pannuke_f1_0550,1,Breast,Neoplastic;Inflammatory,Segment zones of neoplastic and inflammatory.,550
pannuke_f1_0551,1,Breast,Neoplastic,Mark neoplastic for area measurement.,551
pannuke_f1_0552,1,Breast,Neoplastic;Inflammatory;Connective_Soft_tissue,"Extract neoplastic, inflammatory and connective soft tissue cell boundaries.",552
pannuke_f1_0553,1,Breast,Neoplastic;Inflammatory;Connective_Soft_tissue,"Mark regions of neoplastic, inflammatory and connective soft tissue accumulation.",553
pannuke_f1_0554,1,Breast,Neoplastic,Can you find neoplastic?,554
pannuke_f1_0555,1,Breast,Neoplastic;Connective_Soft_tissue,Delineate visible neoplastic and connective soft tissue areas.,555
pannuke_f1_0556,1,Breast,Neoplastic;Inflammatory;Connective_Soft_tissue,"Note neoplastic, inflammatory and connective soft tissue presence in Breast tissue.",556
pannuke_f1_0557,1,Breast,Neoplastic;Inflammatory;Connective_Soft_tissue,"Create an accurate segmentation of neoplastic, inflammatory and connective soft tissue areas.",557
pannuke_f1_0558,1,Breast,Neoplastic,Pay attention to neoplastic areas.,558
pannuke_f1_0559,1,Breast,Neoplastic;Inflammatory;Connective_Soft_tissue,"Outline neoplastic, inflammatory and connective soft tissue cells.",559
pannuke_f1_0560,1,Breast,Neoplastic;Inflammatory;Connective_Soft_tissue,"Detect and segment neoplastic, inflammatory and connective soft tissue areas.",560
pannuke_f1_0561,1,Breast,Neoplastic;Inflammatory;Connective_Soft_tissue,"Delineate visible neoplastic, inflammatory and connective soft tissue areas.",561
pannuke_f1_0562,1,Breast,Neoplastic;Inflammatory;Connective_Soft_tissue,"Evaluate neoplastic, inflammatory and connective soft tissue areas.",562
pannuke_f1_0563,1,Breast,Neoplastic;Connective_Soft_tissue,Delineate visible neoplastic and connective soft tissue areas.,563
pannuke_f1_0564,1,Breast,Neoplastic;Connective_Soft_tissue,Identify all neoplastic and connective soft tissue regions.,564
pannuke_f1_0565,1,Breast,Inflammatory;Connective_Soft_tissue;Epithelial,"Highlight present inflammatory, connective soft tissue and epithelial tissue.",565
pannuke_f1_0566,1,Breast,Connective_Soft_tissue,Discern the connective soft tissue regions.,566
pannuke_f1_0567,1,Breast,Inflammatory;Connective_Soft_tissue;Epithelial,"Provide mask for inflammatory, connective soft tissue and epithelial.",567
pannuke_f1_0568,1,Breast,Connective_Soft_tissue;Epithelial,Mark foci of connective soft tissue and epithelial activity.,568
pannuke_f1_0569,1,Breast,Connective_Soft_tissue;Epithelial,Annotate the connective soft tissue and epithelial regions.,569
pannuke_f1_0570,1,Breast,Inflammatory;Connective_Soft_tissue;Epithelial,"inflammatory, connective soft tissue and epithelial appears in this image. Segment all instances.",570
pannuke_f1_0571,1,Breast,Inflammatory;Connective_Soft_tissue;Epithelial,"Segment inflammatory, connective soft tissue and epithelial in this image.",571
pannuke_f1_0572,1,Breast,Inflammatory;Connective_Soft_tissue;Epithelial,"Chart inflammatory, connective soft tissue and epithelial presence.",572
pannuke_f1_0573,1,Breast,Inflammatory;Connective_Soft_tissue;Epithelial,"Identify all inflammatory, connective soft tissue and epithelial areas.",573
pannuke_f1_0574,1,Breast,Inflammatory;Connective_Soft_tissue;Epithelial,"Mark only inflammatory, connective soft tissue and epithelial regions.",574
pannuke_f1_0575,1,Breast,Neoplastic,Identify visible neoplastic cells.,575
pannuke_f1_0576,1,Breast,Neoplastic,Locate all neoplastic cells.,576
pannuke_f1_0577,1,Breast,Neoplastic;Inflammatory;Connective_Soft_tissue,"Segmentation target: neoplastic, inflammatory and connective soft tissue.",577
pannuke_f1_0578,1,Breast,Neoplastic;Connective_Soft_tissue,Identify present neoplastic and connective soft tissue tissue.,578
pannuke_f1_0579,1,Breast,Neoplastic,Mark neoplastic structures in Breast.,579
pannuke_f1_0580,1,Breast,Neoplastic;Connective_Soft_tissue,Segment neoplastic and connective soft tissue cellular composition.,580
pannuke_f1_0581,1,Breast,Neoplastic,Circle the neoplastic regions.,581
pannuke_f1_0582,1,Breast,Connective_Soft_tissue,Segment any connective soft tissue cells visible.,582
pannuke_f1_0583,1,Breast,Inflammatory;Connective_Soft_tissue,"For this Breast biopsy, segment inflammatory and connective soft tissue areas.",583
pannuke_f1_0584,1,Breast,,,584
pannuke_f1_0585,1,Breast,Neoplastic,Mark present neoplastic areas.,585
pannuke_f1_0586,1,Breast,,,586
pannuke_f1_0587,1,Breast,Neoplastic;Connective_Soft_tissue,Segment all neoplastic and connective soft tissue tissue.,587
pannuke_f1_0588,1,Breast,Neoplastic;Connective_Soft_tissue,Develop a precise map of neoplastic and connective soft tissue distribution.,588
pannuke_f1_0589,1,Breast,Neoplastic;Connective_Soft_tissue,Identify present neoplastic and connective soft tissue structures.,589
pannuke_f1_0590,1,Breast,Neoplastic;Connective_Soft_tissue,Annotate neoplastic and connective soft tissue in Breast microscopy.,590
pannuke_f1_0591,1,Breast,Neoplastic;Connective_Soft_tissue,Segment neoplastic and connective soft tissue for pathological assessment.,591
pannuke_f1_0592,1,Breast,Neoplastic;Connective_Soft_tissue,Delineate the neoplastic and connective soft tissue tissue.,592
pannuke_f1_0593,1,Breast,Neoplastic;Inflammatory,Segment foci of neoplastic and inflammatory.,593
pannuke_f1_0594,1,Breast,Neoplastic;Connective_Soft_tissue,Spot the neoplastic and connective soft tissue tissue.,594
pannuke_f1_0595,1,Breast,Neoplastic,Identify present neoplastic tissue.,595
pannuke_f1_0596,1,Breast,Neoplastic,Segment foci of neoplastic.,596
pannuke_f1_0597,1,Breast,Neoplastic,"Looking at this tissue section, identify neoplastic.",597
pannuke_f1_0598,1,Breast,Neoplastic;Inflammatory,Highlight all neoplastic and inflammatory areas.,598
pannuke_f1_0599,1,Breast,Neoplastic;Inflammatory;Connective_Soft_tissue,"Mark the pathological neoplastic, inflammatory and connective soft tissue regions.",599
pannuke_f1_0600,1,Breast,Neoplastic,Segment the neoplastic histological features.,600
pannuke_f1_0601,1,Breast,Neoplastic;Inflammatory,Identify histological regions showing neoplastic and inflammatory.,601
pannuke_f1_0602,1,Breast,Neoplastic,Discern neoplastic cells.,602
pannuke_f1_0603,1,Breast,Neoplastic;Inflammatory,Create an accurate segmentation of neoplastic and inflammatory areas.,603
pannuke_f1_0604,1,Breast,,,604
pannuke_f1_0605,1,Breast,Neoplastic,Identify neoplastic including all visible instances.,605
pannuke_f1_0606,1,Breast,Neoplastic,Segment visible neoplastic.,606
pannuke_f1_0607,1,Breast,Neoplastic;Inflammatory;Connective_Soft_tissue,"Identify visible neoplastic, inflammatory and connective soft tissue structures.",607
pannuke_f1_0608,1,Breast,Neoplastic;Inflammatory,Segment the neoplastic and inflammatory with attention to boundary precision.,608
pannuke_f1_0609,1,Breast,Neoplastic;Connective_Soft_tissue,Identify neoplastic and connective soft tissue including all visible instances.,609
pannuke_f1_0610,1,Breast,Neoplastic;Inflammatory,Pinpoint neoplastic and inflammatory in this Breast.,610
pannuke_f1_0611,1,Breast,Neoplastic;Inflammatory,Provide neoplastic and inflammatory segmentation.,611
pannuke_f1_0612,1,Breast,Neoplastic;Inflammatory;Connective_Soft_tissue,"From the Breast tissue, extract neoplastic, inflammatory and connective soft tissue regions.",612
pannuke_f1_0613,1,Breast,Neoplastic,Segment the neoplastic regions.,613
pannuke_f1_0614,1,Breast,Neoplastic;Inflammatory;Connective_Soft_tissue,"Recognize the neoplastic, inflammatory and connective soft tissue tissue.",614
pannuke_f1_0615,1,Breast,Neoplastic;Inflammatory;Connective_Soft_tissue,"Segment zones of neoplastic, inflammatory and connective soft tissue.",615
pannuke_f1_0616,1,Breast,Neoplastic;Inflammatory;Connective_Soft_tissue,"Create segmentation of neoplastic, inflammatory and connective soft tissue.",616
pannuke_f1_0617,1,Breast,Neoplastic;Inflammatory;Connective_Soft_tissue,"Emphasize neoplastic, inflammatory and connective soft tissue regions.",617
pannuke_f1_0618,1,Breast,Neoplastic;Connective_Soft_tissue,Observe neoplastic and connective soft tissue distribution in Breast.,618
pannuke_f1_0619,1,Breast,Neoplastic;Inflammatory;Connective_Soft_tissue,"Distinguish neoplastic, inflammatory and connective soft tissue cells.",619
pannuke_f1_0620,1,Breast,Connective_Soft_tissue;Epithelial,Segment connective soft tissue and epithelial areas in this slide.,620
pannuke_f1_0621,1,Breast,Inflammatory;Connective_Soft_tissue;Epithelial,"Segment clusters of inflammatory, connective soft tissue and epithelial.",621
pannuke_f1_0622,1,Breast,Connective_Soft_tissue;Epithelial,Segment connective soft tissue and epithelial areas in this slide.,622
pannuke_f1_0623,1,Breast,Inflammatory;Connective_Soft_tissue;Epithelial,"In the Breast section, locate inflammatory, connective soft tissue and epithelial.",623
pannuke_f1_0624,1,Breast,Inflammatory;Connective_Soft_tissue;Epithelial,"Highlight inflammatory, connective soft tissue and epithelial cells.",624
pannuke_f1_0625,1,Breast,Inflammatory;Connective_Soft_tissue;Epithelial,"Indicate the inflammatory, connective soft tissue and epithelial tissue.",625
pannuke_f1_0626,1,Breast,Inflammatory;Connective_Soft_tissue,Segment inflammatory and connective soft tissue nuclei.,626
pannuke_f1_0627,1,Breast,Neoplastic;Inflammatory;Connective_Soft_tissue,"Delineate present neoplastic, inflammatory and connective soft tissue structures.",627
pannuke_f1_0628,1,Breast,Neoplastic;Inflammatory;Connective_Soft_tissue,"Mark visible neoplastic, inflammatory and connective soft tissue.",628
pannuke_f1_0629,1,Breast,Neoplastic;Inflammatory;Connective_Soft_tissue,"Draw around neoplastic, inflammatory and connective soft tissue.",629
pannuke_f1_0630,1,Breast,Neoplastic;Inflammatory;Connective_Soft_tissue,"Your task: segment neoplastic, inflammatory and connective soft tissue in this image.",630
pannuke_f1_0631,1,Breast,Neoplastic;Inflammatory;Connective_Soft_tissue,"Can you mark neoplastic, inflammatory and connective soft tissue?",631
pannuke_f1_0632,1,Breast,Inflammatory;Connective_Soft_tissue,Analyze inflammatory and connective soft tissue presence.,632
pannuke_f1_0633,1,Breast,Connective_Soft_tissue,Trace all connective soft tissue areas.,633
pannuke_f1_0634,1,Breast,Inflammatory;Connective_Soft_tissue,What parts are inflammatory and connective soft tissue?,634
pannuke_f1_0635,1,Breast,Inflammatory;Connective_Soft_tissue,Segment all inflammatory and connective soft tissue areas.,635
pannuke_f1_0636,1,Breast,Neoplastic;Connective_Soft_tissue,Mark visible neoplastic and connective soft tissue.,636
pannuke_f1_0637,1,Breast,Neoplastic;Connective_Soft_tissue,Point out all neoplastic and connective soft tissue.,637
pannuke_f1_0638,1,Breast,Neoplastic;Inflammatory;Connective_Soft_tissue,"Focus solely on neoplastic, inflammatory and connective soft tissue.",638
pannuke_f1_0639,1,Breast,Connective_Soft_tissue,Identify only connective soft tissue cells.,639
pannuke_f1_0640,1,Breast,Inflammatory;Connective_Soft_tissue,inflammatory and connective soft tissue is present in this slide. Segment it.,640
pannuke_f1_0641,1,Breast,Neoplastic;Inflammatory;Connective_Soft_tissue,"Segment all neoplastic, inflammatory and connective soft tissue in the field.",641
pannuke_f1_0642,1,Breast,Neoplastic;Inflammatory;Connective_Soft_tissue,"Segment neoplastic, inflammatory and connective soft tissue in relation to stroma.",642
pannuke_f1_0643,1,Breast,Neoplastic;Inflammatory;Connective_Soft_tissue,"Segment all neoplastic, inflammatory and connective soft tissue tissue.",643
pannuke_f1_0644,1,Breast,Connective_Soft_tissue,Indicate connective soft tissue areas.,644
pannuke_f1_0645,1,Breast,Neoplastic;Inflammatory;Connective_Soft_tissue,"Produce a detailed outline of neoplastic, inflammatory and connective soft tissue structures.",645
pannuke_f1_0646,1,Breast,Neoplastic;Inflammatory;Connective_Soft_tissue,"Indicate where neoplastic, inflammatory and connective soft tissue is present.",646
pannuke_f1_0647,1,Breast,Inflammatory;Connective_Soft_tissue,"In the Breast section, locate inflammatory and connective soft tissue.",647
pannuke_f1_0648,1,Breast,Inflammatory;Connective_Soft_tissue,Produce segmentation of inflammatory and connective soft tissue.,648
pannuke_f1_0649,1,Breast,Neoplastic;Inflammatory;Connective_Soft_tissue,"Mark visible neoplastic, inflammatory and connective soft tissue cells.",649
pannuke_f1_0650,1,Breast,Neoplastic;Inflammatory,Identify neoplastic and inflammatory in this histology section.,650
pannuke_f1_0651,1,Breast,Inflammatory;Connective_Soft_tissue,Segment inflammatory and connective soft tissue cellular composition.,651
pannuke_f1_0652,1,Breast,Neoplastic;Inflammatory;Connective_Soft_tissue,"In this Breast histology, identify neoplastic, inflammatory and connective soft tissue cells.",652
pannuke_f1_0653,1,Breast,Neoplastic,Identify all neoplastic cells.,653
pannuke_f1_0654,1,Breast,Neoplastic,Segment neoplastic for quantitative analysis.,654
pannuke_f1_0655,1,Breast,Inflammatory;Connective_Soft_tissue,Segment visible inflammatory and connective soft tissue regions.,655
pannuke_f1_0656,1,Breast,Inflammatory;Connective_Soft_tissue,Circle the inflammatory and connective soft tissue regions.,656
pannuke_f1_0657,1,Breast,Inflammatory;Connective_Soft_tissue,Mark inflammatory and connective soft tissue cellular infiltration.,657
pannuke_f1_0658,1,Breast,Inflammatory;Connective_Soft_tissue,Indicate inflammatory and connective soft tissue areas.,658
pannuke_f1_0659,1,Breast,Inflammatory;Connective_Soft_tissue,Meticulously outline the inflammatory and connective soft tissue regions for analysis.,659
pannuke_f1_0660,1,Breast,Inflammatory;Connective_Soft_tissue,Delineate inflammatory and connective soft tissue for pattern recognition.,660
pannuke_f1_0661,1,Breast,Neoplastic;Inflammatory;Connective_Soft_tissue,"Segment visible neoplastic, inflammatory and connective soft tissue structures.",661
pannuke_f1_0662,1,Breast,Neoplastic;Inflammatory;Connective_Soft_tissue,"Spot neoplastic, inflammatory and connective soft tissue cells.",662
pannuke_f1_0663,1,Breast,Neoplastic;Inflammatory;Connective_Soft_tissue,"Segment all neoplastic, inflammatory and connective soft tissue regions.",663
pannuke_f1_0664,1,Breast,Neoplastic;Inflammatory;Connective_Soft_tissue,"Delineate all neoplastic, inflammatory and connective soft tissue.",664
pannuke_f1_0665,1,Breast,Neoplastic;Inflammatory;Connective_Soft_tissue,"Indicate where neoplastic, inflammatory and connective soft tissue is present.",665
pannuke_f1_0666,1,Breast,Neoplastic;Inflammatory;Connective_Soft_tissue,"Delineate all neoplastic, inflammatory and connective soft tissue.",666
pannuke_f1_0667,1,Breast,Neoplastic;Inflammatory;Connective_Soft_tissue,"Mark neoplastic, inflammatory and connective soft tissue tissue architecture.",667
pannuke_f1_0668,1,Breast,Neoplastic;Inflammatory;Connective_Soft_tissue,"Identify only neoplastic, inflammatory and connective soft tissue cells.",668
pannuke_f1_0669,1,Breast,Neoplastic;Inflammatory;Connective_Soft_tissue,"Circle the neoplastic, inflammatory and connective soft tissue regions.",669
pannuke_f1_0670,1,Breast,Neoplastic;Inflammatory;Connective_Soft_tissue,"Examining this slide, mark all neoplastic, inflammatory and connective soft tissue regions.",670
pannuke_f1_0671,1,Breast,Neoplastic;Inflammatory,Identify present neoplastic and inflammatory structures.,671
pannuke_f1_0672,1,Breast,Neoplastic;Connective_Soft_tissue,Delineate all neoplastic and connective soft tissue structures.,672
pannuke_f1_0673,1,Breast,Neoplastic,What parts are neoplastic?,673
pannuke_f1_0674,1,Breast,Neoplastic,Distinguish neoplastic from other tissue.,674
pannuke_f1_0675,1,Breast,Neoplastic;Inflammatory;Connective_Soft_tissue,"Highlight neoplastic, inflammatory and connective soft tissue cells.",675
pannuke_f1_0676,1,Breast,Inflammatory;Connective_Soft_tissue;Epithelial,"Segment the inflammatory, connective soft tissue and epithelial cells.",676
pannuke_f1_0677,1,Breast,Inflammatory;Connective_Soft_tissue;Epithelial,"Discern inflammatory, connective soft tissue and epithelial cells.",677
pannuke_f1_0678,1,Breast,Connective_Soft_tissue;Epithelial,Trace the connective soft tissue and epithelial regions.,678
pannuke_f1_0679,1,Breast,Inflammatory;Connective_Soft_tissue;Epithelial,"Reviewing this image, delineate inflammatory, connective soft tissue and epithelial boundaries.",679
pannuke_f1_0680,1,Breast,Neoplastic;Inflammatory;Connective_Soft_tissue,"Highlight all neoplastic, inflammatory and connective soft tissue cells.",680
pannuke_f1_0681,1,Breast,Neoplastic,Segment present neoplastic tissue.,681
pannuke_f1_0682,1,Breast,Neoplastic;Inflammatory,"Examining this slide, mark all neoplastic and inflammatory regions.",682
pannuke_f1_0683,1,Breast,Neoplastic;Inflammatory,Indicate all neoplastic and inflammatory cells.,683
pannuke_f1_0684,1,Breast,Inflammatory;Connective_Soft_tissue,Segment inflammatory and connective soft tissue in the tumor stroma.,684
pannuke_f1_0685,1,Breast,Inflammatory;Connective_Soft_tissue,Which regions show inflammatory and connective soft tissue?,685
pannuke_f1_0686,1,Breast,Neoplastic;Inflammatory;Connective_Soft_tissue,"Delineate all neoplastic, inflammatory and connective soft tissue.",686
pannuke_f1_0687,1,Breast,Neoplastic;Inflammatory;Connective_Soft_tissue,"Spot the neoplastic, inflammatory and connective soft tissue regions.",687
pannuke_f1_0688,1,Breast,Neoplastic;Inflammatory;Connective_Soft_tissue,"Delineate present neoplastic, inflammatory and connective soft tissue structures.",688
pannuke_f1_0689,1,Breast,Neoplastic;Inflammatory;Connective_Soft_tissue,"Segment neoplastic, inflammatory and connective soft tissue elements.",689
pannuke_f1_0690,1,Breast,Inflammatory;Connective_Soft_tissue,Find and segment inflammatory and connective soft tissue regions.,690
pannuke_f1_0691,1,Breast,Neoplastic;Inflammatory;Connective_Soft_tissue,"Indicate the neoplastic, inflammatory and connective soft tissue tissue.",691
pannuke_f1_0692,1,Breast,Neoplastic;Inflammatory;Connective_Soft_tissue,"Segment neoplastic, inflammatory and connective soft tissue patterns in Breast.",692
pannuke_f1_0693,1,Breast,Neoplastic;Inflammatory;Connective_Soft_tissue,"Review this Breast slide and identify neoplastic, inflammatory and connective soft tissue.",693
pannuke_f1_0694,1,Breast,Neoplastic;Connective_Soft_tissue,Highlight present neoplastic and connective soft tissue areas.,694
pannuke_f1_0695,1,Breast,Neoplastic;Connective_Soft_tissue,Segment the entire neoplastic and connective soft tissue population.,695
pannuke_f1_0696,1,Breast,Neoplastic;Inflammatory;Connective_Soft_tissue,"Mark visible neoplastic, inflammatory and connective soft tissue areas.",696
pannuke_f1_0697,1,Breast,Neoplastic;Inflammatory;Connective_Soft_tissue,"Delineate present neoplastic, inflammatory and connective soft tissue regions.",697
pannuke_f1_0698,1,Breast,Neoplastic;Connective_Soft_tissue,The sample contains neoplastic and connective soft tissue. Delineate the regions.,698
pannuke_f1_0699,1,Breast,Neoplastic;Inflammatory;Connective_Soft_tissue,"Where is the neoplastic, inflammatory and connective soft tissue in this image?",699
pannuke_f1_0700,1,Breast,Neoplastic;Inflammatory;Connective_Soft_tissue,"Detect and segment neoplastic, inflammatory and connective soft tissue areas.",700
pannuke_f1_0701,1,Breast,Neoplastic,"For this Breast biopsy, segment neoplastic areas.",701
pannuke_f1_0702,1,Breast,Connective_Soft_tissue,Find the connective soft tissue regions.,702
pannuke_f1_0703,1,Breast,Neoplastic;Connective_Soft_tissue,Segment neoplastic and connective soft tissue in the tissue matrix.,703
pannuke_f1_0704,1,Breast,Neoplastic;Connective_Soft_tissue,Identify visible neoplastic and connective soft tissue tissue.,704
pannuke_f1_0705,1,Breast,Neoplastic;Connective_Soft_tissue,The sample contains neoplastic and connective soft tissue. Delineate the regions.,705
pannuke_f1_0706,1,Breast,Neoplastic;Inflammatory;Connective_Soft_tissue,"Draw neoplastic, inflammatory and connective soft tissue outlines.",706
pannuke_f1_0707,1,Breast,Neoplastic;Connective_Soft_tissue,The tissue shows neoplastic and connective soft tissue. Mark the areas.,707
pannuke_f1_0708,1,Breast,Neoplastic,"For Breast pathology, outline neoplastic.",708
pannuke_f1_0709,1,Breast,Neoplastic;Connective_Soft_tissue,Annotate neoplastic and connective soft tissue in Breast microscopy.,709
pannuke_f1_0710,1,Breast,Neoplastic;Connective_Soft_tissue,This Breast slide shows neoplastic and connective soft tissue. Segment it.,710
pannuke_f1_0711,1,Breast,Inflammatory;Connective_Soft_tissue,Point out visible inflammatory and connective soft tissue.,711
pannuke_f1_0712,1,Breast,Neoplastic;Inflammatory;Connective_Soft_tissue,"Segment present neoplastic, inflammatory and connective soft tissue regions.",712
pannuke_f1_0713,1,Breast,Neoplastic;Connective_Soft_tissue,Spot the neoplastic and connective soft tissue regions.,713
pannuke_f1_0714,1,Breast,Neoplastic;Connective_Soft_tissue,Segment tissue showing neoplastic and connective soft tissue.,714
pannuke_f1_0715,1,Breast,Neoplastic;Inflammatory,Identify visible neoplastic and inflammatory areas.,715
pannuke_f1_0716,1,Breast,Neoplastic;Connective_Soft_tissue,Identify neoplastic and connective soft tissue in this image.,716
pannuke_f1_0717,1,Breast,Neoplastic,Mark all neoplastic tissue.,717
pannuke_f1_0718,1,Breast,Neoplastic;Inflammatory;Connective_Soft_tissue,"Identify neoplastic, inflammatory and connective soft tissue spatial arrangement.",718
pannuke_f1_0719,1,Breast,Neoplastic;Connective_Soft_tissue,Identify neoplastic and connective soft tissue in this histology section.,719
pannuke_f1_0720,1,Breast,Neoplastic;Inflammatory;Connective_Soft_tissue,"Delineate neoplastic, inflammatory and connective soft tissue for pattern recognition.",720
pannuke_f1_0721,1,Breast,Neoplastic;Connective_Soft_tissue,"Within Breast tissue, annotate neoplastic and connective soft tissue.",721
pannuke_f1_0722,1,Breast,Neoplastic,Delineate the neoplastic tissue.,722
pannuke_f1_0723,1,Breast,Neoplastic;Connective_Soft_tissue,Pinpoint neoplastic and connective soft tissue in this Breast.,723
pannuke_f1_0724,1,Breast,Neoplastic;Inflammatory;Connective_Soft_tissue,"Provide neoplastic, inflammatory and connective soft tissue segmentation.",724
pannuke_f1_0725,1,Breast,Neoplastic;Connective_Soft_tissue,Define neoplastic and connective soft tissue boundaries.,725
pannuke_f1_0726,1,Breast,Neoplastic;Connective_Soft_tissue,Mark only neoplastic and connective soft tissue regions.,726
pannuke_f1_0727,1,Breast,Neoplastic;Inflammatory;Connective_Soft_tissue,"Detect and segment neoplastic, inflammatory and connective soft tissue areas.",727
pannuke_f1_0728,1,Breast,Neoplastic;Connective_Soft_tissue,Mark neoplastic and connective soft tissue ensuring complete coverage of affected areas.,728
pannuke_f1_0729,1,Breast,Neoplastic;Connective_Soft_tissue,Mark foci of neoplastic and connective soft tissue activity.,729
pannuke_f1_0730,1,Breast,Neoplastic;Connective_Soft_tissue,Pinpoint the neoplastic and connective soft tissue regions.,730
pannuke_f1_0731,1,Breast,Neoplastic;Connective_Soft_tissue,Pinpoint all neoplastic and connective soft tissue areas.,731
pannuke_f1_0732,1,Breast,Neoplastic;Inflammatory;Connective_Soft_tissue,"Show me where neoplastic, inflammatory and connective soft tissue is.",732
pannuke_f1_0733,1,Breast,Neoplastic;Connective_Soft_tissue,Mark visible neoplastic and connective soft tissue.,733
pannuke_f1_0734,1,Breast,Neoplastic;Inflammatory;Connective_Soft_tissue,"Find the neoplastic, inflammatory and connective soft tissue regions.",734
pannuke_f1_0735,1,Breast,Neoplastic;Connective_Soft_tissue,Delineate all neoplastic and connective soft tissue.,735
pannuke_f1_0736,1,Breast,Neoplastic;Inflammatory;Connective_Soft_tissue,"Highlight visible neoplastic, inflammatory and connective soft tissue regions.",736
pannuke_f1_0737,1,Breast,Neoplastic;Connective_Soft_tissue,"For this Breast sample, mark neoplastic and connective soft tissue.",737
pannuke_f1_0738,1,Colon,Neoplastic;Inflammatory;Connective_Soft_tissue,"Segment neoplastic, inflammatory and connective soft tissue for feature extraction.",738
pannuke_f1_0739,1,Colon,Neoplastic;Inflammatory;Connective_Soft_tissue,"Recognize all neoplastic, inflammatory and connective soft tissue areas.",739
pannuke_f1_0740,1,Colon,Neoplastic;Inflammatory;Connective_Soft_tissue,"Segment neoplastic, inflammatory and connective soft tissue areas in Colon tissue.",740
pannuke_f1_0741,1,Colon,Neoplastic;Connective_Soft_tissue,This Colon slide shows neoplastic and connective soft tissue. Segment it.,741
pannuke_f1_0742,1,Colon,Neoplastic;Inflammatory;Connective_Soft_tissue,"Identify visible neoplastic, inflammatory and connective soft tissue.",742
pannuke_f1_0743,1,Colon,Neoplastic;Connective_Soft_tissue,Find neoplastic and connective soft tissue in this Colon sample.,743
pannuke_f1_0744,1,Colon,Neoplastic;Inflammatory;Connective_Soft_tissue,"Identify visible neoplastic, inflammatory and connective soft tissue tissue.",744
pannuke_f1_0745,1,Colon,Inflammatory;Connective_Soft_tissue,Discern visible inflammatory and connective soft tissue.,745
pannuke_f1_0746,1,Colon,Inflammatory;Connective_Soft_tissue,Examine this Colon tissue for inflammatory and connective soft tissue.,746
pannuke_f1_0747,1,Colon,Inflammatory;Connective_Soft_tissue,Which structures are inflammatory and connective soft tissue?,747
pannuke_f1_0748,1,Colon,,,748
pannuke_f1_0749,1,Colon,Inflammatory;Connective_Soft_tissue,The sample contains inflammatory and connective soft tissue. Delineate the regions.,749
pannuke_f1_0750,1,Colon,,,750
pannuke_f1_0751,1,Colon,Inflammatory;Connective_Soft_tissue,Segment each inflammatory and connective soft tissue region.,751
pannuke_f1_0752,1,Colon,Inflammatory;Connective_Soft_tissue,Segment all inflammatory and connective soft tissue structures.,752
pannuke_f1_0753,1,Colon,Inflammatory;Connective_Soft_tissue,Segment present inflammatory and connective soft tissue regions.,753
pannuke_f1_0754,1,Colon,Neoplastic;Inflammatory;Connective_Soft_tissue,"Isolate neoplastic, inflammatory and connective soft tissue regions.",754
pannuke_f1_0755,1,Colon,Neoplastic,Identify all neoplastic regions.,755
pannuke_f1_0756,1,Colon,Neoplastic;Connective_Soft_tissue,Mark the neoplastic and connective soft tissue regions.,756
pannuke_f1_0757,1,Colon,Neoplastic;Connective_Soft_tissue,Mark neoplastic and connective soft tissue cytoplasmic features.,757
pannuke_f1_0758,1,Colon,Neoplastic,Mark cellular neoplastic regions.,758
pannuke_f1_0759,1,Colon,Neoplastic;Inflammatory,"From the Colon tissue, extract neoplastic and inflammatory regions.",759
pannuke_f1_0760,1,Colon,Neoplastic;Inflammatory;Connective_Soft_tissue,"Identify visible neoplastic, inflammatory and connective soft tissue tissue.",760
pannuke_f1_0761,1,Colon,Inflammatory;Connective_Soft_tissue,Trace inflammatory and connective soft tissue margins.,761
pannuke_f1_0762,1,Colon,Inflammatory;Connective_Soft_tissue,Segment inflammatory and connective soft tissue tissue morphology.,762
pannuke_f1_0763,1,Colon,Inflammatory;Connective_Soft_tissue,Define inflammatory and connective soft tissue boundaries.,763
pannuke_f1_0764,1,Colon,Inflammatory;Connective_Soft_tissue,Identify visible inflammatory and connective soft tissue areas.,764
pannuke_f1_0765,1,Colon,Inflammatory;Connective_Soft_tissue,Which areas contain inflammatory and connective soft tissue?,765
pannuke_f1_0766,1,Colon,Neoplastic;Inflammatory,Segment all neoplastic and inflammatory tissue.,766
pannuke_f1_0767,1,Colon,Neoplastic;Inflammatory,Identify histological regions showing neoplastic and inflammatory.,767
pannuke_f1_0768,1,Colon,Neoplastic;Inflammatory,Show me all neoplastic and inflammatory.,768
pannuke_f1_0769,1,Colon,Neoplastic;Inflammatory,Delineate visible neoplastic and inflammatory areas.,769
pannuke_f1_0770,1,Colon,Neoplastic;Connective_Soft_tissue,Create an accurate segmentation of neoplastic and connective soft tissue areas.,770
pannuke_f1_0771,1,Colon,Neoplastic;Inflammatory;Connective_Soft_tissue,"Identify visible neoplastic, inflammatory and connective soft tissue tissue.",771
pannuke_f1_0772,1,Colon,Neoplastic;Inflammatory;Connective_Soft_tissue,"Delineate all neoplastic, inflammatory and connective soft tissue areas.",772
pannuke_f1_0773,1,Colon,Neoplastic;Inflammatory;Connective_Soft_tissue,"Identify neoplastic, inflammatory and connective soft tissue cellular morphology.",773
pannuke_f1_0774,1,Colon,Inflammatory;Connective_Soft_tissue,Delineate inflammatory and connective soft tissue with accurate boundary detection.,774
pannuke_f1_0775,1,Colon,Neoplastic;Inflammatory;Connective_Soft_tissue,"Define neoplastic, inflammatory and connective soft tissue extent.",775
pannuke_f1_0776,1,Colon,Inflammatory;Connective_Soft_tissue;Dead,"Accurately identify and mark all inflammatory, connective soft tissue and dead areas present in the slide.",776
pannuke_f1_0777,1,Colon,Connective_Soft_tissue,Highlight present connective soft tissue tissue.,777
pannuke_f1_0778,1,Colon,Inflammatory;Connective_Soft_tissue,Segment the inflammatory and connective soft tissue nuclei.,778
pannuke_f1_0779,1,Colon,Connective_Soft_tissue,Segment the connective soft tissue tissue regions.,779
pannuke_f1_0780,1,Colon,,,780
pannuke_f1_0781,1,Colon,Neoplastic;Inflammatory,Identify visible neoplastic and inflammatory tissue.,781
pannuke_f1_0782,1,Colon,Neoplastic;Inflammatory;Connective_Soft_tissue;Dead,"Please identify neoplastic, inflammatory, connective soft tissue and dead cells.",782
pannuke_f1_0783,1,Colon,Neoplastic;Inflammatory;Connective_Soft_tissue,"Mark all neoplastic, inflammatory and connective soft tissue regions.",783
pannuke_f1_0784,1,Colon,Neoplastic;Inflammatory;Connective_Soft_tissue;Dead,"Spot the neoplastic, inflammatory, connective soft tissue and dead tissue.",784
pannuke_f1_0785,1,Colon,Neoplastic;Connective_Soft_tissue,Please show neoplastic and connective soft tissue regions.,785
pannuke_f1_0786,1,Colon,Neoplastic;Inflammatory;Connective_Soft_tissue,"Identify the neoplastic, inflammatory and connective soft tissue areas.",786
pannuke_f1_0787,1,Colon,Neoplastic,Define neoplastic regions.,787
pannuke_f1_0788,1,Colon,Neoplastic;Connective_Soft_tissue,Identify the neoplastic and connective soft tissue structures.,788
pannuke_f1_0789,1,Colon,Neoplastic;Connective_Soft_tissue,Distinguish neoplastic and connective soft tissue cells.,789
pannuke_f1_0790,1,Colon,Neoplastic;Dead,Annotate neoplastic and dead histological patterns.,790
pannuke_f1_0791,1,Colon,Neoplastic;Connective_Soft_tissue,Outline neoplastic and connective soft tissue in the Colon image.,791
pannuke_f1_0792,1,Colon,Neoplastic,Mark neoplastic structures in Colon.,792
pannuke_f1_0793,1,Colon,Neoplastic;Connective_Soft_tissue,Draw neoplastic and connective soft tissue outlines.,793
pannuke_f1_0794,1,Colon,Neoplastic;Inflammatory;Connective_Soft_tissue,"Develop a precise map of neoplastic, inflammatory and connective soft tissue distribution.",794
pannuke_f1_0795,1,Colon,Neoplastic,Identify present neoplastic tissue.,795
pannuke_f1_0796,1,Colon,Neoplastic,Segment neoplastic areas in Colon tissue.,796
pannuke_f1_0797,1,Colon,Connective_Soft_tissue,Identify visible connective soft tissue cells.,797
pannuke_f1_0798,1,Colon,Inflammatory;Connective_Soft_tissue,Indicate where inflammatory and connective soft tissue is present.,798
pannuke_f1_0799,1,Colon,Connective_Soft_tissue,Detect visible connective soft tissue.,799
pannuke_f1_0800,1,Colon,Connective_Soft_tissue,Map all connective soft tissue areas.,800
pannuke_f1_0801,1,Colon,Inflammatory;Connective_Soft_tissue,Trace all inflammatory and connective soft tissue areas.,801
pannuke_f1_0802,1,Colon,Inflammatory;Connective_Soft_tissue,Isolate inflammatory and connective soft tissue regions.,802
pannuke_f1_0803,1,Colon,Inflammatory;Connective_Soft_tissue,The task is to segment inflammatory and connective soft tissue.,803
pannuke_f1_0804,1,Colon,Inflammatory;Connective_Soft_tissue,Identify inflammatory and connective soft tissue tissue regions.,804
pannuke_f1_0805,1,Colon,Inflammatory;Connective_Soft_tissue,inflammatory and connective soft tissue is present in this slide. Segment it.,805
pannuke_f1_0806,1,Colon,Inflammatory;Connective_Soft_tissue,Chart inflammatory and connective soft tissue presence.,806
pannuke_f1_0807,1,Colon,Inflammatory;Connective_Soft_tissue,"Presented with this tissue, identify inflammatory and connective soft tissue.",807
pannuke_f1_0808,1,Colon,Inflammatory;Connective_Soft_tissue,"From this Colon slide, segment inflammatory and connective soft tissue.",808
pannuke_f1_0809,1,Colon,Connective_Soft_tissue,Outline the connective soft tissue regions.,809
pannuke_f1_0810,1,Colon,Inflammatory;Connective_Soft_tissue,"Within Colon architecture, locate inflammatory and connective soft tissue.",810
pannuke_f1_0811,1,Colon,,,811
pannuke_f1_0812,1,Colon,,,812
pannuke_f1_0813,1,Colon,,,813
pannuke_f1_0814,1,Colon,Inflammatory;Connective_Soft_tissue,Outline all inflammatory and connective soft tissue structures.,814
pannuke_f1_0815,1,Colon,Inflammatory;Connective_Soft_tissue,Show me the inflammatory and connective soft tissue regions.,815
pannuke_f1_0816,1,Colon,Inflammatory,Which parts have inflammatory?,816
pannuke_f1_0817,1,Colon,Inflammatory;Connective_Soft_tissue,Segmentation target: inflammatory and connective soft tissue.,817
pannuke_f1_0818,1,Colon,Inflammatory;Connective_Soft_tissue,Mark inflammatory and connective soft tissue cellular infiltration.,818
pannuke_f1_0819,1,Colon,Inflammatory;Connective_Soft_tissue,inflammatory and connective soft tissue is visible. Segment the regions.,819
pannuke_f1_0820,1,Colon,Connective_Soft_tissue,Indicate connective soft tissue areas.,820
pannuke_f1_0821,1,Colon,Inflammatory;Connective_Soft_tissue,The tissue shows inflammatory and connective soft tissue. Mark the areas.,821
pannuke_f1_0822,1,Colon,Neoplastic;Inflammatory;Connective_Soft_tissue,"Identify peritumoral neoplastic, inflammatory and connective soft tissue.",822
pannuke_f1_0823,1,Colon,Neoplastic,Which structures are neoplastic?,823
pannuke_f1_0824,1,Colon,Neoplastic;Inflammatory,Segment the neoplastic and inflammatory cell population.,824
pannuke_f1_0825,1,Colon,Inflammatory,Spot the inflammatory regions.,825
pannuke_f1_0826,1,Colon,Inflammatory;Connective_Soft_tissue,Highlight visible inflammatory and connective soft tissue regions.,826
pannuke_f1_0827,1,Colon,Inflammatory;Connective_Soft_tissue,Pinpoint inflammatory and connective soft tissue in this Colon.,827
pannuke_f1_0828,1,Colon,,,828
pannuke_f1_0829,1,Colon,Connective_Soft_tissue,Highlight visible connective soft tissue structures.,829
pannuke_f1_0830,1,Colon,,,830
pannuke_f1_0831,1,Colon,Connective_Soft_tissue,Create mask for connective soft tissue.,831
pannuke_f1_0832,1,Colon,,,832
pannuke_f1_0833,1,Colon,,,833
pannuke_f1_0834,1,Colon,Neoplastic;Connective_Soft_tissue,Delineate present neoplastic and connective soft tissue areas.,834
pannuke_f1_0835,1,Colon,Neoplastic;Connective_Soft_tissue,Emphasize neoplastic and connective soft tissue regions.,835
pannuke_f1_0836,1,Colon,Neoplastic;Connective_Soft_tissue,Accurately identify and mark all neoplastic and connective soft tissue areas present in the slide.,836
pannuke_f1_0837,1,Colon,Inflammatory;Connective_Soft_tissue,Identify inflammatory and connective soft tissue in the tissue microenvironment.,837
pannuke_f1_0838,1,Colon,Inflammatory;Connective_Soft_tissue,Circle inflammatory and connective soft tissue cells.,838
pannuke_f1_0839,1,Colon,Inflammatory;Connective_Soft_tissue,Document inflammatory and connective soft tissue in this Colon sample.,839
pannuke_f1_0840,1,Colon,Neoplastic;Inflammatory;Connective_Soft_tissue,"For Colon pathology, outline neoplastic, inflammatory and connective soft tissue.",840
pannuke_f1_0841,1,Colon,Inflammatory;Connective_Soft_tissue,Inspect this Colon sample for inflammatory and connective soft tissue.,841
pannuke_f1_0842,1,Colon,Inflammatory;Connective_Soft_tissue,Locate inflammatory and connective soft tissue in Colon tissue.,842
pannuke_f1_0843,1,Colon,Inflammatory;Connective_Soft_tissue,Outline the inflammatory and connective soft tissue boundaries.,843
pannuke_f1_0844,1,Colon,Inflammatory;Connective_Soft_tissue,Locate and segment inflammatory and connective soft tissue.,844
pannuke_f1_0845,1,Colon,Inflammatory;Connective_Soft_tissue,Output inflammatory and connective soft tissue mask.,845
pannuke_f1_0846,1,Colon,Inflammatory;Connective_Soft_tissue,Provide mask for inflammatory and connective soft tissue.,846
pannuke_f1_0847,1,Colon,Inflammatory;Connective_Soft_tissue,Produce inflammatory and connective soft tissue mask.,847
pannuke_f1_0848,1,Colon,Inflammatory;Connective_Soft_tissue,Label the inflammatory and connective soft tissue regions.,848
pannuke_f1_0849,1,Colon,Inflammatory;Connective_Soft_tissue,Draw inflammatory and connective soft tissue outlines.,849
pannuke_f1_0850,1,Colon,Inflammatory;Connective_Soft_tissue,Chart inflammatory and connective soft tissue distribution.,850
pannuke_f1_0851,1,Colon,Neoplastic;Inflammatory,Segment all neoplastic and inflammatory areas.,851
pannuke_f1_0852,1,Colon,Neoplastic;Dead,Generate mask for neoplastic and dead.,852
pannuke_f1_0853,1,Colon,Neoplastic;Connective_Soft_tissue,Draw around neoplastic and connective soft tissue.,853
pannuke_f1_0854,1,Colon,Inflammatory;Connective_Soft_tissue,Spot visible inflammatory and connective soft tissue.,854
pannuke_f1_0855,1,Colon,Neoplastic;Inflammatory;Connective_Soft_tissue,"Delineate visible neoplastic, inflammatory and connective soft tissue structures.",855
pannuke_f1_0856,1,Colon,Neoplastic;Inflammatory;Connective_Soft_tissue,"Label neoplastic, inflammatory and connective soft tissue cells.",856
pannuke_f1_0857,1,Colon,Inflammatory;Connective_Soft_tissue,Identify inflammatory and connective soft tissue in Colon histology.,857
pannuke_f1_0858,1,Colon,Neoplastic;Inflammatory;Connective_Soft_tissue,"Identify and mark neoplastic, inflammatory and connective soft tissue.",858
pannuke_f1_0859,1,Colon,Neoplastic;Inflammatory;Connective_Soft_tissue,"Discern neoplastic, inflammatory and connective soft tissue cells.",859
pannuke_f1_0860,1,Colon,Neoplastic;Inflammatory;Connective_Soft_tissue,"Label visible neoplastic, inflammatory and connective soft tissue.",860
pannuke_f1_0861,1,Colon,Neoplastic;Connective_Soft_tissue,Delineate neoplastic and connective soft tissue boundaries.,861
pannuke_f1_0862,1,Colon,Neoplastic;Connective_Soft_tissue,"Given this pathology slide, segment neoplastic and connective soft tissue.",862
pannuke_f1_0863,1,Colon,Neoplastic;Inflammatory;Connective_Soft_tissue,"Delineate all neoplastic, inflammatory and connective soft tissue tissue.",863
pannuke_f1_0864,1,Colon,Inflammatory;Connective_Soft_tissue,Segment the inflammatory and connective soft tissue tissue regions.,864
pannuke_f1_0865,1,Colon,Neoplastic;Inflammatory;Connective_Soft_tissue,"Segment the entire neoplastic, inflammatory and connective soft tissue population.",865
pannuke_f1_0866,1,Colon,Neoplastic;Inflammatory;Connective_Soft_tissue,"Target neoplastic, inflammatory and connective soft tissue cells.",866
pannuke_f1_0867,1,Lung,Neoplastic;Connective_Soft_tissue,Mark all neoplastic and connective soft tissue regions.,867
pannuke_f1_0868,1,Lung,Neoplastic;Connective_Soft_tissue,Assess neoplastic and connective soft tissue regions.,868
pannuke_f1_0869,1,Lung,Neoplastic,Generate neoplastic segmentation.,869
pannuke_f1_0870,1,Lung,Neoplastic;Connective_Soft_tissue,Segment present neoplastic and connective soft tissue structures.,870
pannuke_f1_0871,1,Lung,Neoplastic;Inflammatory,Segment clusters of neoplastic and inflammatory.,871
pannuke_f1_0872,1,Lung,Neoplastic;Inflammatory;Connective_Soft_tissue,"Accurately identify and mark all neoplastic, inflammatory and connective soft tissue areas present in the slide.",872
pannuke_f1_0873,1,Lung,Neoplastic,Identify neoplastic in this image.,873
pannuke_f1_0874,1,Lung,Neoplastic;Inflammatory;Connective_Soft_tissue,"Mark the neoplastic, inflammatory and connective soft tissue areas.",874
pannuke_f1_0875,1,Lung,Neoplastic,Your task: segment neoplastic in this image.,875
pannuke_f1_0876,1,Lung,Neoplastic,Segment the neoplastic sections.,876
pannuke_f1_0877,1,Lung,Neoplastic;Inflammatory;Connective_Soft_tissue,"Target neoplastic, inflammatory and connective soft tissue cells.",877
pannuke_f1_0878,1,Lung,Neoplastic;Inflammatory;Connective_Soft_tissue,"Segment the entire neoplastic, inflammatory and connective soft tissue population.",878
pannuke_f1_0879,1,Lung,Neoplastic;Connective_Soft_tissue,Segment neoplastic and connective soft tissue cellular composition.,879
pannuke_f1_0880,1,Lung,Neoplastic;Inflammatory;Connective_Soft_tissue,"Highlight all neoplastic, inflammatory and connective soft tissue tissue.",880
pannuke_f1_0881,1,Lung,Neoplastic;Connective_Soft_tissue,Highlight neoplastic and connective soft tissue in this image.,881
pannuke_f1_0882,1,Lung,Neoplastic;Inflammatory;Connective_Soft_tissue,"Segment present neoplastic, inflammatory and connective soft tissue regions.",882
pannuke_f1_0883,1,Lung,Neoplastic;Connective_Soft_tissue,Segment the neoplastic and connective soft tissue cells.,883
pannuke_f1_0884,1,Lung,Neoplastic,Where is neoplastic located?,884
pannuke_f1_0885,1,Lung,Neoplastic;Connective_Soft_tissue,Can you locate neoplastic and connective soft tissue?,885
pannuke_f1_0886,1,Lung,Neoplastic;Inflammatory;Connective_Soft_tissue,"Mark visible neoplastic, inflammatory and connective soft tissue areas.",886
pannuke_f1_0887,1,Lung,Neoplastic;Connective_Soft_tissue,"For Lung pathology, outline neoplastic and connective soft tissue.",887
pannuke_f1_0888,1,Lung,Neoplastic;Connective_Soft_tissue,Recognize neoplastic and connective soft tissue in Lung pathology.,888
pannuke_f1_0889,1,Lung,Neoplastic;Inflammatory;Connective_Soft_tissue,"In the Lung specimen, label neoplastic, inflammatory and connective soft tissue.",889
pannuke_f1_0890,1,Lung,Neoplastic;Inflammatory;Connective_Soft_tissue,"Define neoplastic, inflammatory and connective soft tissue regions.",890
pannuke_f1_0891,1,Lung,Neoplastic;Inflammatory;Connective_Soft_tissue,"The tissue shows neoplastic, inflammatory and connective soft tissue. Mark the areas.",891
pannuke_f1_0892,1,Lung,Neoplastic;Inflammatory;Connective_Soft_tissue,"Detect and segment neoplastic, inflammatory and connective soft tissue areas.",892
pannuke_f1_0893,1,Lung,Neoplastic;Inflammatory;Connective_Soft_tissue,"Record neoplastic, inflammatory and connective soft tissue regions in Lung.",893
pannuke_f1_0894,1,Lung,Neoplastic;Connective_Soft_tissue,"Within Lung architecture, locate neoplastic and connective soft tissue.",894
pannuke_f1_0895,1,Lung,Neoplastic;Inflammatory;Connective_Soft_tissue,"Highlight neoplastic, inflammatory and connective soft tissue cellular characteristics.",895
pannuke_f1_0896,1,Lung,Neoplastic;Inflammatory;Connective_Soft_tissue,"Detect all neoplastic, inflammatory and connective soft tissue cells.",896
pannuke_f1_0897,1,Breast,Inflammatory;Connective_Soft_tissue,Indicate inflammatory and connective soft tissue areas.,897
pannuke_f1_0898,1,Breast,Neoplastic;Connective_Soft_tissue,Recognize the neoplastic and connective soft tissue tissue.,898
pannuke_f1_0899,1,Breast,Neoplastic;Inflammatory;Connective_Soft_tissue,"Distinguish neoplastic, inflammatory and connective soft tissue from other tissue.",899
pannuke_f1_0900,1,Breast,Inflammatory;Connective_Soft_tissue;Epithelial,"Segment inflammatory, connective soft tissue and epithelial in this image.",900
pannuke_f1_0901,1,Breast,Neoplastic;Inflammatory;Connective_Soft_tissue;Epithelial,"Indicate all neoplastic, inflammatory, connective soft tissue and epithelial cells.",901
pannuke_f1_0902,1,Breast,Inflammatory;Connective_Soft_tissue;Epithelial,"Identify inflammatory, connective soft tissue and epithelial components.",902
pannuke_f1_0903,1,Breast,Neoplastic;Inflammatory;Connective_Soft_tissue,"Search for neoplastic, inflammatory and connective soft tissue regions.",903
pannuke_f1_0904,1,Breast,Neoplastic;Inflammatory;Connective_Soft_tissue,"Delineate visible neoplastic, inflammatory and connective soft tissue structures.",904
pannuke_f1_0905,1,Breast,Neoplastic;Inflammatory;Connective_Soft_tissue,"Identify neoplastic, inflammatory and connective soft tissue for diagnostic purposes.",905
pannuke_f1_0906,1,Breast,Neoplastic;Inflammatory;Connective_Soft_tissue,"Trace the neoplastic, inflammatory and connective soft tissue outlines.",906
pannuke_f1_0907,1,Breast,Neoplastic,Segment the neoplastic regions.,907
pannuke_f1_0908,1,Breast,Neoplastic;Connective_Soft_tissue,Indicate the neoplastic and connective soft tissue tissue.,908
pannuke_f1_0909,1,Colon,Neoplastic;Connective_Soft_tissue,"In the Colon microstructure, find neoplastic and connective soft tissue.",909
pannuke_f1_0910,1,Colon,Neoplastic;Inflammatory;Connective_Soft_tissue,"Create an accurate segmentation of neoplastic, inflammatory and connective soft tissue areas.",910
pannuke_f1_0911,1,Colon,Neoplastic,Mark neoplastic adjacent to epithelium.,911
pannuke_f1_0912,1,Kidney,Neoplastic;Connective_Soft_tissue,"Looking at this tissue section, identify neoplastic and connective soft tissue.",912
pannuke_f1_0913,1,Kidney,Neoplastic;Connective_Soft_tissue,The task is to segment neoplastic and connective soft tissue.,913
pannuke_f1_0914,1,Kidney,Neoplastic;Inflammatory;Connective_Soft_tissue,"Highlight neoplastic, inflammatory and connective soft tissue cellular characteristics.",914
pannuke_f1_0915,1,Kidney,Neoplastic;Inflammatory;Connective_Soft_tissue,"Outline neoplastic, inflammatory and connective soft tissue cells.",915
pannuke_f1_0916,1,Kidney,Neoplastic;Connective_Soft_tissue,Pinpoint neoplastic and connective soft tissue in this Kidney.,916
pannuke_f1_0917,1,Kidney,Neoplastic;Connective_Soft_tissue,Segment neoplastic and connective soft tissue for pathological assessment.,917
pannuke_f1_0918,1,Kidney,Neoplastic;Inflammatory;Connective_Soft_tissue,"Label neoplastic, inflammatory and connective soft tissue in this Kidney section.",918
pannuke_f1_0919,1,Prostate,Neoplastic;Connective_Soft_tissue,Distinguish neoplastic and connective soft tissue cells.,919
pannuke_f1_0920,1,Prostate,Neoplastic;Connective_Soft_tissue,"In the Prostate specimen, label neoplastic and connective soft tissue.",920
pannuke_f1_0921,1,Prostate,Neoplastic,Distinguish neoplastic from other tissue.,921
pannuke_f1_0922,1,Prostate,Neoplastic;Connective_Soft_tissue,Identify neoplastic and connective soft tissue abnormalities.,922
pannuke_f1_0923,1,Bladder,Neoplastic;Inflammatory,Delineate neoplastic and inflammatory pathology in this section.,923
pannuke_f1_0924,1,Breast,Neoplastic;Inflammatory;Connective_Soft_tissue,"Segment neoplastic, inflammatory and connective soft tissue in the tissue matrix.",924
pannuke_f1_0925,1,Breast,Neoplastic;Inflammatory;Connective_Soft_tissue,"Partition neoplastic, inflammatory and connective soft tissue regions.",925
pannuke_f1_0926,1,Breast,Neoplastic;Connective_Soft_tissue,Mark neoplastic and connective soft tissue cytoplasmic features.,926
pannuke_f1_0927,1,Breast,Neoplastic,Sketch neoplastic regions.,927
pannuke_f1_0928,1,Breast,Neoplastic;Inflammatory;Connective_Soft_tissue,"Segment the neoplastic, inflammatory and connective soft tissue sections.",928
pannuke_f1_0929,1,Breast,Neoplastic;Inflammatory;Connective_Soft_tissue,"Record neoplastic, inflammatory and connective soft tissue regions in Breast.",929
pannuke_f1_0930,1,Breast,Neoplastic;Inflammatory;Connective_Soft_tissue;Epithelial,"Identify nuclear neoplastic, inflammatory, connective soft tissue and epithelial features.",930
pannuke_f1_0931,1,Breast,Neoplastic;Connective_Soft_tissue;Epithelial,"Find the neoplastic, connective soft tissue and epithelial areas.",931
pannuke_f1_0932,1,Bladder,Neoplastic;Inflammatory;Connective_Soft_tissue;Epithelial,"Identify neoplastic, inflammatory, connective soft tissue and epithelial spatial arrangement.",932
pannuke_f1_0933,1,Prostate,Neoplastic;Connective_Soft_tissue,Highlight the neoplastic and connective soft tissue tissue.,933
pannuke_f1_0934,1,Prostate,Neoplastic;Connective_Soft_tissue,Generate a comprehensive mask for neoplastic and connective soft tissue.,934
pannuke_f1_0935,1,Prostate,Neoplastic;Connective_Soft_tissue,Segment all neoplastic and connective soft tissue areas.,935
pannuke_f1_0936,1,Prostate,Neoplastic;Connective_Soft_tissue,Segment neoplastic and connective soft tissue to enable cell counting.,936
pannuke_f1_0937,1,Prostate,Neoplastic;Connective_Soft_tissue,Circle visible neoplastic and connective soft tissue.,937
pannuke_f1_0938,1,Prostate,Neoplastic;Connective_Soft_tissue,Delineate visible neoplastic and connective soft tissue regions.,938
pannuke_f1_0939,1,Prostate,Neoplastic;Connective_Soft_tissue,Segmentation target: neoplastic and connective soft tissue.,939
pannuke_f1_0940,1,Prostate,Neoplastic;Connective_Soft_tissue,Segment neoplastic and connective soft tissue in the Prostate section.,940
pannuke_f1_0941,1,Prostate,Neoplastic;Inflammatory;Connective_Soft_tissue,"What parts are neoplastic, inflammatory and connective soft tissue?",941
pannuke_f1_0942,1,Prostate,Neoplastic,Identify neoplastic features in Prostate.,942
pannuke_f1_0943,1,Prostate,Neoplastic;Inflammatory;Connective_Soft_tissue,"Output neoplastic, inflammatory and connective soft tissue regions.",943
pannuke_f1_0944,1,Prostate,Neoplastic;Inflammatory;Connective_Soft_tissue,"Segment neoplastic, inflammatory and connective soft tissue areas in this slide.",944
pannuke_f1_0945,1,Prostate,Neoplastic;Inflammatory;Connective_Soft_tissue,"neoplastic, inflammatory and connective soft tissue is present in this slide. Segment it.",945
pannuke_f1_0946,1,Prostate,Neoplastic;Inflammatory;Connective_Soft_tissue,"Mark neoplastic, inflammatory and connective soft tissue distribution pattern.",946
pannuke_f1_0947,1,Prostate,Neoplastic;Connective_Soft_tissue,Recognize all neoplastic and connective soft tissue areas.,947
pannuke_f1_0948,1,Prostate,Neoplastic;Connective_Soft_tissue,Segment neoplastic and connective soft tissue in this image.,948
pannuke_f1_0949,1,Prostate,Neoplastic;Connective_Soft_tissue,Segment visible neoplastic and connective soft tissue.,949
pannuke_f1_0950,1,Prostate,Neoplastic;Connective_Soft_tissue,Segment present neoplastic and connective soft tissue areas.,950
pannuke_f1_0951,1,Prostate,Neoplastic;Connective_Soft_tissue,Segment foci of neoplastic and connective soft tissue.,951
pannuke_f1_0952,1,Prostate,Neoplastic;Connective_Soft_tissue,Pinpoint all neoplastic and connective soft tissue areas.,952
pannuke_f1_0953,1,Kidney,Neoplastic;Inflammatory;Connective_Soft_tissue,"Can you segment neoplastic, inflammatory and connective soft tissue?",953
pannuke_f1_0954,1,Kidney,Neoplastic;Inflammatory;Connective_Soft_tissue,"Circle the neoplastic, inflammatory and connective soft tissue structures.",954
pannuke_f1_0955,1,Kidney,Neoplastic;Inflammatory,Highlight visible neoplastic and inflammatory cells.,955
pannuke_f1_0956,1,Kidney,Neoplastic;Inflammatory;Connective_Soft_tissue,"Extract neoplastic, inflammatory and connective soft tissue regions from this image.",956
pannuke_f1_0957,1,Kidney,Neoplastic,Segment the neoplastic histological features.,957
pannuke_f1_0958,1,Kidney,Neoplastic,Identify neoplastic in this pathology slide.,958
pannuke_f1_0959,1,Kidney,Neoplastic;Inflammatory,Mark neoplastic and inflammatory in this biopsy sample.,959
pannuke_f1_0960,1,Kidney,Neoplastic;Inflammatory,Segment margins of neoplastic and inflammatory.,960
pannuke_f1_0961,1,Kidney,Neoplastic;Inflammatory;Connective_Soft_tissue,"Analyze this Kidney and segment neoplastic, inflammatory and connective soft tissue.",961
pannuke_f1_0962,1,Stomach,Inflammatory;Connective_Soft_tissue,Delineate all inflammatory and connective soft tissue structures.,962
pannuke_f1_0963,1,Colon,Neoplastic,Segment visible neoplastic structures.,963
pannuke_f1_0964,1,Colon,Neoplastic;Inflammatory;Connective_Soft_tissue,"Segment the neoplastic, inflammatory and connective soft tissue nuclei.",964
pannuke_f1_0965,1,Colon,Neoplastic;Dead,neoplastic and dead is present in this slide. Segment it.,965
pannuke_f1_0966,1,Stomach,Inflammatory;Connective_Soft_tissue,Mark visible inflammatory and connective soft tissue cells.,966
pannuke_f1_0967,1,Stomach,Inflammatory;Connective_Soft_tissue,Segment inflammatory and connective soft tissue in the tumor stroma.,967
pannuke_f1_0968,1,Stomach,Inflammatory;Connective_Soft_tissue,"Given this pathology slide, segment inflammatory and connective soft tissue.",968
pannuke_f1_0969,1,Ovarian,Neoplastic;Connective_Soft_tissue,Mark visible neoplastic and connective soft tissue.,969
pannuke_f1_0970,1,Ovarian,Connective_Soft_tissue,Delineate present connective soft tissue areas.,970
pannuke_f1_0971,1,Ovarian,Neoplastic,Purpose: delineate neoplastic boundaries.,971
pannuke_f1_0972,1,Ovarian,Neoplastic;Connective_Soft_tissue,Identify clusters of neoplastic and connective soft tissue cells.,972
pannuke_f1_0973,1,Ovarian,Neoplastic;Connective_Soft_tissue,Target neoplastic and connective soft tissue regions.,973
pannuke_f1_0974,1,Ovarian,Neoplastic;Connective_Soft_tissue,Indicate where neoplastic and connective soft tissue is present.,974
pannuke_f1_0975,1,Ovarian,Neoplastic;Inflammatory;Connective_Soft_tissue,"Identify neoplastic, inflammatory and connective soft tissue in Ovarian histology.",975
pannuke_f1_0976,1,Ovarian,Neoplastic;Inflammatory;Connective_Soft_tissue,"Delineate neoplastic, inflammatory and connective soft tissue in Ovarian pathology.",976
pannuke_f1_0977,1,Ovarian,Neoplastic;Inflammatory;Connective_Soft_tissue,"Separate neoplastic, inflammatory and connective soft tissue cells.",977
pannuke_f1_0978,1,Esophagus,Neoplastic,Provide a complete segmentation of neoplastic regions.,978
pannuke_f1_0979,1,Esophagus,Neoplastic,Segment present neoplastic cells.,979
pannuke_f1_0980,1,Esophagus,Neoplastic,Mark visible neoplastic tissue.,980
pannuke_f1_0981,1,Esophagus,Neoplastic;Connective_Soft_tissue,Identify visible neoplastic and connective soft tissue tissue.,981
pannuke_f1_0982,1,Esophagus,Neoplastic,Find neoplastic in this Esophagus sample.,982
pannuke_f1_0983,1,Esophagus,Neoplastic;Connective_Soft_tissue,Mark present neoplastic and connective soft tissue areas.,983
pannuke_f1_0984,1,Esophagus,Neoplastic;Inflammatory,Search for neoplastic and inflammatory regions.,984
pannuke_f1_0985,1,Esophagus,Neoplastic;Inflammatory,"On this Esophagus image, highlight neoplastic and inflammatory.",985
pannuke_f1_0986,1,Esophagus,Neoplastic,Segment present neoplastic areas.,986
pannuke_f1_0987,1,Esophagus,Neoplastic;Connective_Soft_tissue,What areas show neoplastic and connective soft tissue?,987
pannuke_f1_0988,1,Esophagus,Neoplastic,Segment the neoplastic structures.,988
pannuke_f1_0989,1,Esophagus,Neoplastic,Identify neoplastic in this pathology slide.,989
pannuke_f1_0990,1,Esophagus,Neoplastic,Identify clusters of neoplastic cells.,990
pannuke_f1_0991,1,Esophagus,Neoplastic;Connective_Soft_tissue,Segment present neoplastic and connective soft tissue areas.,991
pannuke_f1_0992,1,Esophagus,Neoplastic,Pinpoint the neoplastic tissue.,992
pannuke_f1_0993,1,Esophagus,Neoplastic;Inflammatory,Find the neoplastic and inflammatory regions.,993
pannuke_f1_0994,1,Esophagus,Neoplastic,Label the neoplastic tissue.,994
pannuke_f1_0995,1,Esophagus,Connective_Soft_tissue,Mark foci of connective soft tissue activity.,995
pannuke_f1_0996,1,Esophagus,,,996
pannuke_f1_0997,1,Esophagus,Connective_Soft_tissue,This image contains connective soft tissue. Segment it.,997
pannuke_f1_0998,1,Esophagus,,,998
pannuke_f1_0999,1,Esophagus,Connective_Soft_tissue,Highlight visible connective soft tissue structures.,999
pannuke_f1_1000,1,Esophagus,Connective_Soft_tissue,Highlight all connective soft tissue areas.,1000
pannuke_f1_1001,1,Esophagus,Connective_Soft_tissue,Provide connective soft tissue segmentation.,1001
pannuke_f1_1002,1,Esophagus,Connective_Soft_tissue,Segment connective soft tissue diagnostic regions.,1002
pannuke_f1_1003,1,Esophagus,Connective_Soft_tissue,Annotate all connective soft tissue areas.,1003
pannuke_f1_1004,1,Esophagus,Connective_Soft_tissue,Identify connective soft tissue regions in the Esophagus.,1004
pannuke_f1_1005,1,Esophagus,Connective_Soft_tissue,Identify present connective soft tissue structures.,1005
pannuke_f1_1006,1,Esophagus,Connective_Soft_tissue,Delineate all connective soft tissue regions.,1006
pannuke_f1_1007,1,Esophagus,Connective_Soft_tissue,connective soft tissue is visible. Segment the regions.,1007
pannuke_f1_1008,1,Esophagus,Connective_Soft_tissue,Mark the pathological connective soft tissue regions.,1008
pannuke_f1_1009,1,Esophagus,Connective_Soft_tissue,Identify and mark connective soft tissue.,1009
pannuke_f1_1010,1,Esophagus,Connective_Soft_tissue,Purpose: delineate connective soft tissue boundaries.,1010
pannuke_f1_1011,1,Esophagus,Connective_Soft_tissue,Which areas contain connective soft tissue?,1011
pannuke_f1_1012,1,Esophagus,Connective_Soft_tissue,Please mark connective soft tissue areas.,1012
pannuke_f1_1013,1,Esophagus,Connective_Soft_tissue,Circle all connective soft tissue areas.,1013
pannuke_f1_1014,1,Esophagus,Connective_Soft_tissue,Can you locate connective soft tissue?,1014
pannuke_f1_1015,1,Esophagus,Connective_Soft_tissue,Delineate present connective soft tissue areas.,1015
pannuke_f1_1016,1,Esophagus,Connective_Soft_tissue,Mark visible connective soft tissue cells.,1016
pannuke_f1_1017,1,Esophagus,Inflammatory;Connective_Soft_tissue,Which regions show inflammatory and connective soft tissue?,1017
pannuke_f1_1018,1,Pancreatic,Neoplastic;Inflammatory;Connective_Soft_tissue,"Record neoplastic, inflammatory and connective soft tissue regions in Pancreatic.",1018
pannuke_f1_1019,1,Pancreatic,Neoplastic;Inflammatory,neoplastic and inflammatory is present in this slide. Segment it.,1019
pannuke_f1_1020,1,Pancreatic,Neoplastic;Inflammatory;Connective_Soft_tissue,"Detect all neoplastic, inflammatory and connective soft tissue cells.",1020
pannuke_f1_1021,1,Pancreatic,Neoplastic;Inflammatory;Connective_Soft_tissue,"Show me all neoplastic, inflammatory and connective soft tissue.",1021
pannuke_f1_1022,1,Pancreatic,Neoplastic;Inflammatory,"Reviewing this image, delineate neoplastic and inflammatory boundaries.",1022
pannuke_f1_1023,1,Pancreatic,Neoplastic;Inflammatory;Connective_Soft_tissue,"Pinpoint all neoplastic, inflammatory and connective soft tissue areas.",1023
pannuke_f1_1024,1,Pancreatic,Neoplastic;Inflammatory;Connective_Soft_tissue,"Can you find neoplastic, inflammatory and connective soft tissue?",1024
pannuke_f1_1025,1,Lung,Neoplastic;Dead,Label the neoplastic and dead regions.,1025
pannuke_f1_1026,1,Lung,Neoplastic;Connective_Soft_tissue;Dead,"Mark visible neoplastic, connective soft tissue and dead.",1026
pannuke_f1_1027,1,Lung,Neoplastic;Connective_Soft_tissue;Dead,"Mark visible neoplastic, connective soft tissue and dead cells.",1027
pannuke_f1_1028,1,Lung,Neoplastic;Connective_Soft_tissue;Dead,"Segment tissue showing neoplastic, connective soft tissue and dead.",1028
pannuke_f1_1029,1,Lung,Neoplastic;Connective_Soft_tissue;Dead,"In the Lung specimen, label neoplastic, connective soft tissue and dead.",1029
pannuke_f1_1030,1,Lung,Neoplastic;Connective_Soft_tissue;Dead,"Identify all neoplastic, connective soft tissue and dead structures.",1030
pannuke_f1_1031,1,Lung,Neoplastic;Connective_Soft_tissue;Dead,"Mark only neoplastic, connective soft tissue and dead regions.",1031
pannuke_f1_1032,1,Lung,Neoplastic;Connective_Soft_tissue;Dead,"Show me neoplastic, connective soft tissue and dead cells.",1032
pannuke_f1_1033,1,Lung,Dead,Circle visible dead.,1033
pannuke_f1_1034,1,Lung,Neoplastic;Connective_Soft_tissue;Dead,"Can you mark neoplastic, connective soft tissue and dead?",1034
pannuke_f1_1035,1,Lung,Neoplastic;Inflammatory;Connective_Soft_tissue;Dead,"Mark visible neoplastic, inflammatory, connective soft tissue and dead.",1035
pannuke_f1_1036,1,Lung,Neoplastic;Connective_Soft_tissue;Dead,"Segment all visible neoplastic, connective soft tissue and dead.",1036
pannuke_f1_1037,1,Lung,Neoplastic;Connective_Soft_tissue;Dead,"Circle all neoplastic, connective soft tissue and dead areas.",1037
pannuke_f1_1038,1,Lung,Neoplastic;Connective_Soft_tissue;Dead,"Locate neoplastic, connective soft tissue and dead in this slide.",1038
pannuke_f1_1039,1,Lung,Connective_Soft_tissue;Dead,Identify visible connective soft tissue and dead.,1039
pannuke_f1_1040,1,Lung,Neoplastic;Connective_Soft_tissue;Dead,"Create segmentation of neoplastic, connective soft tissue and dead.",1040
pannuke_f1_1041,1,Lung,Dead,Plot dead locations.,1041
pannuke_f1_1042,1,Lung,Neoplastic;Connective_Soft_tissue,Produce a detailed outline of neoplastic and connective soft tissue structures.,1042
pannuke_f1_1043,1,Lung,Neoplastic;Connective_Soft_tissue,The tissue shows neoplastic and connective soft tissue. Mark the areas.,1043
pannuke_f1_1044,1,Lung,Neoplastic;Connective_Soft_tissue,Which regions show neoplastic and connective soft tissue?,1044
pannuke_f1_1045,1,Lung,Neoplastic;Connective_Soft_tissue,Segment each neoplastic and connective soft tissue region.,1045
pannuke_f1_1046,1,Lung,Neoplastic,Separate neoplastic cells.,1046
pannuke_f1_1047,1,Lung,Neoplastic;Inflammatory;Connective_Soft_tissue,"Detect neoplastic, inflammatory and connective soft tissue in this slide.",1047
pannuke_f1_1048,1,Lung,Neoplastic;Connective_Soft_tissue,Identify neoplastic and connective soft tissue spatial arrangement.,1048
pannuke_f1_1049,1,Lung,Neoplastic;Connective_Soft_tissue,Annotate all neoplastic and connective soft tissue areas.,1049
pannuke_f1_1050,1,Lung,Neoplastic,Highlight visible neoplastic regions.,1050
pannuke_f1_1051,1,Lung,Neoplastic;Connective_Soft_tissue,Mark neoplastic and connective soft tissue in this Lung specimen.,1051
pannuke_f1_1052,1,Lung,Neoplastic;Connective_Soft_tissue,Examine neoplastic and connective soft tissue distribution.,1052
pannuke_f1_1053,1,Lung,Connective_Soft_tissue,The sample contains connective soft tissue. Delineate the regions.,1053
pannuke_f1_1054,1,Lung,Neoplastic;Connective_Soft_tissue,Analyze neoplastic and connective soft tissue presence.,1054
pannuke_f1_1055,1,Lung,Neoplastic;Connective_Soft_tissue,Map neoplastic and connective soft tissue locations.,1055
pannuke_f1_1056,1,Lung,Neoplastic;Connective_Soft_tissue,Mark neoplastic and connective soft tissue ensuring complete coverage of affected areas.,1056
pannuke_f1_1057,1,Lung,Neoplastic;Connective_Soft_tissue,Outline neoplastic and connective soft tissue architectural patterns.,1057
pannuke_f1_1058,1,Lung,Neoplastic;Connective_Soft_tissue,Segment neoplastic and connective soft tissue being careful to capture all regions.,1058
pannuke_f1_1059,1,Lung,Neoplastic;Connective_Soft_tissue,Distinguish visible neoplastic and connective soft tissue.,1059
pannuke_f1_1060,1,Lung,Neoplastic,Delineate visible neoplastic cells.,1060
pannuke_f1_1061,1,Uterus,Inflammatory;Connective_Soft_tissue,Where is inflammatory and connective soft tissue located?,1061
pannuke_f1_1062,1,Uterus,Inflammatory;Connective_Soft_tissue;Epithelial,"Provide inflammatory, connective soft tissue and epithelial segmentation.",1062
pannuke_f1_1063,1,Uterus,Inflammatory;Connective_Soft_tissue;Epithelial,"Label visible inflammatory, connective soft tissue and epithelial.",1063
pannuke_f1_1064,1,Thyroid,Neoplastic,Segment the neoplastic components.,1064
pannuke_f1_1065,1,Thyroid,Neoplastic;Inflammatory;Connective_Soft_tissue,"Separate neoplastic, inflammatory and connective soft tissue cells.",1065
pannuke_f1_1066,1,Thyroid,Neoplastic;Inflammatory;Connective_Soft_tissue,"Required: neoplastic, inflammatory and connective soft tissue segmentation.",1066
pannuke_f1_1067,1,Thyroid,Connective_Soft_tissue,Mark only connective soft tissue regions.,1067
pannuke_f1_1068,1,Thyroid,Inflammatory;Connective_Soft_tissue,Highlight inflammatory and connective soft tissue cells.,1068
pannuke_f1_1069,1,Thyroid,Inflammatory;Connective_Soft_tissue,Segment present inflammatory and connective soft tissue tissue.,1069
pannuke_f1_1070,1,Thyroid,Neoplastic;Inflammatory;Connective_Soft_tissue,"Segment neoplastic, inflammatory and connective soft tissue for pathological assessment.",1070
pannuke_f1_1071,1,Thyroid,Neoplastic;Inflammatory;Connective_Soft_tissue,"Segment the neoplastic, inflammatory and connective soft tissue structures.",1071
pannuke_f1_1072,1,Thyroid,Inflammatory;Connective_Soft_tissue,Identify present inflammatory and connective soft tissue structures.,1072
pannuke_f1_1073,1,Thyroid,Inflammatory;Connective_Soft_tissue,Segment all inflammatory and connective soft tissue tissue.,1073
pannuke_f1_1074,1,Thyroid,Neoplastic;Connective_Soft_tissue,Point out neoplastic and connective soft tissue cells.,1074
pannuke_f1_1075,1,Thyroid,Neoplastic;Inflammatory;Connective_Soft_tissue,"Produce neoplastic, inflammatory and connective soft tissue mask.",1075
pannuke_f1_1076,1,Thyroid,Neoplastic;Inflammatory;Connective_Soft_tissue,"Identify only neoplastic, inflammatory and connective soft tissue cells.",1076
pannuke_f1_1077,1,Thyroid,Inflammatory;Connective_Soft_tissue,Produce a detailed outline of inflammatory and connective soft tissue structures.,1077
pannuke_f1_1078,1,Thyroid,Neoplastic;Inflammatory;Connective_Soft_tissue,"Identify visible neoplastic, inflammatory and connective soft tissue cells.",1078
pannuke_f1_1079,1,Thyroid,Inflammatory;Connective_Soft_tissue,Chart inflammatory and connective soft tissue distribution.,1079
pannuke_f1_1080,1,Thyroid,Neoplastic;Inflammatory;Connective_Soft_tissue,"Annotate neoplastic, inflammatory and connective soft tissue cells.",1080
pannuke_f1_1081,1,Thyroid,Neoplastic;Connective_Soft_tissue,Segment all neoplastic and connective soft tissue structures.,1081
pannuke_f1_1082,1,Thyroid,Neoplastic;Inflammatory;Connective_Soft_tissue,"Mark neoplastic, inflammatory and connective soft tissue cytological features.",1082
pannuke_f1_1083,1,Thyroid,Inflammatory;Connective_Soft_tissue,Segment present inflammatory and connective soft tissue tissue.,1083
pannuke_f1_1084,1,Thyroid,Connective_Soft_tissue,Segment the connective soft tissue cells.,1084
pannuke_f1_1085,1,Skin,Neoplastic;Connective_Soft_tissue,Annotate neoplastic and connective soft tissue cells.,1085
pannuke_f1_1086,1,Skin,Inflammatory;Connective_Soft_tissue,Label inflammatory and connective soft tissue cells.,1086
pannuke_f1_1087,1,Skin,Inflammatory;Connective_Soft_tissue,Isolate inflammatory and connective soft tissue cells.,1087
pannuke_f1_1088,1,Skin,Connective_Soft_tissue;Epithelial,Segment extent of connective soft tissue and epithelial.,1088
pannuke_f1_1089,1,Skin,Connective_Soft_tissue;Epithelial,"Reviewing this image, delineate connective soft tissue and epithelial boundaries.",1089
pannuke_f1_1090,1,Skin,Connective_Soft_tissue;Epithelial,Delineate all connective soft tissue and epithelial regions.,1090
pannuke_f1_1091,1,Cervix,Epithelial,Segment epithelial cellular composition.,1091
pannuke_f1_1092,1,Cervix,Epithelial,Highlight all epithelial structures.,1092
pannuke_f1_1093,1,Cervix,Epithelial,Indicate the epithelial regions.,1093
pannuke_f1_1094,1,Cervix,Epithelial,Highlight visible epithelial structures.,1094
pannuke_f1_1095,1,Cervix,Inflammatory;Connective_Soft_tissue;Epithelial,"You should identify inflammatory, connective soft tissue and epithelial.",1095
pannuke_f1_1096,1,Cervix,Inflammatory;Connective_Soft_tissue;Epithelial,"Circle all inflammatory, connective soft tissue and epithelial areas.",1096
pannuke_f1_1097,1,Thyroid,Connective_Soft_tissue,Provide mask for connective soft tissue.,1097
pannuke_f1_1098,1,Thyroid,Connective_Soft_tissue,Please identify connective soft tissue cells.,1098
pannuke_f1_1099,1,Thyroid,Neoplastic;Connective_Soft_tissue,Indicate all neoplastic and connective soft tissue cells.,1099
pannuke_f1_1100,1,Thyroid,Connective_Soft_tissue,Can you find connective soft tissue?,1100
pannuke_f1_1101,1,Thyroid,Inflammatory;Connective_Soft_tissue,Please highlight inflammatory and connective soft tissue.,1101
pannuke_f1_1102,1,Thyroid,Neoplastic;Inflammatory;Connective_Soft_tissue,"Segment neoplastic, inflammatory and connective soft tissue for pathological assessment.",1102
pannuke_f1_1103,1,Thyroid,Neoplastic;Inflammatory;Connective_Soft_tissue,"Annotate the neoplastic, inflammatory and connective soft tissue tissue.",1103
pannuke_f1_1104,1,Thyroid,Connective_Soft_tissue,Delineate connective soft tissue with accurate boundary detection.,1104
pannuke_f1_1105,1,Thyroid,Connective_Soft_tissue,Mark visible connective soft tissue regions.,1105
pannuke_f1_1106,1,Thyroid,Inflammatory;Connective_Soft_tissue,Spot inflammatory and connective soft tissue cells.,1106
pannuke_f1_1107,1,Thyroid,Neoplastic,Pinpoint visible neoplastic.,1107
pannuke_f1_1108,1,Thyroid,Neoplastic;Inflammatory;Connective_Soft_tissue,"Identify visible neoplastic, inflammatory and connective soft tissue areas.",1108
pannuke_f1_1109,1,Thyroid,Inflammatory;Connective_Soft_tissue,Segment the inflammatory and connective soft tissue nuclei.,1109
pannuke_f1_1110,1,Thyroid,Inflammatory;Connective_Soft_tissue,Delineate inflammatory and connective soft tissue with accurate boundary detection.,1110
pannuke_f1_1111,1,Thyroid,Neoplastic;Inflammatory;Connective_Soft_tissue,"Highlight all neoplastic, inflammatory and connective soft tissue areas.",1111
pannuke_f1_1112,1,Thyroid,Neoplastic;Connective_Soft_tissue,Segment neoplastic and connective soft tissue being careful to capture all regions.,1112
pannuke_f1_1113,1,Thyroid,Neoplastic;Inflammatory;Connective_Soft_tissue,"Highlight visible neoplastic, inflammatory and connective soft tissue cells.",1113
pannuke_f1_1114,1,Thyroid,Neoplastic;Connective_Soft_tissue,Segment neoplastic and connective soft tissue throughout the image.,1114
pannuke_f1_1115,1,Esophagus,Connective_Soft_tissue,Identify visible connective soft tissue tissue.,1115
pannuke_f1_1116,1,Esophagus,Connective_Soft_tissue,"Examining this slide, mark all connective soft tissue regions.",1116
pannuke_f1_1117,1,Esophagus,Inflammatory;Connective_Soft_tissue,Sketch inflammatory and connective soft tissue regions.,1117
pannuke_f1_1118,1,Esophagus,Connective_Soft_tissue,Segment patches of connective soft tissue.,1118
pannuke_f1_1119,1,Esophagus,Connective_Soft_tissue,Segment patches of connective soft tissue.,1119
pannuke_f1_1120,1,Esophagus,Connective_Soft_tissue,Segment foci of connective soft tissue.,1120
pannuke_f1_1121,1,Esophagus,Connective_Soft_tissue,Identify and segment connective soft tissue.,1121
pannuke_f1_1122,1,Esophagus,Connective_Soft_tissue,Identify all connective soft tissue regions.,1122
pannuke_f1_1123,1,Esophagus,Connective_Soft_tissue,Highlight present connective soft tissue cells.,1123
pannuke_f1_1124,1,Esophagus,Connective_Soft_tissue,"For this Esophagus sample, mark connective soft tissue.",1124
pannuke_f1_1125,1,Esophagus,Connective_Soft_tissue,Segment the connective soft tissue infiltration.,1125
pannuke_f1_1126,1,Esophagus,Connective_Soft_tissue,Segment all connective soft tissue areas.,1126
pannuke_f1_1127,1,Esophagus,Connective_Soft_tissue,Develop a precise map of connective soft tissue distribution.,1127
pannuke_f1_1128,1,Esophagus,Connective_Soft_tissue,Find the connective soft tissue areas.,1128
pannuke_f1_1129,1,Esophagus,Connective_Soft_tissue,Delineate all connective soft tissue cells.,1129
pannuke_f1_1130,1,Esophagus,Connective_Soft_tissue,Delineate present connective soft tissue areas.,1130
pannuke_f1_1131,1,Esophagus,Connective_Soft_tissue,Mark the connective soft tissue areas.,1131
pannuke_f1_1132,1,Esophagus,Connective_Soft_tissue,Mark foci of connective soft tissue activity.,1132
pannuke_f1_1133,1,Esophagus,Neoplastic;Connective_Soft_tissue,Locate all neoplastic and connective soft tissue cells.,1133
pannuke_f1_1134,1,Esophagus,Neoplastic,Segment the neoplastic nuclei.,1134
pannuke_f1_1135,1,Esophagus,Neoplastic;Connective_Soft_tissue,Study this Esophagus section and mark neoplastic and connective soft tissue.,1135
pannuke_f1_1136,1,Esophagus,Neoplastic,Purpose: delineate neoplastic boundaries.,1136
pannuke_f1_1137,1,Esophagus,Neoplastic;Connective_Soft_tissue,Scan for neoplastic and connective soft tissue cells.,1137
pannuke_f1_1138,1,Esophagus,Neoplastic;Connective_Soft_tissue,Trace all neoplastic and connective soft tissue areas.,1138
pannuke_f1_1139,1,Esophagus,Neoplastic;Connective_Soft_tissue,Highlight visible neoplastic and connective soft tissue regions.,1139
pannuke_f1_1140,1,Esophagus,Neoplastic;Connective_Soft_tissue,Segment visible neoplastic and connective soft tissue structures.,1140
pannuke_f1_1141,1,Esophagus,Neoplastic;Connective_Soft_tissue,Which regions show neoplastic and connective soft tissue?,1141
pannuke_f1_1142,1,Esophagus,Neoplastic,"From the Esophagus tissue, extract neoplastic regions.",1142
pannuke_f1_1143,1,Esophagus,Neoplastic;Connective_Soft_tissue,Segment any neoplastic and connective soft tissue present.,1143
pannuke_f1_1144,1,Esophagus,Neoplastic;Connective_Soft_tissue,Mark cellular neoplastic and connective soft tissue regions.,1144
pannuke_f1_1145,1,Esophagus,Neoplastic;Connective_Soft_tissue,Outline neoplastic and connective soft tissue architectural patterns.,1145
pannuke_f1_1146,1,Esophagus,Neoplastic;Connective_Soft_tissue,Segment sites of neoplastic and connective soft tissue.,1146
pannuke_f1_1147,1,Cervix,,,1147
pannuke_f1_1148,1,Cervix,,,1148
pannuke_f1_1149,1,Cervix,,,1149
pannuke_f1_1150,1,Cervix,Inflammatory,Delineate all inflammatory tissue.,1150
pannuke_f1_1151,1,Cervix,Inflammatory,Delineate visible inflammatory cells.,1151
pannuke_f1_1152,1,Cervix,,,1152
pannuke_f1_1153,1,Cervix,Inflammatory,Identify inflammatory including all visible instances.,1153
pannuke_f1_1154,1,Cervix,Inflammatory,Segment the inflammatory spread.,1154
pannuke_f1_1155,1,Cervix,,,1155
pannuke_f1_1156,1,Cervix,Inflammatory,Please segment inflammatory.,1156
pannuke_f1_1157,1,Cervix,Inflammatory;Connective_Soft_tissue,Concentrate on inflammatory and connective soft tissue regions.,1157
pannuke_f1_1158,1,Cervix,,,1158
pannuke_f1_1159,1,Cervix,Inflammatory,Pay attention to inflammatory areas.,1159
pannuke_f1_1160,1,Cervix,,,1160
pannuke_f1_1161,1,Cervix,,,1161
pannuke_f1_1162,1,Cervix,Inflammatory,Carefully segment all inflammatory regions visible in this histopathology image.,1162
pannuke_f1_1163,1,Cervix,Inflammatory;Connective_Soft_tissue,Segment present inflammatory and connective soft tissue cells.,1163
pannuke_f1_1164,1,Cervix,,,1164
pannuke_f1_1165,1,Cervix,Inflammatory,Delineate all inflammatory tissue.,1165
pannuke_f1_1166,1,Cervix,,,1166
pannuke_f1_1167,1,Cervix,Inflammatory,Segment inflammatory tissue morphology.,1167
pannuke_f1_1168,1,Cervix,Inflammatory,Identify inflammatory in this pathology slide.,1168
pannuke_f1_1169,1,Cervix,Inflammatory,Segment inflammatory areas in this slide.,1169
pannuke_f1_1170,1,Cervix,Inflammatory,Carefully segment all inflammatory regions visible in this histopathology image.,1170
pannuke_f1_1171,1,Adrenal_gland,Neoplastic;Inflammatory;Connective_Soft_tissue,"Determine neoplastic, inflammatory and connective soft tissue distribution.",1171
pannuke_f1_1172,1,Adrenal_gland,Neoplastic;Connective_Soft_tissue,Target neoplastic and connective soft tissue regions.,1172
pannuke_f1_1173,1,Adrenal_gland,Neoplastic;Connective_Soft_tissue,What parts are neoplastic and connective soft tissue?,1173
pannuke_f1_1174,1,Adrenal_gland,Neoplastic;Inflammatory;Connective_Soft_tissue,"Sketch neoplastic, inflammatory and connective soft tissue regions.",1174
pannuke_f1_1175,1,Adrenal_gland,Neoplastic;Inflammatory;Connective_Soft_tissue,"Your task: segment neoplastic, inflammatory and connective soft tissue in this image.",1175
pannuke_f1_1176,1,Adrenal_gland,Neoplastic;Inflammatory;Connective_Soft_tissue,"Spot visible neoplastic, inflammatory and connective soft tissue.",1176
pannuke_f1_1177,1,Adrenal_gland,Neoplastic;Connective_Soft_tissue,Delineate neoplastic and connective soft tissue with accurate boundary detection.,1177
pannuke_f1_1178,1,Adrenal_gland,Neoplastic;Connective_Soft_tissue,Detect neoplastic and connective soft tissue in Adrenal gland histology.,1178
pannuke_f1_1179,1,Adrenal_gland,Neoplastic;Inflammatory;Connective_Soft_tissue,"Segment neoplastic, inflammatory and connective soft tissue in this tissue specimen.",1179
pannuke_f1_1180,1,Adrenal_gland,Neoplastic;Inflammatory;Connective_Soft_tissue,"Segment patches of neoplastic, inflammatory and connective soft tissue.",1180
pannuke_f1_1181,1,Adrenal_gland,Neoplastic;Connective_Soft_tissue,Mark regions of neoplastic and connective soft tissue accumulation.,1181
pannuke_f1_1182,1,Adrenal_gland,Neoplastic;Inflammatory;Connective_Soft_tissue,"Target neoplastic, inflammatory and connective soft tissue in this image.",1182
pannuke_f1_1183,1,Adrenal_gland,Neoplastic;Inflammatory;Connective_Soft_tissue,"In this Adrenal gland histology, identify neoplastic, inflammatory and connective soft tissue cells.",1183
pannuke_f1_1184,1,Adrenal_gland,Neoplastic;Inflammatory;Connective_Soft_tissue,"Delineate visible neoplastic, inflammatory and connective soft tissue regions.",1184
pannuke_f1_1185,1,Adrenal_gland,Neoplastic;Connective_Soft_tissue,Draw neoplastic and connective soft tissue outlines.,1185
pannuke_f1_1186,1,Adrenal_gland,Neoplastic;Connective_Soft_tissue,Delineate present neoplastic and connective soft tissue tissue.,1186
pannuke_f1_1187,1,Adrenal_gland,Neoplastic;Inflammatory;Connective_Soft_tissue,"Mark neoplastic, inflammatory and connective soft tissue adjacent to epithelium.",1187
pannuke_f1_1188,1,Adrenal_gland,Neoplastic;Connective_Soft_tissue,"For this Adrenal gland biopsy, segment neoplastic and connective soft tissue areas.",1188
pannuke_f1_1189,1,Adrenal_gland,Connective_Soft_tissue,Find connective soft tissue in this image.,1189
pannuke_f1_1190,1,Adrenal_gland,Connective_Soft_tissue,Where are the connective soft tissue regions?,1190
pannuke_f1_1191,1,Adrenal_gland,Neoplastic,Highlight present neoplastic structures.,1191
pannuke_f1_1192,1,Adrenal_gland,Neoplastic,"In this Adrenal gland histology, identify neoplastic cells.",1192
pannuke_f1_1193,1,Adrenal_gland,Neoplastic;Connective_Soft_tissue,Identify histological regions showing neoplastic and connective soft tissue.,1193
pannuke_f1_1194,1,Adrenal_gland,Neoplastic,"Given this Adrenal gland sample, mark neoplastic regions.",1194
pannuke_f1_1195,1,Adrenal_gland,Neoplastic;Connective_Soft_tissue,Generate a comprehensive mask for neoplastic and connective soft tissue.,1195
pannuke_f1_1196,1,Adrenal_gland,Neoplastic,"In the Adrenal gland section, locate neoplastic.",1196
pannuke_f1_1197,1,Adrenal_gland,Neoplastic,Highlight visible neoplastic tissue.,1197
pannuke_f1_1198,1,Adrenal_gland,Neoplastic,Segment neoplastic for quantitative analysis.,1198
pannuke_f1_1199,1,Adrenal_gland,Neoplastic,Identify neoplastic for diagnostic purposes.,1199
pannuke_f1_1200,1,Adrenal_gland,Neoplastic;Connective_Soft_tissue,Segment neoplastic and connective soft tissue tissue.,1200
pannuke_f1_1201,1,Adrenal_gland,Neoplastic;Inflammatory;Connective_Soft_tissue,"Emphasize neoplastic, inflammatory and connective soft tissue presence.",1201
pannuke_f1_1202,1,Adrenal_gland,Neoplastic;Connective_Soft_tissue,Identify the neoplastic and connective soft tissue regions.,1202
pannuke_f1_1203,1,Adrenal_gland,Neoplastic;Connective_Soft_tissue,Identify all neoplastic and connective soft tissue structures.,1203
pannuke_f1_1204,1,Adrenal_gland,Neoplastic;Connective_Soft_tissue,Segment regions with neoplastic and connective soft tissue.,1204
pannuke_f1_1205,1,Adrenal_gland,Neoplastic,Identify all neoplastic structures.,1205
pannuke_f1_1206,1,Adrenal_gland,Neoplastic,"In this Adrenal gland histology, identify neoplastic cells.",1206
pannuke_f1_1207,1,Adrenal_gland,Neoplastic;Inflammatory,Define neoplastic and inflammatory regions.,1207
pannuke_f1_1208,1,Adrenal_gland,Neoplastic;Connective_Soft_tissue,The objective is to mark neoplastic and connective soft tissue.,1208
pannuke_f1_1209,1,Adrenal_gland,Neoplastic,Delineate visible neoplastic areas.,1209
pannuke_f1_1210,1,Adrenal_gland,Neoplastic,"Given this Adrenal gland sample, mark neoplastic regions.",1210
pannuke_f1_1211,1,Adrenal_gland,Neoplastic,Segment neoplastic throughout the image.,1211
pannuke_f1_1212,1,Adrenal_gland,Neoplastic;Connective_Soft_tissue,Pinpoint the neoplastic and connective soft tissue regions.,1212
pannuke_f1_1213,1,Adrenal_gland,Neoplastic;Connective_Soft_tissue,Segment extent of neoplastic and connective soft tissue.,1213
pannuke_f1_1214,1,Adrenal_gland,Neoplastic;Connective_Soft_tissue,Delineate neoplastic and connective soft tissue for clinical evaluation.,1214
pannuke_f1_1215,1,Adrenal_gland,Neoplastic;Connective_Soft_tissue,Segment neoplastic and connective soft tissue in this histology image.,1215
pannuke_f1_1216,1,Adrenal_gland,Neoplastic;Connective_Soft_tissue,Focus on neoplastic and connective soft tissue in this image.,1216
pannuke_f1_1217,1,Adrenal_gland,Neoplastic;Inflammatory,Concentrate on neoplastic and inflammatory regions.,1217
pannuke_f1_1218,1,Adrenal_gland,Neoplastic;Connective_Soft_tissue,Delineate present neoplastic and connective soft tissue structures.,1218
pannuke_f1_1219,1,Esophagus,Neoplastic,Segment neoplastic diagnostic regions.,1219
pannuke_f1_1220,1,Esophagus,Neoplastic,Segment neoplastic histopathological features.,1220
pannuke_f1_1221,1,Esophagus,Neoplastic;Connective_Soft_tissue,Draw neoplastic and connective soft tissue outlines.,1221
pannuke_f1_1222,1,Esophagus,Neoplastic,There is neoplastic present. Mark it.,1222
pannuke_f1_1223,1,Esophagus,Neoplastic,Segment the neoplastic with attention to boundary precision.,1223
pannuke_f1_1224,1,Esophagus,Neoplastic,You must mark neoplastic regions.,1224
pannuke_f1_1225,1,Esophagus,Neoplastic;Connective_Soft_tissue,Find visible neoplastic and connective soft tissue.,1225
pannuke_f1_1226,1,Esophagus,Neoplastic;Connective_Soft_tissue,Identify all neoplastic and connective soft tissue areas.,1226
pannuke_f1_1227,1,Esophagus,Neoplastic,Map neoplastic distribution in Esophagus.,1227
pannuke_f1_1228,1,Esophagus,Neoplastic,Chart neoplastic presence.,1228
pannuke_f1_1229,1,Esophagus,Neoplastic;Connective_Soft_tissue,Separate neoplastic and connective soft tissue regions.,1229
pannuke_f1_1230,1,Esophagus,Neoplastic,What regions contain neoplastic?,1230
pannuke_f1_1231,1,Esophagus,Neoplastic;Inflammatory;Connective_Soft_tissue,"From the Esophagus tissue, extract neoplastic, inflammatory and connective soft tissue regions.",1231
pannuke_f1_1232,1,Esophagus,Neoplastic,Mark neoplastic cytoplasmic features.,1232
pannuke_f1_1233,1,Esophagus,Neoplastic;Inflammatory;Connective_Soft_tissue,"Identify nuclear neoplastic, inflammatory and connective soft tissue features.",1233
pannuke_f1_1234,1,Esophagus,Neoplastic;Inflammatory,Outline neoplastic and inflammatory areas.,1234
pannuke_f1_1235,1,Esophagus,Neoplastic;Connective_Soft_tissue,Segment the neoplastic and connective soft tissue components.,1235
pannuke_f1_1236,1,Esophagus,Neoplastic;Connective_Soft_tissue,This is a Esophagus image. Segment neoplastic and connective soft tissue.,1236
pannuke_f1_1237,1,Esophagus,Neoplastic;Connective_Soft_tissue,Recognize the neoplastic and connective soft tissue tissue.,1237
pannuke_f1_1238,1,Esophagus,Connective_Soft_tissue;Epithelial,Mark connective soft tissue and epithelial cytological features.,1238
pannuke_f1_1239,1,Esophagus,Connective_Soft_tissue;Epithelial,Identify visible connective soft tissue and epithelial areas.,1239
pannuke_f1_1240,1,Esophagus,Inflammatory;Connective_Soft_tissue;Epithelial,"Mark inflammatory, connective soft tissue and epithelial for morphometric study.",1240
pannuke_f1_1241,1,Esophagus,Epithelial,Segment patches of epithelial.,1241
pannuke_f1_1242,1,Esophagus,Epithelial,You must mark epithelial regions.,1242
pannuke_f1_1243,1,Esophagus,Inflammatory;Connective_Soft_tissue;Epithelial,"Annotate inflammatory, connective soft tissue and epithelial histological patterns.",1243
pannuke_f1_1244,1,Esophagus,Inflammatory;Epithelial,Segment areas containing inflammatory and epithelial.,1244
pannuke_f1_1245,1,Esophagus,Inflammatory;Connective_Soft_tissue;Epithelial,"Mark present inflammatory, connective soft tissue and epithelial cells.",1245
pannuke_f1_1246,1,Esophagus,Connective_Soft_tissue,Segment clusters of connective soft tissue.,1246
pannuke_f1_1247,1,Esophagus,Connective_Soft_tissue,Look for connective soft tissue in this slide.,1247
pannuke_f1_1248,1,Esophagus,Neoplastic;Connective_Soft_tissue,neoplastic and connective soft tissue is evident. Highlight the areas.,1248
pannuke_f1_1249,1,Esophagus,Neoplastic;Connective_Soft_tissue,Carefully segment all neoplastic and connective soft tissue regions visible in this histopathology image.,1249
pannuke_f1_1250,1,Esophagus,Neoplastic;Connective_Soft_tissue,Segment neoplastic and connective soft tissue in relation to stroma.,1250
pannuke_f1_1251,1,Esophagus,Connective_Soft_tissue,Mark visible connective soft tissue cells.,1251
pannuke_f1_1252,1,Esophagus,Neoplastic,Identify present neoplastic cells.,1252
pannuke_f1_1253,1,Esophagus,Neoplastic;Connective_Soft_tissue,Which parts have neoplastic and connective soft tissue?,1253
pannuke_f1_1254,1,Esophagus,Neoplastic;Connective_Soft_tissue,The objective is to mark neoplastic and connective soft tissue.,1254
pannuke_f1_1255,1,Esophagus,Neoplastic;Inflammatory;Connective_Soft_tissue,"Trace the neoplastic, inflammatory and connective soft tissue regions.",1255
pannuke_f1_1256,1,Esophagus,Connective_Soft_tissue,Where are the connective soft tissue regions?,1256
pannuke_f1_1257,1,Esophagus,Neoplastic;Connective_Soft_tissue,Segment the neoplastic and connective soft tissue regions in the image.,1257
pannuke_f1_1258,1,Esophagus,Neoplastic;Inflammatory;Connective_Soft_tissue,"Identify present neoplastic, inflammatory and connective soft tissue areas.",1258
pannuke_f1_1259,1,Esophagus,Neoplastic;Connective_Soft_tissue,Find the neoplastic and connective soft tissue regions.,1259
pannuke_f1_1260,1,Esophagus,Neoplastic;Connective_Soft_tissue,"Given this Esophagus sample, mark neoplastic and connective soft tissue regions.",1260
pannuke_f1_1261,1,Esophagus,Neoplastic;Connective_Soft_tissue,Segment all neoplastic and connective soft tissue in the field.,1261
pannuke_f1_1262,1,Esophagus,Neoplastic;Connective_Soft_tissue,Segment patches of neoplastic and connective soft tissue.,1262
pannuke_f1_1263,1,Esophagus,Connective_Soft_tissue,Sketch connective soft tissue regions.,1263
pannuke_f1_1264,1,Adrenal_gland,Epithelial,Segment regions with epithelial.,1264
pannuke_f1_1265,1,Adrenal_gland,Inflammatory;Connective_Soft_tissue;Epithelial,"Discern the inflammatory, connective soft tissue and epithelial from background.",1265
pannuke_f1_1266,1,Adrenal_gland,Connective_Soft_tissue;Epithelial,Find the connective soft tissue and epithelial areas.,1266
pannuke_f1_1267,1,Adrenal_gland,Inflammatory;Connective_Soft_tissue;Epithelial,"Analyze this Adrenal gland and segment inflammatory, connective soft tissue and epithelial.",1267
pannuke_f1_1268,1,Adrenal_gland,Neoplastic;Connective_Soft_tissue;Epithelial,"Trace all neoplastic, connective soft tissue and epithelial areas.",1268
pannuke_f1_1269,1,Adrenal_gland,Connective_Soft_tissue;Epithelial,Identify nuclear connective soft tissue and epithelial features.,1269
pannuke_f1_1270,1,Adrenal_gland,Connective_Soft_tissue;Epithelial,Identify all connective soft tissue and epithelial nuclei.,1270
pannuke_f1_1271,1,Adrenal_gland,Connective_Soft_tissue;Epithelial,Identify the connective soft tissue and epithelial regions.,1271
pannuke_f1_1272,1,Adrenal_gland,Connective_Soft_tissue;Epithelial,Segment tissue showing connective soft tissue and epithelial.,1272
pannuke_f1_1273,1,Adrenal_gland,Inflammatory;Connective_Soft_tissue;Epithelial,"Delineate present inflammatory, connective soft tissue and epithelial cells.",1273
pannuke_f1_1274,1,Adrenal_gland,Inflammatory;Connective_Soft_tissue;Epithelial,"Locate inflammatory, connective soft tissue and epithelial in this slide.",1274
pannuke_f1_1275,1,Adrenal_gland,Inflammatory;Connective_Soft_tissue;Epithelial,"Search for inflammatory, connective soft tissue and epithelial regions.",1275
pannuke_f1_1276,1,Adrenal_gland,Inflammatory;Connective_Soft_tissue;Epithelial,"Segment inflammatory, connective soft tissue and epithelial nuclei.",1276
pannuke_f1_1277,1,Adrenal_gland,Inflammatory;Connective_Soft_tissue;Epithelial,"Annotate inflammatory, connective soft tissue and epithelial histological patterns.",1277
pannuke_f1_1278,1,Adrenal_gland,Inflammatory;Connective_Soft_tissue;Epithelial,"Delineate present inflammatory, connective soft tissue and epithelial regions.",1278
pannuke_f1_1279,1,Pancreatic,Inflammatory;Connective_Soft_tissue;Epithelial,"Segment visible inflammatory, connective soft tissue and epithelial regions.",1279
pannuke_f1_1280,1,Pancreatic,Inflammatory;Connective_Soft_tissue;Epithelial,"Delineate inflammatory, connective soft tissue and epithelial morphological features.",1280
pannuke_f1_1281,1,Pancreatic,Connective_Soft_tissue,Sketch connective soft tissue regions.,1281
pannuke_f1_1282,1,Pancreatic,Connective_Soft_tissue,Which cells are connective soft tissue?,1282
pannuke_f1_1283,1,Pancreatic,Connective_Soft_tissue,Highlight visible connective soft tissue areas.,1283
pannuke_f1_1284,1,Pancreatic,Inflammatory;Connective_Soft_tissue,Outline inflammatory and connective soft tissue architectural patterns.,1284
pannuke_f1_1285,1,Pancreatic,Inflammatory;Connective_Soft_tissue,Mark cellular inflammatory and connective soft tissue regions.,1285
pannuke_f1_1286,1,Pancreatic,Inflammatory;Connective_Soft_tissue,Label visible inflammatory and connective soft tissue.,1286
pannuke_f1_1287,1,Pancreatic,Inflammatory;Connective_Soft_tissue,Mark inflammatory and connective soft tissue cells in this Pancreatic sample.,1287
pannuke_f1_1288,1,Pancreatic,Connective_Soft_tissue,Mark visible connective soft tissue cells.,1288
pannuke_f1_1289,1,Pancreatic,Connective_Soft_tissue,Identify nuclear connective soft tissue features.,1289
pannuke_f1_1290,1,Pancreatic,Neoplastic;Inflammatory;Connective_Soft_tissue,"Trace all neoplastic, inflammatory and connective soft tissue areas.",1290
pannuke_f1_1291,1,Pancreatic,Neoplastic;Connective_Soft_tissue,Detect visible neoplastic and connective soft tissue.,1291
pannuke_f1_1292,1,Pancreatic,Neoplastic;Connective_Soft_tissue,Identify present neoplastic and connective soft tissue areas.,1292
pannuke_f1_1293,1,Pancreatic,Inflammatory;Connective_Soft_tissue,Segment each inflammatory and connective soft tissue region.,1293
pannuke_f1_1294,1,Pancreatic,Neoplastic;Inflammatory;Connective_Soft_tissue,"You should identify neoplastic, inflammatory and connective soft tissue.",1294
pannuke_f1_1295,1,Pancreatic,Inflammatory;Connective_Soft_tissue,inflammatory and connective soft tissue is evident. Highlight the areas.,1295
pannuke_f1_1296,1,Pancreatic,Inflammatory;Connective_Soft_tissue,Identify inflammatory and connective soft tissue nuclear characteristics.,1296
pannuke_f1_1297,1,Pancreatic,Neoplastic;Connective_Soft_tissue,Segment neoplastic and connective soft tissue being careful to capture all regions.,1297
pannuke_f1_1298,1,Pancreatic,Inflammatory;Connective_Soft_tissue,Recognize all inflammatory and connective soft tissue areas.,1298
pannuke_f1_1299,1,Pancreatic,Inflammatory;Connective_Soft_tissue,Segment inflammatory and connective soft tissue being careful to capture all regions.,1299
pannuke_f1_1300,1,Pancreatic,Neoplastic;Inflammatory;Connective_Soft_tissue,"neoplastic, inflammatory and connective soft tissue is present in this slide. Segment it.",1300
pannuke_f1_1301,1,Pancreatic,Neoplastic;Inflammatory;Connective_Soft_tissue,"Mark neoplastic, inflammatory and connective soft tissue distribution pattern.",1301
pannuke_f1_1302,1,Pancreatic,Neoplastic;Inflammatory;Connective_Soft_tissue,"Segment locations of neoplastic, inflammatory and connective soft tissue.",1302
pannuke_f1_1303,1,Adrenal_gland,Neoplastic;Inflammatory;Connective_Soft_tissue,"Discern neoplastic, inflammatory and connective soft tissue cells.",1303
pannuke_f1_1304,1,Adrenal_gland,Connective_Soft_tissue,Annotate connective soft tissue in Adrenal gland microscopy.,1304
pannuke_f1_1305,1,Adrenal_gland,Neoplastic;Inflammatory,Circle the neoplastic and inflammatory structures.,1305
pannuke_f1_1306,1,Adrenal_gland,Neoplastic;Inflammatory,Locate the neoplastic and inflammatory areas.,1306
pannuke_f1_1307,1,Adrenal_gland,Neoplastic;Inflammatory;Connective_Soft_tissue,"Recognize all neoplastic, inflammatory and connective soft tissue areas.",1307
pannuke_f1_1308,1,Adrenal_gland,Neoplastic;Connective_Soft_tissue,Identify the neoplastic and connective soft tissue microenvironment.,1308
pannuke_f1_1309,1,Adrenal_gland,Neoplastic;Inflammatory,This Adrenal gland slide shows neoplastic and inflammatory. Segment it.,1309
pannuke_f1_1310,1,Adrenal_gland,Neoplastic;Connective_Soft_tissue,Look for neoplastic and connective soft tissue in this slide.,1310
pannuke_f1_1311,1,Adrenal_gland,Neoplastic;Connective_Soft_tissue,Mark neoplastic and connective soft tissue ensuring complete coverage of affected areas.,1311
pannuke_f1_1312,1,Adrenal_gland,Neoplastic;Connective_Soft_tissue,Delineate present neoplastic and connective soft tissue tissue.,1312
pannuke_f1_1313,1,Adrenal_gland,Neoplastic;Inflammatory;Connective_Soft_tissue,"You should identify neoplastic, inflammatory and connective soft tissue.",1313
pannuke_f1_1314,1,Adrenal_gland,Neoplastic;Connective_Soft_tissue,Segment neoplastic and connective soft tissue throughout the image.,1314
pannuke_f1_1315,1,Adrenal_gland,Neoplastic;Connective_Soft_tissue,Segment the neoplastic and connective soft tissue distribution.,1315
pannuke_f1_1316,1,Adrenal_gland,Neoplastic;Connective_Soft_tissue,Indicate the neoplastic and connective soft tissue regions.,1316
pannuke_f1_1317,1,Adrenal_gland,Neoplastic;Inflammatory;Connective_Soft_tissue,"Segment regions with neoplastic, inflammatory and connective soft tissue.",1317
pannuke_f1_1318,1,Adrenal_gland,Neoplastic;Inflammatory;Connective_Soft_tissue,"Can you find neoplastic, inflammatory and connective soft tissue?",1318
pannuke_f1_1319,1,Cervix,Neoplastic;Inflammatory;Connective_Soft_tissue,"Locate the neoplastic, inflammatory and connective soft tissue regions.",1319
pannuke_f1_1320,1,Cervix,Neoplastic;Inflammatory;Connective_Soft_tissue,"Where can you find neoplastic, inflammatory and connective soft tissue?",1320
pannuke_f1_1321,1,Cervix,Neoplastic;Inflammatory,Identify neoplastic and inflammatory for spatial analysis.,1321
pannuke_f1_1322,1,Cervix,Neoplastic;Inflammatory,Segment neoplastic and inflammatory areas in this slide.,1322
pannuke_f1_1323,1,Cervix,Neoplastic;Inflammatory;Connective_Soft_tissue,"Discern visible neoplastic, inflammatory and connective soft tissue.",1323
pannuke_f1_1324,1,Cervix,Neoplastic;Inflammatory,"Within the Cervix, identify neoplastic and inflammatory.",1324
pannuke_f1_1325,1,Cervix,Neoplastic;Inflammatory,Identify areas of neoplastic and inflammatory concentration.,1325
pannuke_f1_1326,1,Cervix,Neoplastic;Inflammatory;Connective_Soft_tissue,"Outline the neoplastic, inflammatory and connective soft tissue regions.",1326
pannuke_f1_1327,1,Cervix,Neoplastic;Inflammatory,Recognize neoplastic and inflammatory cells.,1327
pannuke_f1_1328,1,Cervix,Neoplastic;Inflammatory,Delineate present neoplastic and inflammatory regions.,1328
pannuke_f1_1329,1,Cervix,Neoplastic;Inflammatory;Connective_Soft_tissue,"Segment the neoplastic, inflammatory and connective soft tissue infiltration.",1329
pannuke_f1_1330,1,Cervix,Neoplastic;Inflammatory;Connective_Soft_tissue,"Locate neoplastic, inflammatory and connective soft tissue in this slide.",1330
pannuke_f1_1331,1,Cervix,Neoplastic;Inflammatory,Mark visible neoplastic and inflammatory areas.,1331
pannuke_f1_1332,1,Cervix,Neoplastic;Inflammatory,"In the Cervix microstructure, find neoplastic and inflammatory.",1332
pannuke_f1_1333,1,Cervix,Neoplastic;Inflammatory;Connective_Soft_tissue,"Delineate all neoplastic, inflammatory and connective soft tissue structures.",1333
pannuke_f1_1334,1,Cervix,Neoplastic;Inflammatory;Connective_Soft_tissue,"Provide neoplastic, inflammatory and connective soft tissue segmentation.",1334
pannuke_f1_1335,1,Cervix,Neoplastic;Inflammatory,Delineate present neoplastic and inflammatory structures.,1335
pannuke_f1_1336,1,Cervix,Neoplastic;Inflammatory,Identify present neoplastic and inflammatory tissue.,1336
pannuke_f1_1337,1,Cervix,Neoplastic;Inflammatory;Connective_Soft_tissue,"Accurately identify and mark all neoplastic, inflammatory and connective soft tissue areas present in the slide.",1337
pannuke_f1_1338,1,Cervix,Neoplastic;Inflammatory,Mark visible neoplastic and inflammatory cells.,1338
pannuke_f1_1339,1,Cervix,Neoplastic;Inflammatory;Connective_Soft_tissue,"Distinguish neoplastic, inflammatory and connective soft tissue cells.",1339
pannuke_f1_1340,1,Cervix,Neoplastic;Inflammatory;Connective_Soft_tissue,"Point out the neoplastic, inflammatory and connective soft tissue areas.",1340
pannuke_f1_1341,1,Cervix,Neoplastic;Inflammatory;Connective_Soft_tissue,"Mark visible neoplastic, inflammatory and connective soft tissue areas.",1341
pannuke_f1_1342,1,Cervix,Neoplastic;Inflammatory;Connective_Soft_tissue,"Delineate all neoplastic, inflammatory and connective soft tissue.",1342
pannuke_f1_1343,1,Cervix,Neoplastic;Inflammatory;Connective_Soft_tissue,"Segment present neoplastic, inflammatory and connective soft tissue areas.",1343
pannuke_f1_1344,1,Cervix,Neoplastic;Inflammatory;Connective_Soft_tissue;Dead,"Map all neoplastic, inflammatory, connective soft tissue and dead areas.",1344
pannuke_f1_1345,1,Cervix,Neoplastic,Highlight neoplastic cells.,1345
pannuke_f1_1346,1,Cervix,Inflammatory,Recognize inflammatory cells.,1346
pannuke_f1_1347,1,Cervix,Neoplastic;Inflammatory;Connective_Soft_tissue,"Segment neoplastic, inflammatory and connective soft tissue in this tissue specimen.",1347
pannuke_f1_1348,1,Cervix,Neoplastic,Identify the neoplastic microenvironment.,1348
pannuke_f1_1349,1,Cervix,Neoplastic;Dead,Segment any neoplastic and dead present.,1349
pannuke_f1_1350,1,Cervix,Inflammatory;Connective_Soft_tissue,Segment inflammatory and connective soft tissue in this Cervix tissue.,1350
pannuke_f1_1351,1,Cervix,Neoplastic;Inflammatory,"In Cervix histology, delineate neoplastic and inflammatory.",1351
pannuke_f1_1352,1,Cervix,Neoplastic,Recognize all neoplastic areas.,1352
pannuke_f1_1353,1,Cervix,Inflammatory;Connective_Soft_tissue,"For this Cervix sample, mark inflammatory and connective soft tissue.",1353
pannuke_f1_1354,1,Cervix,Inflammatory;Connective_Soft_tissue,Segment the inflammatory and connective soft tissue distribution.,1354
pannuke_f1_1355,1,Cervix,Inflammatory;Connective_Soft_tissue,Pinpoint inflammatory and connective soft tissue cells.,1355
pannuke_f1_1356,1,Cervix,Inflammatory;Connective_Soft_tissue,Which cells are inflammatory and connective soft tissue?,1356
pannuke_f1_1357,1,Cervix,Inflammatory,Create segmentation of inflammatory.,1357
pannuke_f1_1358,1,Cervix,Inflammatory;Connective_Soft_tissue,Identify inflammatory and connective soft tissue for diagnostic purposes.,1358
pannuke_f1_1359,1,Cervix,Neoplastic;Inflammatory;Connective_Soft_tissue,"Locate and segment neoplastic, inflammatory and connective soft tissue.",1359
pannuke_f1_1360,1,Cervix,Neoplastic;Inflammatory;Connective_Soft_tissue,"Observing this sample, delineate neoplastic, inflammatory and connective soft tissue.",1360
pannuke_f1_1361,1,Cervix,Inflammatory;Connective_Soft_tissue,Where are the inflammatory and connective soft tissue regions?,1361
pannuke_f1_1362,1,Cervix,Inflammatory;Connective_Soft_tissue,Plot inflammatory and connective soft tissue locations.,1362
pannuke_f1_1363,1,Cervix,Inflammatory;Connective_Soft_tissue,Mark only inflammatory and connective soft tissue regions.,1363
pannuke_f1_1364,1,Cervix,Inflammatory;Connective_Soft_tissue,Annotate inflammatory and connective soft tissue cells.,1364
pannuke_f1_1365,1,Cervix,Inflammatory;Connective_Soft_tissue,Delineate inflammatory and connective soft tissue morphological features.,1365
pannuke_f1_1366,1,Cervix,Inflammatory;Connective_Soft_tissue,Segment visible inflammatory and connective soft tissue cells.,1366
pannuke_f1_1367,1,Cervix,Inflammatory;Connective_Soft_tissue,Delineate present inflammatory and connective soft tissue structures.,1367
pannuke_f1_1368,1,Cervix,Inflammatory;Connective_Soft_tissue,Locate all inflammatory and connective soft tissue cells.,1368
pannuke_f1_1369,1,Cervix,Neoplastic;Inflammatory;Connective_Soft_tissue,"Trace the neoplastic, inflammatory and connective soft tissue outlines.",1369
pannuke_f1_1370,1,Bile-duct,Neoplastic;Inflammatory;Connective_Soft_tissue,"Detect the neoplastic, inflammatory and connective soft tissue areas.",1370
pannuke_f1_1371,1,Bile-duct,Inflammatory;Connective_Soft_tissue,"Within Bile-duct architecture, locate inflammatory and connective soft tissue.",1371
pannuke_f1_1372,1,Bile-duct,Neoplastic;Inflammatory;Connective_Soft_tissue,"Segment neoplastic, inflammatory and connective soft tissue in the tissue matrix.",1372
pannuke_f1_1373,1,Bile-duct,Neoplastic;Connective_Soft_tissue,Target neoplastic and connective soft tissue cells.,1373
pannuke_f1_1374,1,Bile-duct,Neoplastic;Inflammatory;Connective_Soft_tissue,"Detect visible neoplastic, inflammatory and connective soft tissue.",1374
pannuke_f1_1375,1,Bile-duct,Neoplastic;Inflammatory;Connective_Soft_tissue,"Delineate all neoplastic, inflammatory and connective soft tissue tissue.",1375
pannuke_f1_1376,1,Bile-duct,Neoplastic;Inflammatory;Connective_Soft_tissue,"Where are neoplastic, inflammatory and connective soft tissue cells visible?",1376
pannuke_f1_1377,1,Bile-duct,Neoplastic;Inflammatory;Connective_Soft_tissue,"Segment the neoplastic, inflammatory and connective soft tissue nuclei.",1377
pannuke_f1_1378,1,Bile-duct,Neoplastic;Inflammatory;Connective_Soft_tissue,"Target neoplastic, inflammatory and connective soft tissue in this image.",1378
pannuke_f1_1379,1,Bile-duct,Neoplastic;Inflammatory;Connective_Soft_tissue,"Segmentation target: neoplastic, inflammatory and connective soft tissue.",1379
pannuke_f1_1380,1,Bile-duct,Neoplastic;Inflammatory;Connective_Soft_tissue,"Segment neoplastic, inflammatory and connective soft tissue in the tumor stroma.",1380
pannuke_f1_1381,1,Bile-duct,Neoplastic;Inflammatory,Segment the neoplastic and inflammatory portions.,1381
pannuke_f1_1382,1,Bile-duct,Neoplastic;Inflammatory;Connective_Soft_tissue,"Circle all neoplastic, inflammatory and connective soft tissue areas.",1382
pannuke_f1_1383,1,Bile-duct,Neoplastic;Inflammatory;Connective_Soft_tissue,"Identify all neoplastic, inflammatory and connective soft tissue areas.",1383
pannuke_f1_1384,1,Bile-duct,Neoplastic;Inflammatory;Connective_Soft_tissue,"Locate the neoplastic, inflammatory and connective soft tissue areas.",1384
pannuke_f1_1385,1,Bile-duct,Neoplastic;Connective_Soft_tissue,The tissue shows neoplastic and connective soft tissue. Mark the areas.,1385
pannuke_f1_1386,1,Bile-duct,Inflammatory;Connective_Soft_tissue,Draw inflammatory and connective soft tissue boundaries.,1386
pannuke_f1_1387,1,Bile-duct,Neoplastic;Inflammatory;Connective_Soft_tissue,"Study this Bile-duct section and mark neoplastic, inflammatory and connective soft tissue.",1387
pannuke_f1_1388,1,Bile-duct,Neoplastic,Divide neoplastic from surroundings.,1388
pannuke_f1_1389,1,Bile-duct,Neoplastic,"In the Bile-duct microstructure, find neoplastic.",1389
pannuke_f1_1390,1,Bile-duct,Neoplastic,Produce segmentation of neoplastic.,1390
pannuke_f1_1391,1,Bile-duct,Neoplastic;Connective_Soft_tissue,Can you segment neoplastic and connective soft tissue?,1391
pannuke_f1_1392,1,Bile-duct,Neoplastic,Segment boundaries of neoplastic.,1392
pannuke_f1_1393,1,Bile-duct,Neoplastic;Connective_Soft_tissue,Segment the neoplastic and connective soft tissue sections.,1393
pannuke_f1_1394,1,Bile-duct,Neoplastic;Connective_Soft_tissue,Segment neoplastic and connective soft tissue for pathological assessment.,1394
pannuke_f1_1395,1,Bile-duct,Neoplastic,Segment present neoplastic tissue.,1395
pannuke_f1_1396,1,Bile-duct,Neoplastic,Label visible neoplastic.,1396
pannuke_f1_1397,1,Bile-duct,Neoplastic,"From the Bile-duct tissue, extract neoplastic regions.",1397
pannuke_f1_1398,1,Bile-duct,Neoplastic,Segment the neoplastic cells.,1398
pannuke_f1_1399,1,Bile-duct,Neoplastic;Connective_Soft_tissue,Which regions show neoplastic and connective soft tissue?,1399
pannuke_f1_1400,1,Bile-duct,Neoplastic,"From this Bile-duct slide, segment neoplastic.",1400
pannuke_f1_1401,1,Bile-duct,Neoplastic,Mark neoplastic cellular infiltration.,1401
pannuke_f1_1402,1,Bile-duct,Neoplastic,Delineate neoplastic in Bile-duct pathology.,1402
pannuke_f1_1403,1,Bile-duct,Neoplastic,Mark the neoplastic tissue compartment.,1403
pannuke_f1_1404,1,Bile-duct,Neoplastic,Create mask for neoplastic.,1404
pannuke_f1_1405,1,Bile-duct,Neoplastic,Segment zones of neoplastic.,1405
pannuke_f1_1406,1,Bile-duct,Neoplastic,Label neoplastic in this Bile-duct section.,1406
pannuke_f1_1407,1,Bile-duct,Neoplastic;Connective_Soft_tissue,Highlight present neoplastic and connective soft tissue cells.,1407
pannuke_f1_1408,1,Bile-duct,Neoplastic;Connective_Soft_tissue,Separate neoplastic and connective soft tissue cells.,1408
pannuke_f1_1409,1,Bile-duct,Neoplastic,Circle visible neoplastic.,1409
pannuke_f1_1410,1,Bile-duct,Neoplastic;Connective_Soft_tissue,Identify neoplastic and connective soft tissue for spatial analysis.,1410
pannuke_f1_1411,1,Testis,Neoplastic,Search for neoplastic regions.,1411
pannuke_f1_1412,1,Testis,Neoplastic;Inflammatory;Connective_Soft_tissue,"Recognize the neoplastic, inflammatory and connective soft tissue regions.",1412
pannuke_f1_1413,1,Testis,Neoplastic;Inflammatory;Connective_Soft_tissue,"Discern the neoplastic, inflammatory and connective soft tissue regions.",1413
pannuke_f1_1414,1,Testis,Neoplastic;Inflammatory;Connective_Soft_tissue,"Segmentation target: neoplastic, inflammatory and connective soft tissue.",1414
pannuke_f1_1415,1,Testis,Neoplastic;Inflammatory;Connective_Soft_tissue,"Highlight all neoplastic, inflammatory and connective soft tissue structures.",1415
pannuke_f1_1416,1,Testis,Neoplastic;Inflammatory;Connective_Soft_tissue,"Segment the neoplastic, inflammatory and connective soft tissue histological features.",1416
pannuke_f1_1417,1,Testis,Neoplastic;Connective_Soft_tissue,Segment neoplastic and connective soft tissue in the Testis section.,1417
pannuke_f1_1418,1,Testis,Neoplastic;Inflammatory;Connective_Soft_tissue,"Circle the neoplastic, inflammatory and connective soft tissue regions.",1418
pannuke_f1_1419,1,Testis,Inflammatory;Connective_Soft_tissue,Annotate inflammatory and connective soft tissue in Testis microscopy.,1419
pannuke_f1_1420,1,Testis,Neoplastic;Inflammatory;Connective_Soft_tissue,"Spot neoplastic, inflammatory and connective soft tissue cells.",1420
pannuke_f1_1421,1,Testis,Inflammatory;Connective_Soft_tissue,Identify inflammatory and connective soft tissue nuclear characteristics.,1421
pannuke_f1_1422,1,Testis,Inflammatory;Connective_Soft_tissue,Separate inflammatory and connective soft tissue from other tissue.,1422
pannuke_f1_1423,1,Testis,Neoplastic;Inflammatory;Connective_Soft_tissue,"There is neoplastic, inflammatory and connective soft tissue present. Mark it.",1423
pannuke_f1_1424,1,Testis,Inflammatory;Connective_Soft_tissue,Emphasize inflammatory and connective soft tissue presence.,1424
pannuke_f1_1425,1,Testis,Inflammatory;Connective_Soft_tissue;Epithelial,"Delineate visible inflammatory, connective soft tissue and epithelial structures.",1425
pannuke_f1_1426,1,Testis,Inflammatory;Epithelial,Inspect this Testis sample for inflammatory and epithelial.,1426
pannuke_f1_1427,1,Testis,Inflammatory;Connective_Soft_tissue;Epithelial,"Point out all inflammatory, connective soft tissue and epithelial.",1427
pannuke_f1_1428,1,Testis,Inflammatory;Connective_Soft_tissue;Epithelial,"Trace inflammatory, connective soft tissue and epithelial margins.",1428
pannuke_f1_1429,1,Testis,Epithelial,Mark epithelial cellular infiltration.,1429
pannuke_f1_1430,1,Testis,Epithelial,Create mask for epithelial.,1430
pannuke_f1_1431,1,Testis,Inflammatory;Connective_Soft_tissue;Epithelial,"The objective is to mark inflammatory, connective soft tissue and epithelial.",1431
pannuke_f1_1432,1,Testis,,,1432
pannuke_f1_1433,1,Testis,,,1433
pannuke_f1_1434,1,Testis,Connective_Soft_tissue;Epithelial,Segment foci of connective soft tissue and epithelial.,1434
pannuke_f1_1435,1,Testis,Inflammatory;Connective_Soft_tissue;Epithelial,"Segment all inflammatory, connective soft tissue and epithelial cells.",1435
pannuke_f1_1436,1,Testis,Inflammatory;Connective_Soft_tissue;Epithelial,"Locate visible inflammatory, connective soft tissue and epithelial.",1436
pannuke_f1_1437,1,Testis,Epithelial,Identify all epithelial nuclei.,1437
pannuke_f1_1438,1,Testis,Inflammatory;Connective_Soft_tissue;Epithelial,"Highlight all inflammatory, connective soft tissue and epithelial areas.",1438
pannuke_f1_1439,1,Testis,Inflammatory;Connective_Soft_tissue,Segment all inflammatory and connective soft tissue structures.,1439
pannuke_f1_1440,1,Testis,Neoplastic;Inflammatory;Connective_Soft_tissue,"Mark all neoplastic, inflammatory and connective soft tissue areas.",1440
pannuke_f1_1441,1,Testis,Neoplastic;Inflammatory;Connective_Soft_tissue,"Chart neoplastic, inflammatory and connective soft tissue distribution.",1441
pannuke_f1_1442,1,Testis,Neoplastic;Inflammatory;Connective_Soft_tissue,"Across the Testis section, segment neoplastic, inflammatory and connective soft tissue.",1442
pannuke_f1_1443,1,Testis,Inflammatory;Connective_Soft_tissue,Delineate inflammatory and connective soft tissue for clinical evaluation.,1443
pannuke_f1_1444,1,Testis,Inflammatory;Connective_Soft_tissue;Epithelial,"Delineate inflammatory, connective soft tissue and epithelial for clinical evaluation.",1444
pannuke_f1_1445,1,Testis,Inflammatory;Connective_Soft_tissue;Epithelial,"Observing this sample, delineate inflammatory, connective soft tissue and epithelial.",1445
pannuke_f1_1446,1,Bile-duct,Neoplastic;Connective_Soft_tissue,Delineate all neoplastic and connective soft tissue.,1446
pannuke_f1_1447,1,Bile-duct,Neoplastic;Connective_Soft_tissue,Segment the neoplastic and connective soft tissue histological features.,1447
pannuke_f1_1448,1,Bile-duct,Neoplastic;Connective_Soft_tissue,"On this Bile-duct image, highlight neoplastic and connective soft tissue.",1448
pannuke_f1_1449,1,Bile-duct,Neoplastic;Connective_Soft_tissue,Segment neoplastic and connective soft tissue in this tissue specimen.,1449
pannuke_f1_1450,1,Bile-duct,Neoplastic;Connective_Soft_tissue,Delineate visible neoplastic and connective soft tissue areas.,1450
pannuke_f1_1451,1,Bile-duct,Neoplastic;Connective_Soft_tissue,Identify all neoplastic and connective soft tissue nuclei.,1451
pannuke_f1_1452,1,Bile-duct,Neoplastic;Connective_Soft_tissue,Required: neoplastic and connective soft tissue segmentation.,1452
pannuke_f1_1453,1,Bile-duct,Neoplastic;Connective_Soft_tissue,Label neoplastic and connective soft tissue in this Bile-duct section.,1453
pannuke_f1_1454,1,Bile-duct,Neoplastic;Connective_Soft_tissue,Assess neoplastic and connective soft tissue regions.,1454
pannuke_f1_1455,1,Bile-duct,Neoplastic;Inflammatory;Connective_Soft_tissue,"Label visible neoplastic, inflammatory and connective soft tissue.",1455
pannuke_f1_1456,1,Bile-duct,Neoplastic,Mark all neoplastic cells.,1456
pannuke_f1_1457,1,Bile-duct,Neoplastic;Connective_Soft_tissue,Please identify neoplastic and connective soft tissue cells.,1457
pannuke_f1_1458,1,Bile-duct,Neoplastic;Connective_Soft_tissue,Delineate neoplastic and connective soft tissue for clinical evaluation.,1458
pannuke_f1_1459,1,Bile-duct,Inflammatory;Connective_Soft_tissue,Highlight present inflammatory and connective soft tissue regions.,1459
pannuke_f1_1460,1,Bile-duct,Inflammatory;Connective_Soft_tissue,Circle inflammatory and connective soft tissue cells.,1460
pannuke_f1_1461,1,Bile-duct,Connective_Soft_tissue,Identify connective soft tissue regions in the Bile-duct.,1461
pannuke_f1_1462,1,Bile-duct,Neoplastic;Inflammatory;Connective_Soft_tissue,"Segment locations of neoplastic, inflammatory and connective soft tissue.",1462
pannuke_f1_1463,1,Bile-duct,Inflammatory;Connective_Soft_tissue,Segment all inflammatory and connective soft tissue regions.,1463
pannuke_f1_1464,1,Bile-duct,Inflammatory;Connective_Soft_tissue,Separate inflammatory and connective soft tissue cells.,1464
pannuke_f1_1465,1,Bile-duct,Neoplastic;Inflammatory;Connective_Soft_tissue,"Develop a precise map of neoplastic, inflammatory and connective soft tissue distribution.",1465
pannuke_f1_1466,1,Bile-duct,Inflammatory;Connective_Soft_tissue,Segment the inflammatory and connective soft tissue structures.,1466
pannuke_f1_1467,1,Bile-duct,Neoplastic;Inflammatory;Connective_Soft_tissue,"Map all neoplastic, inflammatory and connective soft tissue areas.",1467
pannuke_f1_1468,1,Bile-duct,Neoplastic;Connective_Soft_tissue,Emphasize neoplastic and connective soft tissue regions.,1468
pannuke_f1_1469,1,Bile-duct,Neoplastic;Connective_Soft_tissue,Identify present neoplastic and connective soft tissue regions.,1469
pannuke_f1_1470,1,Bile-duct,Neoplastic;Inflammatory,Mark neoplastic and inflammatory cells in this Bile-duct sample.,1470
pannuke_f1_1471,1,Bile-duct,Neoplastic,Identify all neoplastic nuclei.,1471
pannuke_f1_1472,1,Bile-duct,Neoplastic;Inflammatory;Connective_Soft_tissue,"Mark neoplastic, inflammatory and connective soft tissue ensuring complete coverage of affected areas.",1472
pannuke_f1_1473,1,Bile-duct,Neoplastic;Inflammatory;Connective_Soft_tissue,"Highlight all neoplastic, inflammatory and connective soft tissue tissue.",1473
pannuke_f1_1474,1,Bile-duct,Neoplastic;Connective_Soft_tissue,"In the Bile-duct specimen, label neoplastic and connective soft tissue.",1474
pannuke_f1_1475,1,Bile-duct,Neoplastic;Inflammatory;Connective_Soft_tissue,"Mark neoplastic, inflammatory and connective soft tissue for area measurement.",1475
pannuke_f1_1476,1,Bile-duct,Neoplastic;Inflammatory;Connective_Soft_tissue,"Delineate neoplastic, inflammatory and connective soft tissue in Bile-duct pathology.",1476
pannuke_f1_1477,1,Bile-duct,Neoplastic;Inflammatory;Connective_Soft_tissue,"Spot the neoplastic, inflammatory and connective soft tissue tissue.",1477
pannuke_f1_1478,1,Bile-duct,Inflammatory;Connective_Soft_tissue,The objective is to mark inflammatory and connective soft tissue.,1478
pannuke_f1_1479,1,Colon,Inflammatory;Connective_Soft_tissue;Epithelial,"Show me where inflammatory, connective soft tissue and epithelial is.",1479
pannuke_f1_1480,1,Colon,Inflammatory;Connective_Soft_tissue;Epithelial,"Map all inflammatory, connective soft tissue and epithelial areas.",1480
pannuke_f1_1481,1,Colon,Neoplastic;Dead,Mark neoplastic and dead in this slide.,1481
pannuke_f1_1482,1,Colon,Neoplastic;Dead,This image contains neoplastic and dead. Segment it.,1482
pannuke_f1_1483,1,Colon,Inflammatory;Connective_Soft_tissue;Epithelial,"Target inflammatory, connective soft tissue and epithelial cells.",1483
pannuke_f1_1484,1,Colon,Inflammatory;Connective_Soft_tissue;Epithelial,"Identify visible inflammatory, connective soft tissue and epithelial structures.",1484
pannuke_f1_1485,1,Colon,Inflammatory;Connective_Soft_tissue,Precisely delineate the boundaries of inflammatory and connective soft tissue cells in this tissue section.,1485
pannuke_f1_1486,1,Colon,Inflammatory;Connective_Soft_tissue,Look for inflammatory and connective soft tissue in this slide.,1486
pannuke_f1_1487,1,Colon,Inflammatory;Connective_Soft_tissue,Annotate the inflammatory and connective soft tissue regions.,1487
pannuke_f1_1488,1,Colon,Neoplastic;Inflammatory;Connective_Soft_tissue,"Mark neoplastic, inflammatory and connective soft tissue adjacent to epithelium.",1488
pannuke_f1_1489,1,Colon,Neoplastic;Inflammatory;Connective_Soft_tissue,"Segment neoplastic, inflammatory and connective soft tissue in this Colon tissue.",1489
pannuke_f1_1490,1,Colon,Neoplastic;Inflammatory,Mark visible neoplastic and inflammatory cells.,1490
pannuke_f1_1491,1,Colon,Neoplastic;Connective_Soft_tissue,Please segment neoplastic and connective soft tissue tissue.,1491
pannuke_f1_1492,1,Colon,Neoplastic;Inflammatory;Connective_Soft_tissue,"Mark only neoplastic, inflammatory and connective soft tissue regions.",1492
pannuke_f1_1493,1,Colon,Neoplastic;Connective_Soft_tissue,Mark the neoplastic and connective soft tissue tissue compartment.,1493
pannuke_f1_1494,1,Colon,Inflammatory;Connective_Soft_tissue,Locate the inflammatory and connective soft tissue regions.,1494
pannuke_f1_1495,1,Colon,Inflammatory;Connective_Soft_tissue,Segment tissue showing inflammatory and connective soft tissue.,1495
pannuke_f1_1496,1,Colon,Connective_Soft_tissue,Segment any connective soft tissue present.,1496
pannuke_f1_1497,1,Colon,Connective_Soft_tissue,Identify all connective soft tissue areas.,1497
pannuke_f1_1498,1,Colon,Connective_Soft_tissue,Segment connective soft tissue elements.,1498
pannuke_f1_1499,1,Colon,Connective_Soft_tissue,Segment the connective soft tissue tissue regions.,1499
pannuke_f1_1500,1,Colon,Neoplastic;Connective_Soft_tissue,Inspect this Colon sample for neoplastic and connective soft tissue.,1500
pannuke_f1_1501,1,Colon,Neoplastic;Inflammatory;Connective_Soft_tissue,"Map neoplastic, inflammatory and connective soft tissue distribution in Colon.",1501
pannuke_f1_1502,1,Colon,Neoplastic;Connective_Soft_tissue,Mark neoplastic and connective soft tissue in this slide.,1502
pannuke_f1_1503,1,Colon,Neoplastic;Dead,Determine neoplastic and dead distribution.,1503
pannuke_f1_1504,1,Colon,Neoplastic;Inflammatory;Connective_Soft_tissue,"Delineate present neoplastic, inflammatory and connective soft tissue cells.",1504
pannuke_f1_1505,1,Colon,Neoplastic;Inflammatory;Connective_Soft_tissue,"Segment all neoplastic, inflammatory and connective soft tissue regions.",1505
pannuke_f1_1506,1,Colon,Neoplastic;Inflammatory;Connective_Soft_tissue,"Determine neoplastic, inflammatory and connective soft tissue presence.",1506
pannuke_f1_1507,1,Colon,Inflammatory;Connective_Soft_tissue,Segment inflammatory and connective soft tissue for pathological assessment.,1507
pannuke_f1_1508,1,Colon,Neoplastic;Inflammatory;Connective_Soft_tissue,"Highlight all neoplastic, inflammatory and connective soft tissue structures.",1508
pannuke_f1_1509,1,Colon,Inflammatory;Connective_Soft_tissue,Provide a complete segmentation of inflammatory and connective soft tissue regions.,1509
pannuke_f1_1510,1,Colon,Inflammatory;Connective_Soft_tissue,Segmentation target: inflammatory and connective soft tissue.,1510
pannuke_f1_1511,1,Colon,Connective_Soft_tissue,connective soft tissue is evident. Highlight the areas.,1511
pannuke_f1_1512,1,Colon,,,1512
pannuke_f1_1513,1,Colon,Neoplastic,Segment the neoplastic sections.,1513
pannuke_f1_1514,1,Colon,Neoplastic;Connective_Soft_tissue,Define neoplastic and connective soft tissue extent.,1514
pannuke_f1_1515,1,Colon,Neoplastic,Segment neoplastic patterns in Colon.,1515
pannuke_f1_1516,1,Colon,Neoplastic;Inflammatory;Connective_Soft_tissue,"Define neoplastic, inflammatory and connective soft tissue regions.",1516
pannuke_f1_1517,1,Colon,Neoplastic;Inflammatory;Connective_Soft_tissue,"Point out neoplastic, inflammatory and connective soft tissue cells.",1517
pannuke_f1_1518,1,Colon,Inflammatory;Connective_Soft_tissue,The objective is to mark inflammatory and connective soft tissue.,1518
pannuke_f1_1519,1,Colon,Inflammatory;Connective_Soft_tissue,Identify inflammatory and connective soft tissue cellular morphology.,1519
pannuke_f1_1520,1,Adrenal_gland,Neoplastic;Connective_Soft_tissue,Delineate all neoplastic and connective soft tissue areas.,1520
pannuke_f1_1521,1,Adrenal_gland,Neoplastic;Connective_Soft_tissue,Segment present neoplastic and connective soft tissue tissue.,1521
pannuke_f1_1522,1,Adrenal_gland,Neoplastic;Connective_Soft_tissue,Mark neoplastic and connective soft tissue ensuring complete coverage of affected areas.,1522
pannuke_f1_1523,1,Adrenal_gland,Neoplastic;Connective_Soft_tissue,Segment neoplastic and connective soft tissue in this microscopy image.,1523
pannuke_f1_1524,1,Adrenal_gland,Neoplastic;Inflammatory,Inspect this Adrenal gland sample for neoplastic and inflammatory.,1524
pannuke_f1_1525,1,Adrenal_gland,Neoplastic,Pay attention to neoplastic areas.,1525
pannuke_f1_1526,1,Adrenal_gland,Inflammatory;Connective_Soft_tissue,Label visible inflammatory and connective soft tissue.,1526
pannuke_f1_1527,1,Adrenal_gland,Inflammatory,Segmentation target: inflammatory.,1527
pannuke_f1_1528,1,Adrenal_gland,Connective_Soft_tissue,Indicate the connective soft tissue tissue.,1528
pannuke_f1_1529,1,Adrenal_gland,Inflammatory;Connective_Soft_tissue,Mark inflammatory and connective soft tissue tissue architecture.,1529
pannuke_f1_1530,1,Adrenal_gland,Inflammatory;Connective_Soft_tissue,Where is inflammatory and connective soft tissue located?,1530
pannuke_f1_1531,1,Adrenal_gland,Inflammatory;Connective_Soft_tissue,Segment the inflammatory and connective soft tissue regions in the image.,1531
pannuke_f1_1532,1,Adrenal_gland,Neoplastic;Connective_Soft_tissue,Indicate all neoplastic and connective soft tissue cells.,1532
pannuke_f1_1533,1,Adrenal_gland,Neoplastic,Label the neoplastic tissue.,1533
pannuke_f1_1534,1,Adrenal_gland,Neoplastic,Spot the neoplastic regions.,1534
pannuke_f1_1535,1,Adrenal_gland,Neoplastic,Analyze neoplastic presence.,1535
pannuke_f1_1536,1,Adrenal_gland,Neoplastic;Inflammatory,Mark the neoplastic and inflammatory regions.,1536
pannuke_f1_1537,1,Adrenal_gland,Neoplastic,The task is to segment neoplastic.,1537
pannuke_f1_1538,1,Adrenal_gland,Neoplastic,Segment neoplastic histopathological features.,1538
pannuke_f1_1539,1,Adrenal_gland,Neoplastic,Segment only neoplastic.,1539
pannuke_f1_1540,1,Adrenal_gland,Neoplastic,Annotate neoplastic histological patterns.,1540
pannuke_f1_1541,1,Adrenal_gland,Neoplastic;Connective_Soft_tissue,Segment neoplastic and connective soft tissue patterns in Adrenal gland.,1541
pannuke_f1_1542,1,Adrenal_gland,Epithelial,Pinpoint the epithelial regions.,1542
pannuke_f1_1543,1,Adrenal_gland,Connective_Soft_tissue;Epithelial,Segment present connective soft tissue and epithelial cells.,1543
pannuke_f1_1544,1,Adrenal_gland,Connective_Soft_tissue;Epithelial,Segment all connective soft tissue and epithelial in the field.,1544
pannuke_f1_1545,1,Adrenal_gland,Connective_Soft_tissue,Trace connective soft tissue boundaries.,1545
pannuke_f1_1546,1,Adrenal_gland,Connective_Soft_tissue,"In this Adrenal gland histology, identify connective soft tissue cells.",1546
pannuke_f1_1547,1,Adrenal_gland,Connective_Soft_tissue,The objective is to mark connective soft tissue.,1547
pannuke_f1_1548,1,Adrenal_gland,Inflammatory;Connective_Soft_tissue,Show me inflammatory and connective soft tissue cells.,1548
pannuke_f1_1549,1,Adrenal_gland,Neoplastic,Mark visible neoplastic tissue.,1549
pannuke_f1_1550,1,Adrenal_gland,Neoplastic,Segment all neoplastic regions.,1550
pannuke_f1_1551,1,Adrenal_gland,Neoplastic,Segment neoplastic zones.,1551
pannuke_f1_1552,1,Adrenal_gland,Neoplastic,Generate mask for neoplastic.,1552
pannuke_f1_1553,1,Adrenal_gland,Neoplastic;Connective_Soft_tissue,Annotate neoplastic and connective soft tissue cells.,1553
pannuke_f1_1554,1,Adrenal_gland,Neoplastic,Locate all neoplastic cells.,1554
pannuke_f1_1555,1,Adrenal_gland,Neoplastic;Connective_Soft_tissue,Consider only neoplastic and connective soft tissue areas.,1555
pannuke_f1_1556,1,Adrenal_gland,Neoplastic,Detect visible neoplastic.,1556
pannuke_f1_1557,1,Adrenal_gland,Neoplastic;Inflammatory;Connective_Soft_tissue,"neoplastic, inflammatory and connective soft tissue can be seen. Identify and segment.",1557
pannuke_f1_1558,1,Adrenal_gland,Neoplastic;Inflammatory;Connective_Soft_tissue,"Identify areas of neoplastic, inflammatory and connective soft tissue concentration.",1558
pannuke_f1_1559,1,Adrenal_gland,Neoplastic;Connective_Soft_tissue,Segment microscopic neoplastic and connective soft tissue features.,1559
pannuke_f1_1560,1,Adrenal_gland,Neoplastic;Inflammatory;Connective_Soft_tissue,"Map all neoplastic, inflammatory and connective soft tissue areas.",1560
pannuke_f1_1561,1,Adrenal_gland,Neoplastic;Inflammatory;Connective_Soft_tissue,"Review this Adrenal gland slide and identify neoplastic, inflammatory and connective soft tissue.",1561
pannuke_f1_1562,1,Adrenal_gland,Neoplastic;Inflammatory;Connective_Soft_tissue,"Label neoplastic, inflammatory and connective soft tissue cells.",1562
pannuke_f1_1563,1,Adrenal_gland,Neoplastic;Connective_Soft_tissue,Mark neoplastic and connective soft tissue cellular infiltration.,1563
pannuke_f1_1564,1,Adrenal_gland,Neoplastic;Inflammatory;Connective_Soft_tissue,"Segment neoplastic, inflammatory and connective soft tissue being careful to capture all regions.",1564
pannuke_f1_1565,1,Adrenal_gland,Neoplastic;Connective_Soft_tissue,Outline neoplastic and connective soft tissue cells.,1565
pannuke_f1_1566,1,Adrenal_gland,Neoplastic;Connective_Soft_tissue,Create an accurate segmentation of neoplastic and connective soft tissue areas.,1566
pannuke_f1_1567,1,Adrenal_gland,Neoplastic;Inflammatory;Connective_Soft_tissue,"Segment zones of neoplastic, inflammatory and connective soft tissue presence.",1567
pannuke_f1_1568,1,Adrenal_gland,Neoplastic;Connective_Soft_tissue,Identify neoplastic and connective soft tissue in the tissue microenvironment.,1568
pannuke_f1_1569,1,Adrenal_gland,Neoplastic;Inflammatory,Concentrate on neoplastic and inflammatory regions.,1569
pannuke_f1_1570,1,Adrenal_gland,Neoplastic;Inflammatory;Connective_Soft_tissue,"Segment microscopic neoplastic, inflammatory and connective soft tissue features.",1570
pannuke_f1_1571,1,Adrenal_gland,Neoplastic;Connective_Soft_tissue,Determine neoplastic and connective soft tissue distribution.,1571
pannuke_f1_1572,1,Adrenal_gland,Neoplastic;Connective_Soft_tissue,neoplastic and connective soft tissue is evident. Highlight the areas.,1572
pannuke_f1_1573,1,Adrenal_gland,Neoplastic;Inflammatory;Connective_Soft_tissue,"Outline neoplastic, inflammatory and connective soft tissue areas.",1573
pannuke_f1_1574,1,Adrenal_gland,Connective_Soft_tissue,Segment extent of connective soft tissue.,1574
pannuke_f1_1575,1,Bile-duct,Connective_Soft_tissue,Locate the connective soft tissue regions.,1575
pannuke_f1_1576,1,Bile-duct,Connective_Soft_tissue,Detect connective soft tissue in Bile-duct histology.,1576
pannuke_f1_1577,1,Bile-duct,Connective_Soft_tissue,Indicate connective soft tissue areas.,1577
pannuke_f1_1578,1,Bile-duct,,,1578
pannuke_f1_1579,1,Bile-duct,Connective_Soft_tissue,Identify visible connective soft tissue structures.,1579
pannuke_f1_1580,1,Bile-duct,Inflammatory;Connective_Soft_tissue,Mark inflammatory and connective soft tissue cytoplasmic features.,1580
pannuke_f1_1581,1,Bile-duct,Inflammatory;Connective_Soft_tissue,Mark foci of inflammatory and connective soft tissue activity.,1581
pannuke_f1_1582,1,Bile-duct,Inflammatory;Connective_Soft_tissue;Epithelial,"Circle the inflammatory, connective soft tissue and epithelial regions.",1582
pannuke_f1_1583,1,Bile-duct,Inflammatory;Connective_Soft_tissue;Epithelial,"Annotate inflammatory, connective soft tissue and epithelial histological patterns.",1583
pannuke_f1_1584,1,Bile-duct,Inflammatory;Connective_Soft_tissue;Epithelial,"Identify inflammatory, connective soft tissue and epithelial chromatin patterns.",1584
pannuke_f1_1585,1,Bile-duct,Neoplastic;Connective_Soft_tissue,Provide a complete segmentation of neoplastic and connective soft tissue regions.,1585
pannuke_f1_1586,1,Bile-duct,Neoplastic;Connective_Soft_tissue,Emphasize neoplastic and connective soft tissue presence.,1586
pannuke_f1_1587,1,Bile-duct,Neoplastic;Inflammatory;Connective_Soft_tissue,"Segment neoplastic, inflammatory and connective soft tissue diagnostic regions.",1587
pannuke_f1_1588,1,Bile-duct,Neoplastic;Inflammatory;Connective_Soft_tissue,"Identify all neoplastic, inflammatory and connective soft tissue areas.",1588
pannuke_f1_1589,1,Bile-duct,Neoplastic;Inflammatory;Connective_Soft_tissue,"Locate neoplastic, inflammatory and connective soft tissue in Bile-duct tissue.",1589
pannuke_f1_1590,1,Bile-duct,Neoplastic;Connective_Soft_tissue,Find all neoplastic and connective soft tissue cells.,1590
pannuke_f1_1591,1,Bile-duct,Neoplastic;Connective_Soft_tissue,"For this Bile-duct sample, mark neoplastic and connective soft tissue.",1591
pannuke_f1_1592,1,Bile-duct,Neoplastic;Connective_Soft_tissue,Outline neoplastic and connective soft tissue in the Bile-duct image.,1592
pannuke_f1_1593,1,Bile-duct,Inflammatory;Connective_Soft_tissue,Segment inflammatory and connective soft tissue in the tumor stroma.,1593
pannuke_f1_1594,1,Bile-duct,Connective_Soft_tissue,Highlight visible connective soft tissue regions.,1594
pannuke_f1_1595,1,Bile-duct,Inflammatory;Connective_Soft_tissue,Delineate visible inflammatory and connective soft tissue regions.,1595
pannuke_f1_1596,1,Bile-duct,Inflammatory;Connective_Soft_tissue;Epithelial,"Assess inflammatory, connective soft tissue and epithelial regions.",1596
pannuke_f1_1597,1,Bile-duct,Inflammatory;Connective_Soft_tissue;Epithelial,"Segment the inflammatory, connective soft tissue and epithelial cell population.",1597
pannuke_f1_1598,1,Bile-duct,Inflammatory;Connective_Soft_tissue;Epithelial,"Identify the inflammatory, connective soft tissue and epithelial regions.",1598
pannuke_f1_1599,1,Bile-duct,Connective_Soft_tissue;Epithelial,Discern the connective soft tissue and epithelial from background.,1599
pannuke_f1_1600,1,Bile-duct,Connective_Soft_tissue;Epithelial,Identify visible connective soft tissue and epithelial tissue.,1600
pannuke_f1_1601,1,Bile-duct,Inflammatory;Connective_Soft_tissue;Epithelial,"Segment visible inflammatory, connective soft tissue and epithelial structures.",1601
pannuke_f1_1602,1,Bile-duct,Inflammatory;Connective_Soft_tissue;Epithelial,"For this Bile-duct sample, mark inflammatory, connective soft tissue and epithelial.",1602
pannuke_f1_1603,1,Bile-duct,Connective_Soft_tissue;Epithelial,Mark present connective soft tissue and epithelial cells.,1603
pannuke_f1_1604,1,Bile-duct,Inflammatory;Connective_Soft_tissue,Identify all inflammatory and connective soft tissue areas.,1604
pannuke_f1_1605,1,Bile-duct,Inflammatory;Connective_Soft_tissue,Locate visible inflammatory and connective soft tissue.,1605
pannuke_f1_1606,1,Bile-duct,Inflammatory;Connective_Soft_tissue,Segment the inflammatory and connective soft tissue with attention to boundary precision.,1606
pannuke_f1_1607,1,Bile-duct,Neoplastic;Connective_Soft_tissue,Identify neoplastic and connective soft tissue in this histology section.,1607
pannuke_f1_1608,1,Bile-duct,Neoplastic;Connective_Soft_tissue,Highlight all neoplastic and connective soft tissue cells.,1608
pannuke_f1_1609,1,Bile-duct,Neoplastic;Inflammatory;Connective_Soft_tissue,"Mark neoplastic, inflammatory and connective soft tissue adjacent to epithelium.",1609
pannuke_f1_1610,1,Bile-duct,Neoplastic;Inflammatory;Connective_Soft_tissue,"Within Bile-duct architecture, locate neoplastic, inflammatory and connective soft tissue.",1610
pannuke_f1_1611,1,Bile-duct,Neoplastic;Inflammatory;Connective_Soft_tissue,"This Bile-duct slide shows neoplastic, inflammatory and connective soft tissue. Segment it.",1611
pannuke_f1_1612,1,Bile-duct,Neoplastic;Inflammatory;Connective_Soft_tissue,"Segment the neoplastic, inflammatory and connective soft tissue histological features.",1612
pannuke_f1_1613,1,Bile-duct,Neoplastic;Connective_Soft_tissue,"Across the Bile-duct section, segment neoplastic and connective soft tissue.",1613
pannuke_f1_1614,1,Bile-duct,,,1614
pannuke_f1_1615,1,Bile-duct,,,1615
pannuke_f1_1616,1,Bile-duct,,,1616
pannuke_f1_1617,1,Bile-duct,,,1617
pannuke_f1_1618,1,Bile-duct,,,1618
pannuke_f1_1619,1,Bile-duct,,,1619
pannuke_f1_1620,1,Bile-duct,,,1620
pannuke_f1_1621,1,Bile-duct,Neoplastic;Inflammatory;Connective_Soft_tissue,"Segment extent of neoplastic, inflammatory and connective soft tissue.",1621
pannuke_f1_1622,1,Bile-duct,Neoplastic;Inflammatory;Connective_Soft_tissue,"Show me all neoplastic, inflammatory and connective soft tissue.",1622
pannuke_f1_1623,1,Bile-duct,Neoplastic;Inflammatory;Connective_Soft_tissue,"Mark neoplastic, inflammatory and connective soft tissue structures in Bile-duct.",1623
pannuke_f1_1624,1,Bile-duct,Neoplastic;Inflammatory;Connective_Soft_tissue,"Segment any neoplastic, inflammatory and connective soft tissue present.",1624
pannuke_f1_1625,1,Bile-duct,Neoplastic;Inflammatory;Connective_Soft_tissue,"Mark neoplastic, inflammatory and connective soft tissue in this Bile-duct specimen.",1625
pannuke_f1_1626,1,Bile-duct,Neoplastic;Inflammatory,Mark present neoplastic and inflammatory cells.,1626
pannuke_f1_1627,1,Bile-duct,Neoplastic;Inflammatory;Connective_Soft_tissue,"Segment the neoplastic, inflammatory and connective soft tissue infiltration.",1627
pannuke_f1_1628,1,Bile-duct,Inflammatory;Connective_Soft_tissue,Identify nuclear inflammatory and connective soft tissue features.,1628
pannuke_f1_1629,1,Bile-duct,,,1629
pannuke_f1_1630,1,Bile-duct,Inflammatory;Connective_Soft_tissue,Identify nuclear inflammatory and connective soft tissue features.,1630
pannuke_f1_1631,1,Bile-duct,Connective_Soft_tissue,Find all connective soft tissue cells.,1631
pannuke_f1_1632,1,Bile-duct,,,1632
pannuke_f1_1633,1,Bile-duct,Neoplastic;Inflammatory,Delineate present neoplastic and inflammatory structures.,1633
pannuke_f1_1634,1,Bile-duct,Neoplastic;Inflammatory;Connective_Soft_tissue,"Mark visible neoplastic, inflammatory and connective soft tissue areas.",1634
pannuke_f1_1635,1,Bile-duct,Neoplastic;Inflammatory,Draw around neoplastic and inflammatory.,1635
pannuke_f1_1636,1,Bile-duct,Neoplastic;Inflammatory;Connective_Soft_tissue,"Please find neoplastic, inflammatory and connective soft tissue.",1636
pannuke_f1_1637,1,Bile-duct,Neoplastic;Inflammatory;Connective_Soft_tissue,"Analyze neoplastic, inflammatory and connective soft tissue presence.",1637
pannuke_f1_1638,1,Bile-duct,Inflammatory;Connective_Soft_tissue,Detect and segment inflammatory and connective soft tissue areas.,1638
pannuke_f1_1639,1,Bile-duct,Neoplastic;Connective_Soft_tissue,Segment neoplastic and connective soft tissue in the Bile-duct section.,1639
pannuke_f1_1640,1,Bile-duct,Neoplastic;Inflammatory;Connective_Soft_tissue,"Segment present neoplastic, inflammatory and connective soft tissue regions.",1640
pannuke_f1_1641,1,Bile-duct,Neoplastic;Inflammatory;Connective_Soft_tissue,"Delineate all neoplastic, inflammatory and connective soft tissue tissue.",1641
pannuke_f1_1642,1,Bile-duct,Neoplastic,Mark the neoplastic regions.,1642
pannuke_f1_1643,1,Bile-duct,Neoplastic;Inflammatory;Connective_Soft_tissue,"Segment the neoplastic, inflammatory and connective soft tissue infiltration.",1643
pannuke_f1_1644,1,Bile-duct,Inflammatory;Connective_Soft_tissue,Segment only inflammatory and connective soft tissue.,1644
pannuke_f1_1645,1,Bile-duct,Inflammatory;Connective_Soft_tissue,Segment inflammatory and connective soft tissue in relation to stroma.,1645
pannuke_f1_1646,1,Bile-duct,Inflammatory;Connective_Soft_tissue,Identify present inflammatory and connective soft tissue regions.,1646
pannuke_f1_1647,1,Bile-duct,Inflammatory;Connective_Soft_tissue,Segment visible inflammatory and connective soft tissue regions.,1647
pannuke_f1_1648,1,Bile-duct,Neoplastic;Inflammatory;Connective_Soft_tissue,"Segment the neoplastic, inflammatory and connective soft tissue with attention to boundary precision.",1648
pannuke_f1_1649,1,Bile-duct,Neoplastic;Inflammatory;Connective_Soft_tissue,"This Bile-duct slide shows neoplastic, inflammatory and connective soft tissue. Segment it.",1649
pannuke_f1_1650,1,Bile-duct,Inflammatory;Connective_Soft_tissue,Identify present inflammatory and connective soft tissue cells.,1650
pannuke_f1_1651,1,Bile-duct,Inflammatory;Connective_Soft_tissue,Outline inflammatory and connective soft tissue in the Bile-duct image.,1651
pannuke_f1_1652,1,Bile-duct,Inflammatory;Connective_Soft_tissue,Analyze inflammatory and connective soft tissue presence.,1652
pannuke_f1_1653,1,Bile-duct,Inflammatory;Connective_Soft_tissue,Mark inflammatory and connective soft tissue in this Bile-duct specimen.,1653
pannuke_f1_1654,1,Bile-duct,Inflammatory;Connective_Soft_tissue,Delineate visible inflammatory and connective soft tissue tissue.,1654
pannuke_f1_1655,1,Bile-duct,Inflammatory;Connective_Soft_tissue,Mark stromal inflammatory and connective soft tissue regions.,1655
pannuke_f1_1656,1,Bile-duct,Inflammatory;Connective_Soft_tissue;Epithelial,"Segment the inflammatory, connective soft tissue and epithelial regions.",1656
pannuke_f1_1657,1,Bile-duct,Connective_Soft_tissue;Epithelial,Highlight present connective soft tissue and epithelial structures.,1657
pannuke_f1_1658,1,Bile-duct,Inflammatory;Connective_Soft_tissue,Highlight inflammatory and connective soft tissue cellular characteristics.,1658
pannuke_f1_1659,1,Bile-duct,Inflammatory;Connective_Soft_tissue,Classes to segment: inflammatory and connective soft tissue.,1659
pannuke_f1_1660,1,Bladder,Neoplastic;Inflammatory;Connective_Soft_tissue,"Outline the neoplastic, inflammatory and connective soft tissue boundaries.",1660
pannuke_f1_1661,1,Bladder,Neoplastic,Pinpoint visible neoplastic.,1661
pannuke_f1_1662,1,Bladder,Neoplastic,Pinpoint all neoplastic areas.,1662
pannuke_f1_1663,1,Bladder,Inflammatory;Connective_Soft_tissue,Identify visible inflammatory and connective soft tissue regions.,1663
pannuke_f1_1664,1,Bladder,Connective_Soft_tissue,Mark the connective soft tissue areas.,1664
pannuke_f1_1665,1,Bladder,Connective_Soft_tissue,Mark only connective soft tissue regions.,1665
pannuke_f1_1666,1,Bladder,Inflammatory;Connective_Soft_tissue,There is inflammatory and connective soft tissue present. Mark it.,1666
pannuke_f1_1667,1,Bladder,Connective_Soft_tissue,Spot the connective soft tissue regions.,1667
pannuke_f1_1668,1,Bladder,Connective_Soft_tissue,Detect visible connective soft tissue.,1668
pannuke_f1_1669,1,Bladder,Connective_Soft_tissue,Segment present connective soft tissue structures.,1669
pannuke_f1_1670,1,Bladder,Connective_Soft_tissue,Segment connective soft tissue for quantitative analysis.,1670
pannuke_f1_1671,1,Bladder,Connective_Soft_tissue,Identify connective soft tissue tissue regions.,1671
pannuke_f1_1672,1,Bladder,Connective_Soft_tissue,Identify connective soft tissue in this pathology slide.,1672
pannuke_f1_1673,1,Bladder,Connective_Soft_tissue,Pay attention to connective soft tissue areas.,1673
pannuke_f1_1674,1,Bladder,Connective_Soft_tissue,Distinguish the connective soft tissue regions.,1674
pannuke_f1_1675,1,Bladder,Inflammatory;Connective_Soft_tissue,Generate inflammatory and connective soft tissue segmentation.,1675
pannuke_f1_1676,1,Bladder,Connective_Soft_tissue,Segment the connective soft tissue nuclei.,1676
pannuke_f1_1677,1,Bladder,Connective_Soft_tissue,Delineate present connective soft tissue tissue.,1677
pannuke_f1_1678,1,Bladder,Inflammatory;Connective_Soft_tissue,Delineate present inflammatory and connective soft tissue structures.,1678
pannuke_f1_1679,1,Breast,Connective_Soft_tissue,Trace all connective soft tissue areas.,1679
pannuke_f1_1680,1,Breast,Connective_Soft_tissue,This image contains connective soft tissue. Segment it.,1680
pannuke_f1_1681,1,Breast,Inflammatory;Connective_Soft_tissue,Produce inflammatory and connective soft tissue mask.,1681
pannuke_f1_1682,1,Breast,Connective_Soft_tissue,Identify connective soft tissue chromatin patterns.,1682
pannuke_f1_1683,1,Breast,Epithelial,The tissue shows epithelial. Mark the areas.,1683
pannuke_f1_1684,1,Breast,Connective_Soft_tissue;Epithelial,Segment tissue showing connective soft tissue and epithelial.,1684
pannuke_f1_1685,1,Breast,Inflammatory;Connective_Soft_tissue;Epithelial,"Classes to segment: inflammatory, connective soft tissue and epithelial.",1685
pannuke_f1_1686,1,Breast,Inflammatory;Connective_Soft_tissue,Segment inflammatory and connective soft tissue being careful to capture all regions.,1686
pannuke_f1_1687,1,Breast,Neoplastic;Inflammatory;Connective_Soft_tissue,"Segment the neoplastic, inflammatory and connective soft tissue histological features.",1687
pannuke_f1_1688,1,Breast,Neoplastic,Pinpoint all neoplastic areas.,1688
pannuke_f1_1689,1,Breast,Inflammatory;Connective_Soft_tissue,Divide inflammatory and connective soft tissue from surroundings.,1689
pannuke_f1_1690,1,Breast,Inflammatory;Connective_Soft_tissue,Isolate inflammatory and connective soft tissue from background.,1690
pannuke_f1_1691,1,Breast,Neoplastic;Inflammatory;Connective_Soft_tissue,"Outline neoplastic, inflammatory and connective soft tissue cells.",1691
pannuke_f1_1692,1,Breast,Neoplastic;Inflammatory;Connective_Soft_tissue,"Viewing this section, segment neoplastic, inflammatory and connective soft tissue.",1692
pannuke_f1_1693,1,Breast,Neoplastic;Inflammatory;Connective_Soft_tissue,"Detect neoplastic, inflammatory and connective soft tissue in this slide.",1693
pannuke_f1_1694,1,Breast,Neoplastic;Inflammatory;Connective_Soft_tissue,"Accurately identify and mark all neoplastic, inflammatory and connective soft tissue areas present in the slide.",1694
pannuke_f1_1695,1,Breast,Neoplastic;Connective_Soft_tissue,Mark neoplastic and connective soft tissue in this Breast specimen.,1695
pannuke_f1_1696,1,Breast,Neoplastic,Can you segment neoplastic?,1696
pannuke_f1_1697,1,Breast,Neoplastic;Inflammatory;Dead,"Segment neoplastic, inflammatory and dead for quantitative analysis.",1697
pannuke_f1_1698,1,Breast,Neoplastic,Segment the neoplastic in this tissue sample.,1698
pannuke_f1_1699,1,Breast,Neoplastic,Can you identify neoplastic?,1699
pannuke_f1_1700,1,Breast,Neoplastic;Inflammatory,Segment areas containing neoplastic and inflammatory.,1700
pannuke_f1_1701,1,Breast,Neoplastic,Highlight the neoplastic regions.,1701
pannuke_f1_1702,1,Breast,Neoplastic,Mark present neoplastic tissue.,1702
pannuke_f1_1703,1,Breast,Neoplastic,Partition neoplastic areas.,1703
pannuke_f1_1704,1,Breast,,,1704
pannuke_f1_1705,1,Breast,,,1705
pannuke_f1_1706,1,Breast,Inflammatory;Connective_Soft_tissue,Your goal is to identify inflammatory and connective soft tissue.,1706
pannuke_f1_1707,1,Breast,,,1707
pannuke_f1_1708,1,Breast,,,1708
pannuke_f1_1709,1,Breast,,,1709
pannuke_f1_1710,1,Breast,Neoplastic,Segment neoplastic patterns in Breast.,1710
pannuke_f1_1711,1,Breast,Neoplastic,Identify all neoplastic cells.,1711
pannuke_f1_1712,1,Breast,Neoplastic;Connective_Soft_tissue,Identify all neoplastic and connective soft tissue nuclei.,1712
pannuke_f1_1713,1,Breast,Neoplastic,Identify areas of neoplastic concentration.,1713
pannuke_f1_1714,1,Breast,Neoplastic,Focus solely on neoplastic.,1714
pannuke_f1_1715,1,Breast,Neoplastic;Connective_Soft_tissue,Segment all neoplastic and connective soft tissue regions.,1715
pannuke_f1_1716,1,Breast,Neoplastic;Inflammatory;Connective_Soft_tissue,"Label visible neoplastic, inflammatory and connective soft tissue.",1716
pannuke_f1_1717,1,Breast,Neoplastic;Inflammatory,Delineate visible neoplastic and inflammatory structures.,1717
pannuke_f1_1718,1,Breast,Connective_Soft_tissue,Isolate connective soft tissue cells.,1718
pannuke_f1_1719,1,Breast,Inflammatory;Connective_Soft_tissue,Segment the inflammatory and connective soft tissue portions.,1719
pannuke_f1_1720,1,Breast,Connective_Soft_tissue,Sketch connective soft tissue regions.,1720
pannuke_f1_1721,1,Breast,Connective_Soft_tissue,Map all connective soft tissue areas.,1721
pannuke_f1_1722,1,Breast,Connective_Soft_tissue,"Given this Breast sample, mark connective soft tissue regions.",1722
pannuke_f1_1723,1,Breast,,,1723
pannuke_f1_1724,1,Breast,,,1724
pannuke_f1_1725,1,Breast,,,1725
pannuke_f1_1726,1,Breast,Neoplastic;Connective_Soft_tissue,Label neoplastic and connective soft tissue in this Breast section.,1726
pannuke_f1_1727,1,Breast,Neoplastic;Connective_Soft_tissue,Spot all neoplastic and connective soft tissue areas.,1727
pannuke_f1_1728,1,Breast,Neoplastic;Connective_Soft_tissue,Segment the neoplastic and connective soft tissue distribution.,1728
pannuke_f1_1729,1,Breast,Neoplastic;Inflammatory;Connective_Soft_tissue,"Scan for neoplastic, inflammatory and connective soft tissue cells.",1729
pannuke_f1_1730,1,Breast,Neoplastic;Connective_Soft_tissue,Segment present neoplastic and connective soft tissue areas.,1730
pannuke_f1_1731,1,Breast,Neoplastic;Inflammatory;Connective_Soft_tissue,"Delineate neoplastic, inflammatory and connective soft tissue areas.",1731
pannuke_f1_1732,1,Breast,Neoplastic;Inflammatory;Connective_Soft_tissue,"Document neoplastic, inflammatory and connective soft tissue in this Breast sample.",1732
pannuke_f1_1733,1,Breast,Neoplastic;Inflammatory;Connective_Soft_tissue,"Point out all neoplastic, inflammatory and connective soft tissue.",1733
pannuke_f1_1734,1,Breast,Neoplastic;Inflammatory;Connective_Soft_tissue,"neoplastic, inflammatory and connective soft tissue appears in this image. Segment all instances.",1734
pannuke_f1_1735,1,Breast,Neoplastic;Connective_Soft_tissue,Identify only neoplastic and connective soft tissue cells.,1735
pannuke_f1_1736,1,Breast,Neoplastic;Connective_Soft_tissue,Delineate present neoplastic and connective soft tissue cells.,1736
pannuke_f1_1737,1,Breast,Neoplastic;Connective_Soft_tissue,Pinpoint visible neoplastic and connective soft tissue.,1737
pannuke_f1_1738,1,Breast,Neoplastic;Connective_Soft_tissue,Mark neoplastic and connective soft tissue cells in this Breast sample.,1738
pannuke_f1_1739,1,Breast,Neoplastic;Inflammatory;Connective_Soft_tissue,"Analyzing this sample, segment neoplastic, inflammatory and connective soft tissue areas.",1739
pannuke_f1_1740,1,Breast,Neoplastic;Inflammatory;Connective_Soft_tissue,"Identify neoplastic, inflammatory and connective soft tissue including all visible instances.",1740
pannuke_f1_1741,1,Breast,Neoplastic;Inflammatory;Connective_Soft_tissue,"Label the neoplastic, inflammatory and connective soft tissue tissue.",1741
pannuke_f1_1742,1,Breast,Neoplastic;Inflammatory;Connective_Soft_tissue,"Point out neoplastic, inflammatory and connective soft tissue cells.",1742
pannuke_f1_1743,1,Breast,Neoplastic;Connective_Soft_tissue,Highlight present neoplastic and connective soft tissue tissue.,1743
pannuke_f1_1744,1,Breast,Neoplastic;Connective_Soft_tissue,Identify all neoplastic and connective soft tissue nuclei.,1744
pannuke_f1_1745,1,Breast,Neoplastic;Connective_Soft_tissue,Identify neoplastic and connective soft tissue tissue regions.,1745
pannuke_f1_1746,1,Breast,Neoplastic;Connective_Soft_tissue,Highlight the neoplastic and connective soft tissue regions.,1746
pannuke_f1_1747,1,Breast,Neoplastic;Inflammatory;Connective_Soft_tissue,"Segment locations of neoplastic, inflammatory and connective soft tissue.",1747
pannuke_f1_1748,1,Cervix,,,1748
pannuke_f1_1749,1,Cervix,,,1749
pannuke_f1_1750,1,Cervix,,,1750
pannuke_f1_1751,1,Cervix,,,1751
pannuke_f1_1752,1,Cervix,,,1752
pannuke_f1_1753,1,Cervix,,,1753
pannuke_f1_1754,1,Cervix,Neoplastic,"Viewing this section, segment neoplastic.",1754
pannuke_f1_1755,1,Cervix,Neoplastic;Dead,Segment neoplastic and dead areas in this slide.,1755
pannuke_f1_1756,1,Cervix,Neoplastic;Dead,Highlight visible neoplastic and dead cells.,1756
pannuke_f1_1757,1,Cervix,Inflammatory;Connective_Soft_tissue;Dead,"Delineate visible inflammatory, connective soft tissue and dead areas.",1757
pannuke_f1_1758,1,Cervix,Neoplastic;Inflammatory,Highlight present neoplastic and inflammatory structures.,1758
pannuke_f1_1759,1,Cervix,Neoplastic;Inflammatory,Segment neoplastic and inflammatory in the tumor stroma.,1759
pannuke_f1_1760,1,Cervix,Neoplastic;Inflammatory;Connective_Soft_tissue,"Mark all neoplastic, inflammatory and connective soft tissue tissue.",1760
pannuke_f1_1761,1,Cervix,Neoplastic;Inflammatory,Mark visible neoplastic and inflammatory structures.,1761
pannuke_f1_1762,1,Cervix,Neoplastic;Inflammatory,Trace all neoplastic and inflammatory areas.,1762
pannuke_f1_1763,1,Cervix,Neoplastic;Inflammatory;Connective_Soft_tissue,"Pay attention to neoplastic, inflammatory and connective soft tissue areas.",1763
pannuke_f1_1764,1,Cervix,Neoplastic;Inflammatory;Connective_Soft_tissue,"Mark neoplastic, inflammatory and connective soft tissue cytological features.",1764
pannuke_f1_1765,1,Cervix,Inflammatory;Connective_Soft_tissue,"In this Cervix histology, identify inflammatory and connective soft tissue cells.",1765
pannuke_f1_1766,1,Cervix,Neoplastic;Inflammatory;Connective_Soft_tissue,"Segment visible neoplastic, inflammatory and connective soft tissue structures.",1766
pannuke_f1_1767,1,Cervix,Inflammatory;Connective_Soft_tissue,Your task: segment inflammatory and connective soft tissue in this image.,1767
pannuke_f1_1768,1,Cervix,Neoplastic;Inflammatory;Connective_Soft_tissue,"Segment all neoplastic, inflammatory and connective soft tissue in the field.",1768
pannuke_f1_1769,1,Cervix,Neoplastic,Segment tissue showing neoplastic.,1769
pannuke_f1_1770,1,Cervix,Neoplastic;Inflammatory;Connective_Soft_tissue,"Segment neoplastic, inflammatory and connective soft tissue to enable cell counting.",1770
pannuke_f1_1771,1,Cervix,Neoplastic;Inflammatory;Connective_Soft_tissue,"Segment all neoplastic, inflammatory and connective soft tissue areas.",1771
pannuke_f1_1772,1,Cervix,Neoplastic,Segment present neoplastic tissue.,1772
pannuke_f1_1773,1,Cervix,Neoplastic;Connective_Soft_tissue,Segment neoplastic and connective soft tissue elements.,1773
pannuke_f1_1774,1,Cervix,Neoplastic;Inflammatory;Connective_Soft_tissue,"Delineate neoplastic, inflammatory and connective soft tissue morphological features.",1774
pannuke_f1_1775,1,Cervix,Inflammatory;Connective_Soft_tissue,Label inflammatory and connective soft tissue cells.,1775
pannuke_f1_1776,1,Cervix,Connective_Soft_tissue,Segment connective soft tissue areas in Cervix tissue.,1776
pannuke_f1_1777,1,Cervix,Connective_Soft_tissue,Segment connective soft tissue areas in Cervix tissue.,1777
pannuke_f1_1778,1,Cervix,Connective_Soft_tissue,Identify connective soft tissue including all visible instances.,1778
pannuke_f1_1779,1,Cervix,Inflammatory;Connective_Soft_tissue,Delineate visible inflammatory and connective soft tissue areas.,1779
pannuke_f1_1780,1,Cervix,Connective_Soft_tissue,Pinpoint connective soft tissue in this Cervix.,1780
pannuke_f1_1781,1,Cervix,Inflammatory;Connective_Soft_tissue,Indicate all inflammatory and connective soft tissue cells.,1781
pannuke_f1_1782,1,Cervix,Inflammatory;Connective_Soft_tissue,Recognize visible inflammatory and connective soft tissue.,1782
pannuke_f1_1783,1,Cervix,Inflammatory;Connective_Soft_tissue,Segment all inflammatory and connective soft tissue in the field.,1783
pannuke_f1_1784,1,Cervix,Inflammatory;Connective_Soft_tissue,"Given this Cervix sample, mark inflammatory and connective soft tissue regions.",1784
pannuke_f1_1785,1,Cervix,Inflammatory;Connective_Soft_tissue,Segment inflammatory and connective soft tissue zones.,1785
pannuke_f1_1786,1,Cervix,Connective_Soft_tissue,Segment connective soft tissue being careful to capture all regions.,1786
pannuke_f1_1787,1,Cervix,Neoplastic;Inflammatory;Connective_Soft_tissue,"Segment neoplastic, inflammatory and connective soft tissue diagnostic regions.",1787
pannuke_f1_1788,1,Cervix,Neoplastic;Inflammatory,Indicate neoplastic and inflammatory areas.,1788
pannuke_f1_1789,1,Cervix,Neoplastic;Inflammatory;Connective_Soft_tissue,"Identify present neoplastic, inflammatory and connective soft tissue cells.",1789
pannuke_f1_1790,1,Cervix,Neoplastic;Inflammatory;Connective_Soft_tissue,"Observing this sample, delineate neoplastic, inflammatory and connective soft tissue.",1790
pannuke_f1_1791,1,Cervix,Neoplastic;Inflammatory,Label the neoplastic and inflammatory regions.,1791
pannuke_f1_1792,1,Cervix,Neoplastic;Inflammatory;Connective_Soft_tissue,"Provide neoplastic, inflammatory and connective soft tissue segmentation.",1792
pannuke_f1_1793,1,Cervix,Neoplastic;Inflammatory;Connective_Soft_tissue,"Mark present neoplastic, inflammatory and connective soft tissue cells.",1793
pannuke_f1_1794,1,Cervix,Neoplastic,Required: neoplastic segmentation.,1794
pannuke_f1_1795,1,Cervix,Neoplastic;Inflammatory,Draw around neoplastic and inflammatory.,1795
pannuke_f1_1796,1,Cervix,Neoplastic;Inflammatory,Identify the neoplastic and inflammatory structures.,1796
pannuke_f1_1797,1,Cervix,Neoplastic;Inflammatory,Highlight visible neoplastic and inflammatory areas.,1797
pannuke_f1_1798,1,Cervix,Neoplastic;Inflammatory;Connective_Soft_tissue,"Identify neoplastic, inflammatory and connective soft tissue features in Cervix.",1798
pannuke_f1_1799,1,Cervix,Neoplastic;Inflammatory;Connective_Soft_tissue,"Segment neoplastic, inflammatory and connective soft tissue in this histology image.",1799
pannuke_f1_1800,1,Cervix,Neoplastic;Inflammatory,Label neoplastic and inflammatory cells.,1800
pannuke_f1_1801,1,Cervix,Neoplastic;Inflammatory;Connective_Soft_tissue,"Identify areas of neoplastic, inflammatory and connective soft tissue concentration.",1801
pannuke_f1_1802,1,Cervix,Neoplastic;Inflammatory;Connective_Soft_tissue,"Segment neoplastic, inflammatory and connective soft tissue in the tumor stroma.",1802
pannuke_f1_1803,1,Cervix,Neoplastic;Inflammatory;Connective_Soft_tissue,"Across the Cervix section, segment neoplastic, inflammatory and connective soft tissue.",1803
pannuke_f1_1804,1,Cervix,Inflammatory;Connective_Soft_tissue,Identify inflammatory and connective soft tissue components.,1804
pannuke_f1_1805,1,Cervix,Connective_Soft_tissue,Circle all connective soft tissue areas.,1805
pannuke_f1_1806,1,Cervix,Neoplastic;Inflammatory;Connective_Soft_tissue,"Mark foci of neoplastic, inflammatory and connective soft tissue activity.",1806
pannuke_f1_1807,1,Cervix,Inflammatory;Connective_Soft_tissue,"Shown this histology, mark inflammatory and connective soft tissue.",1807
pannuke_f1_1808,1,Cervix,Connective_Soft_tissue,The tissue shows connective soft tissue. Mark the areas.,1808
pannuke_f1_1809,1,Cervix,Neoplastic;Inflammatory;Connective_Soft_tissue,"Your task: segment neoplastic, inflammatory and connective soft tissue in this image.",1809
pannuke_f1_1810,1,Cervix,Neoplastic;Inflammatory;Connective_Soft_tissue,"The task is to segment neoplastic, inflammatory and connective soft tissue.",1810
pannuke_f1_1811,1,Cervix,Neoplastic;Inflammatory;Connective_Soft_tissue,"Segment present neoplastic, inflammatory and connective soft tissue cells.",1811
pannuke_f1_1812,1,Cervix,Neoplastic;Inflammatory,Delineate neoplastic and inflammatory with accurate boundary detection.,1812
pannuke_f1_1813,1,Cervix,Neoplastic;Inflammatory;Connective_Soft_tissue,"Detect neoplastic, inflammatory and connective soft tissue in Cervix histology.",1813
pannuke_f1_1814,1,Cervix,Neoplastic;Inflammatory,Assignment: segment neoplastic and inflammatory tissue.,1814
pannuke_f1_1815,1,Cervix,Neoplastic,Mark visible neoplastic structures.,1815
pannuke_f1_1816,1,Cervix,Neoplastic,Segment locations of neoplastic.,1816
pannuke_f1_1817,1,Cervix,Neoplastic,Mark neoplastic cytoplasmic features.,1817
pannuke_f1_1818,1,Cervix,Neoplastic;Inflammatory,Identify all neoplastic and inflammatory regions.,1818
pannuke_f1_1819,1,Cervix,Neoplastic;Inflammatory,Delineate neoplastic and inflammatory morphological features.,1819
pannuke_f1_1820,1,Cervix,Neoplastic;Inflammatory,Which cells are neoplastic and inflammatory?,1820
pannuke_f1_1821,1,Cervix,Neoplastic,Delineate all neoplastic cells.,1821
pannuke_f1_1822,1,Colon,Inflammatory;Connective_Soft_tissue;Epithelial,"Delineate inflammatory, connective soft tissue and epithelial pathology in this section.",1822
pannuke_f1_1823,1,Colon,Inflammatory;Connective_Soft_tissue;Epithelial,"Mark the pathological inflammatory, connective soft tissue and epithelial regions.",1823
pannuke_f1_1824,1,Colon,Inflammatory;Connective_Soft_tissue,Define inflammatory and connective soft tissue boundaries.,1824
pannuke_f1_1825,1,Colon,Inflammatory;Connective_Soft_tissue,Segment present inflammatory and connective soft tissue tissue.,1825
pannuke_f1_1826,1,Colon,Inflammatory;Connective_Soft_tissue;Epithelial,"Indicate the inflammatory, connective soft tissue and epithelial tissue.",1826
pannuke_f1_1827,1,Colon,Inflammatory;Connective_Soft_tissue;Epithelial,"Segment visible inflammatory, connective soft tissue and epithelial.",1827
pannuke_f1_1828,1,Colon,Inflammatory;Connective_Soft_tissue;Epithelial,"Inspect this Colon sample for inflammatory, connective soft tissue and epithelial.",1828
pannuke_f1_1829,1,Colon,Inflammatory;Connective_Soft_tissue;Epithelial,"Segment inflammatory, connective soft tissue and epithelial for feature extraction.",1829
pannuke_f1_1830,1,Colon,Epithelial,Highlight present epithelial cells.,1830
pannuke_f1_1831,1,Colon,Inflammatory;Connective_Soft_tissue;Epithelial,"Partition inflammatory, connective soft tissue and epithelial regions.",1831
pannuke_f1_1832,1,Colon,Inflammatory;Connective_Soft_tissue;Epithelial,"Highlight all inflammatory, connective soft tissue and epithelial areas.",1832
pannuke_f1_1833,1,Colon,Inflammatory;Connective_Soft_tissue;Epithelial,"Reviewing this image, delineate inflammatory, connective soft tissue and epithelial boundaries.",1833
pannuke_f1_1834,1,Colon,Inflammatory;Connective_Soft_tissue;Epithelial,"Identify inflammatory, connective soft tissue and epithelial features in Colon.",1834
pannuke_f1_1835,1,Colon,Connective_Soft_tissue;Epithelial,Delineate all connective soft tissue and epithelial areas.,1835
pannuke_f1_1836,1,Colon,Connective_Soft_tissue;Epithelial,"On this Colon image, highlight connective soft tissue and epithelial.",1836
pannuke_f1_1837,1,Colon,Inflammatory;Connective_Soft_tissue;Epithelial,"Analyze inflammatory, connective soft tissue and epithelial presence.",1837
pannuke_f1_1838,1,Colon,Epithelial,Highlight all epithelial tissue.,1838
pannuke_f1_1839,1,Colon,Inflammatory;Epithelial,Outline all inflammatory and epithelial structures.,1839
pannuke_f1_1840,1,Colon,Inflammatory;Connective_Soft_tissue;Epithelial,"Detect inflammatory, connective soft tissue and epithelial in Colon histology.",1840
pannuke_f1_1841,1,Colon,Epithelial,Segment epithelial cellular composition.,1841
pannuke_f1_1842,1,Colon,Inflammatory;Connective_Soft_tissue;Epithelial,"Delineate inflammatory, connective soft tissue and epithelial for clinical evaluation.",1842
pannuke_f1_1843,1,Colon,Inflammatory;Connective_Soft_tissue;Epithelial,"Review this Colon slide and identify inflammatory, connective soft tissue and epithelial.",1843
pannuke_f1_1844,1,Colon,Inflammatory;Connective_Soft_tissue;Epithelial,"Segment present inflammatory, connective soft tissue and epithelial areas.",1844
pannuke_f1_1845,1,Colon,Inflammatory;Connective_Soft_tissue;Epithelial,"Delineate inflammatory, connective soft tissue and epithelial boundaries.",1845
pannuke_f1_1846,1,Colon,Connective_Soft_tissue;Epithelial,Spot connective soft tissue and epithelial cells.,1846
pannuke_f1_1847,1,Colon,Epithelial,Mark visible epithelial tissue.,1847
pannuke_f1_1848,1,Colon,Inflammatory;Connective_Soft_tissue;Epithelial,"Segment all inflammatory, connective soft tissue and epithelial regions.",1848
pannuke_f1_1849,1,Colon,Epithelial,Generate mask for epithelial.,1849
pannuke_f1_1850,1,Colon,Inflammatory;Connective_Soft_tissue,Segment inflammatory and connective soft tissue elements.,1850
pannuke_f1_1851,1,Colon,Neoplastic;Inflammatory;Connective_Soft_tissue;Epithelial,"Segment the entire neoplastic, inflammatory, connective soft tissue and epithelial population.",1851
pannuke_f1_1852,1,Colon,Inflammatory;Connective_Soft_tissue,Outline inflammatory and connective soft tissue architectural patterns.,1852
pannuke_f1_1853,1,Colon,Inflammatory;Connective_Soft_tissue,This Colon slide shows inflammatory and connective soft tissue. Segment it.,1853
pannuke_f1_1854,1,Colon,Inflammatory;Connective_Soft_tissue;Epithelial,"Identify inflammatory, connective soft tissue and epithelial in Colon histology.",1854
pannuke_f1_1855,1,Colon,Epithelial,Segment the epithelial histological features.,1855
pannuke_f1_1856,1,Colon,Inflammatory;Connective_Soft_tissue;Epithelial,"Distinguish inflammatory, connective soft tissue and epithelial cells.",1856
pannuke_f1_1857,1,Colon,Inflammatory;Connective_Soft_tissue;Epithelial,"Highlight present inflammatory, connective soft tissue and epithelial tissue.",1857
pannuke_f1_1858,1,Colon,Neoplastic;Inflammatory;Connective_Soft_tissue,"Segment the neoplastic, inflammatory and connective soft tissue cell population.",1858
pannuke_f1_1859,1,Colon,,,1859
pannuke_f1_1860,1,Colon,Inflammatory;Connective_Soft_tissue;Epithelial,"Highlight present inflammatory, connective soft tissue and epithelial cells.",1860
pannuke_f1_1861,1,Colon,Inflammatory;Connective_Soft_tissue;Epithelial,"Spot all inflammatory, connective soft tissue and epithelial areas.",1861
pannuke_f1_1862,1,Colon,Inflammatory;Connective_Soft_tissue;Epithelial,"Within Colon tissue, annotate inflammatory, connective soft tissue and epithelial.",1862
pannuke_f1_1863,1,Colon,Inflammatory;Connective_Soft_tissue;Epithelial,"Provide a complete segmentation of inflammatory, connective soft tissue and epithelial regions.",1863
pannuke_f1_1864,1,Colon,,,1864
pannuke_f1_1865,1,Colon,Inflammatory;Connective_Soft_tissue;Epithelial,"Locate inflammatory, connective soft tissue and epithelial in Colon tissue.",1865
pannuke_f1_1866,1,Colon,Inflammatory;Connective_Soft_tissue;Epithelial,"Locate inflammatory, connective soft tissue and epithelial in Colon tissue.",1866
pannuke_f1_1867,1,Colon,Inflammatory;Connective_Soft_tissue;Epithelial,"Segment visible inflammatory, connective soft tissue and epithelial regions.",1867
pannuke_f1_1868,1,Colon,Inflammatory;Connective_Soft_tissue,Identify inflammatory and connective soft tissue components.,1868
pannuke_f1_1869,1,Colon,Inflammatory;Connective_Soft_tissue,Identify inflammatory and connective soft tissue in Colon histology.,1869
pannuke_f1_1870,1,Colon,,,1870
pannuke_f1_1871,1,Colon,Connective_Soft_tissue;Epithelial,Highlight connective soft tissue and epithelial in this Colon slide.,1871
pannuke_f1_1872,1,Colon,Inflammatory;Connective_Soft_tissue;Epithelial,"Delineate inflammatory, connective soft tissue and epithelial pathology in this section.",1872
pannuke_f1_1873,1,Colon,Epithelial,Annotate all epithelial areas.,1873
pannuke_f1_1874,1,Colon,Connective_Soft_tissue;Epithelial,Discern visible connective soft tissue and epithelial.,1874
pannuke_f1_1875,1,Colon,Connective_Soft_tissue;Epithelial,Map connective soft tissue and epithelial locations.,1875
pannuke_f1_1876,1,Colon,Connective_Soft_tissue;Epithelial,Segment present connective soft tissue and epithelial regions.,1876
pannuke_f1_1877,1,Colon,Inflammatory;Connective_Soft_tissue;Epithelial,"Annotate visible inflammatory, connective soft tissue and epithelial.",1877
pannuke_f1_1878,1,Colon,Inflammatory;Connective_Soft_tissue,Discern the inflammatory and connective soft tissue from background.,1878
pannuke_f1_1879,1,Colon,Inflammatory;Connective_Soft_tissue;Epithelial,"Develop a precise map of inflammatory, connective soft tissue and epithelial distribution.",1879
pannuke_f1_1880,1,Colon,,,1880
pannuke_f1_1881,1,Colon,Connective_Soft_tissue;Epithelial,Distinguish visible connective soft tissue and epithelial.,1881
pannuke_f1_1882,1,Colon,Connective_Soft_tissue;Epithelial,Segment each connective soft tissue and epithelial region.,1882
pannuke_f1_1883,1,Colon,Inflammatory;Connective_Soft_tissue,This image contains inflammatory and connective soft tissue. Segment it.,1883
pannuke_f1_1884,1,Colon,Connective_Soft_tissue,Produce a detailed outline of connective soft tissue structures.,1884
pannuke_f1_1885,1,Colon,Epithelial,Pinpoint visible epithelial.,1885
pannuke_f1_1886,1,Colon,Connective_Soft_tissue,Thoroughly segment every instance of connective soft tissue in this microscopy image.,1886
pannuke_f1_1887,1,Colon,Connective_Soft_tissue;Epithelial,Segment margins of connective soft tissue and epithelial.,1887
pannuke_f1_1888,1,Colon,Inflammatory;Connective_Soft_tissue,Find inflammatory and connective soft tissue in this Colon sample.,1888
pannuke_f1_1889,1,Colon,Inflammatory;Connective_Soft_tissue,Trace the inflammatory and connective soft tissue regions.,1889
pannuke_f1_1890,1,Colon,Connective_Soft_tissue,"Given this pathology slide, segment connective soft tissue.",1890
pannuke_f1_1891,1,Colon,Inflammatory;Connective_Soft_tissue,Circle the inflammatory and connective soft tissue structures.,1891
pannuke_f1_1892,1,Colon,Connective_Soft_tissue;Epithelial,Highlight connective soft tissue and epithelial in this Colon slide.,1892
pannuke_f1_1893,1,Colon,Connective_Soft_tissue;Epithelial,Segment present connective soft tissue and epithelial tissue.,1893
pannuke_f1_1894,1,Colon,Connective_Soft_tissue;Epithelial,Chart connective soft tissue and epithelial presence.,1894
pannuke_f1_1895,1,Colon,Connective_Soft_tissue,Delineate connective soft tissue for pattern recognition.,1895
pannuke_f1_1896,1,Colon,Neoplastic,Study this Colon section and mark neoplastic.,1896
pannuke_f1_1897,1,Colon,Epithelial,Identify areas of epithelial concentration.,1897
pannuke_f1_1898,1,Colon,Epithelial,Segment epithelial to enable cell counting.,1898
pannuke_f1_1899,1,Colon,Inflammatory;Connective_Soft_tissue;Epithelial,"Identify only inflammatory, connective soft tissue and epithelial cells.",1899
pannuke_f1_1900,1,Colon,Neoplastic,Segment neoplastic phenotypic features.,1900
pannuke_f1_1901,1,Colon,Neoplastic;Epithelial,Segment the neoplastic and epithelial cells.,1901
pannuke_f1_1902,1,Colon,Connective_Soft_tissue;Epithelial,"Presented with this tissue, identify connective soft tissue and epithelial.",1902
pannuke_f1_1903,1,Colon,Inflammatory;Connective_Soft_tissue;Epithelial,"Target inflammatory, connective soft tissue and epithelial regions.",1903
pannuke_f1_1904,1,Colon,Epithelial,Generate a comprehensive mask for epithelial.,1904
pannuke_f1_1905,1,Colon,Inflammatory;Connective_Soft_tissue;Epithelial,"Detect inflammatory, connective soft tissue and epithelial in Colon histology.",1905
pannuke_f1_1906,1,Colon,Inflammatory;Connective_Soft_tissue;Epithelial,"Develop a precise map of inflammatory, connective soft tissue and epithelial distribution.",1906
pannuke_f1_1907,1,Colon,Inflammatory;Connective_Soft_tissue;Epithelial,"inflammatory, connective soft tissue and epithelial appears in this image. Segment all instances.",1907
pannuke_f1_1908,1,Colon,Inflammatory;Connective_Soft_tissue;Epithelial,"Segment inflammatory, connective soft tissue and epithelial in relation to stroma.",1908
pannuke_f1_1909,1,Colon,Epithelial,Segment visible epithelial tissue.,1909
pannuke_f1_1910,1,Colon,Inflammatory;Connective_Soft_tissue;Epithelial,"Delineate present inflammatory, connective soft tissue and epithelial regions.",1910
pannuke_f1_1911,1,Colon,Epithelial,Segment the epithelial structures.,1911
pannuke_f1_1912,1,Colon,Connective_Soft_tissue;Epithelial,"In the Colon microstructure, find connective soft tissue and epithelial.",1912
pannuke_f1_1913,1,Colon,Epithelial,Segment the epithelial with attention to boundary precision.,1913
pannuke_f1_1914,1,Colon,Inflammatory;Connective_Soft_tissue;Epithelial,"In the Colon section, locate inflammatory, connective soft tissue and epithelial.",1914
pannuke_f1_1915,1,Colon,Inflammatory;Connective_Soft_tissue;Epithelial,"Segment clusters of inflammatory, connective soft tissue and epithelial.",1915
pannuke_f1_1916,1,Colon,Epithelial,"In this Colon histology, identify epithelial cells.",1916
pannuke_f1_1917,1,Colon,Connective_Soft_tissue;Epithelial,Mark present connective soft tissue and epithelial structures.,1917
pannuke_f1_1918,1,Colon,Epithelial,Identify and mark epithelial.,1918
pannuke_f1_1919,1,Colon,Inflammatory;Connective_Soft_tissue;Epithelial,"Identify inflammatory, connective soft tissue and epithelial components.",1919
pannuke_f1_1920,1,Colon,Inflammatory;Connective_Soft_tissue;Epithelial,"Mark all inflammatory, connective soft tissue and epithelial cells.",1920
pannuke_f1_1921,1,Colon,Inflammatory;Connective_Soft_tissue;Epithelial,"Delineate visible inflammatory, connective soft tissue and epithelial tissue.",1921
pannuke_f1_1922,1,Colon,Connective_Soft_tissue,Identify connective soft tissue cellular morphology.,1922
pannuke_f1_1923,1,Colon,,,1923
pannuke_f1_1924,1,Colon,Connective_Soft_tissue,Pinpoint visible connective soft tissue.,1924
pannuke_f1_1925,1,Colon,Connective_Soft_tissue,Highlight all connective soft tissue cells.,1925
pannuke_f1_1926,1,Colon,Connective_Soft_tissue,Recognize the connective soft tissue regions.,1926
pannuke_f1_1927,1,Colon,Inflammatory;Connective_Soft_tissue,Highlight inflammatory and connective soft tissue cells.,1927
pannuke_f1_1928,1,Colon,Epithelial,Scan for epithelial cells.,1928
pannuke_f1_1929,1,Colon,Inflammatory;Connective_Soft_tissue;Epithelial,"Segment zones of inflammatory, connective soft tissue and epithelial.",1929
pannuke_f1_1930,1,Colon,Inflammatory;Connective_Soft_tissue,Concentrate on inflammatory and connective soft tissue regions.,1930
pannuke_f1_1931,1,Colon,Inflammatory;Connective_Soft_tissue,Map inflammatory and connective soft tissue distribution in Colon.,1931
pannuke_f1_1932,1,Colon,Connective_Soft_tissue;Epithelial,Target connective soft tissue and epithelial cells.,1932
pannuke_f1_1933,1,Colon,Epithelial,Identify epithelial in Colon histology.,1933
pannuke_f1_1934,1,Colon,Inflammatory;Connective_Soft_tissue;Epithelial,"Segment extent of inflammatory, connective soft tissue and epithelial.",1934
pannuke_f1_1935,1,Colon,Inflammatory;Connective_Soft_tissue;Epithelial,"Indicate all inflammatory, connective soft tissue and epithelial cells.",1935
pannuke_f1_1936,1,Colon,Epithelial,Separate epithelial from other tissue.,1936
pannuke_f1_1937,1,Colon,Inflammatory;Connective_Soft_tissue,Delineate visible inflammatory and connective soft tissue areas.,1937
pannuke_f1_1938,1,Colon,Inflammatory;Connective_Soft_tissue;Epithelial,"Mark visible inflammatory, connective soft tissue and epithelial regions.",1938
pannuke_f1_1939,1,Colon,,,1939
pannuke_f1_1940,1,Colon,,,1940
pannuke_f1_1941,1,Colon,Epithelial,Outline the epithelial boundaries.,1941
pannuke_f1_1942,1,Colon,Epithelial,Identify areas of epithelial concentration.,1942
pannuke_f1_1943,1,Colon,Inflammatory;Connective_Soft_tissue;Epithelial,"Segment any inflammatory, connective soft tissue and epithelial present.",1943
pannuke_f1_1944,1,Colon,Inflammatory;Connective_Soft_tissue,Segment inflammatory and connective soft tissue tissue.,1944
pannuke_f1_1945,1,Colon,,,1945
pannuke_f1_1946,1,Colon,,,1946
pannuke_f1_1947,1,Colon,Inflammatory;Connective_Soft_tissue;Epithelial,"Segment visible inflammatory, connective soft tissue and epithelial regions.",1947
pannuke_f1_1948,1,Colon,Epithelial,Segment all visible epithelial.,1948
pannuke_f1_1949,1,Colon,Epithelial,Segment epithelial to enable cell counting.,1949
pannuke_f1_1950,1,Colon,Inflammatory;Connective_Soft_tissue;Epithelial,"Segment inflammatory, connective soft tissue and epithelial for quantitative analysis.",1950
pannuke_f1_1951,1,Colon,Epithelial,Annotate epithelial cells.,1951
pannuke_f1_1952,1,Colon,Epithelial,Can you identify epithelial?,1952
pannuke_f1_1953,1,Colon,Inflammatory;Connective_Soft_tissue;Epithelial,"Segment the inflammatory, connective soft tissue and epithelial cell populations.",1953
pannuke_f1_1954,1,Colon,Inflammatory;Connective_Soft_tissue;Epithelial,"Annotate all inflammatory, connective soft tissue and epithelial areas.",1954
pannuke_f1_1955,1,Colon,Inflammatory;Connective_Soft_tissue;Epithelial,"Outline inflammatory, connective soft tissue and epithelial in the Colon image.",1955
pannuke_f1_1956,1,Colon,Epithelial,"Looking at this tissue section, identify epithelial.",1956
pannuke_f1_1957,1,Colon,Epithelial,You should identify epithelial.,1957
pannuke_f1_1958,1,Colon,Inflammatory;Connective_Soft_tissue;Epithelial,"Detect and segment inflammatory, connective soft tissue and epithelial areas.",1958
pannuke_f1_1959,1,Colon,Inflammatory;Epithelial,Identify inflammatory and epithelial cellular morphology.,1959
pannuke_f1_1960,1,Colon,Inflammatory;Connective_Soft_tissue;Epithelial,"Segment visible inflammatory, connective soft tissue and epithelial areas.",1960
pannuke_f1_1961,1,Colon,Inflammatory;Connective_Soft_tissue;Epithelial,"Create mask for inflammatory, connective soft tissue and epithelial.",1961
pannuke_f1_1962,1,Colon,Inflammatory;Connective_Soft_tissue;Epithelial,"Label all inflammatory, connective soft tissue and epithelial areas.",1962
pannuke_f1_1963,1,Colon,Inflammatory;Connective_Soft_tissue;Epithelial,"Identify histological regions showing inflammatory, connective soft tissue and epithelial.",1963
pannuke_f1_1964,1,Colon,Epithelial,Segment present epithelial cells.,1964
pannuke_f1_1965,1,Colon,Inflammatory;Epithelial,Distinguish the inflammatory and epithelial regions.,1965
pannuke_f1_1966,1,Colon,,,1966
pannuke_f1_1967,1,Colon,,,1967
pannuke_f1_1968,1,Colon,,,1968
pannuke_f1_1969,1,Colon,,,1969
pannuke_f1_1970,1,Colon,,,1970
pannuke_f1_1971,1,Colon,,,1971
pannuke_f1_1972,1,Colon,,,1972
pannuke_f1_1973,1,Colon,,,1973
pannuke_f1_1974,1,Colon,,,1974
pannuke_f1_1975,1,Colon,,,1975
pannuke_f1_1976,1,Colon,,,1976
pannuke_f1_1977,1,Colon,,,1977
pannuke_f1_1978,1,Colon,,,1978
pannuke_f1_1979,1,Colon,,,1979
pannuke_f1_1980,1,Colon,Inflammatory;Epithelial,Highlight inflammatory and epithelial in this Colon slide.,1980
pannuke_f1_1981,1,Colon,Inflammatory;Connective_Soft_tissue;Epithelial,"Highlight visible inflammatory, connective soft tissue and epithelial regions.",1981
pannuke_f1_1982,1,Colon,Neoplastic;Inflammatory;Connective_Soft_tissue;Epithelial,"Given this Colon sample, mark neoplastic, inflammatory, connective soft tissue and epithelial regions.",1982
pannuke_f1_1983,1,Colon,Inflammatory;Connective_Soft_tissue;Epithelial,"Locate inflammatory, connective soft tissue and epithelial in this slide.",1983
pannuke_f1_1984,1,Colon,Inflammatory;Epithelial,Highlight present inflammatory and epithelial areas.,1984
pannuke_f1_1985,1,Colon,Inflammatory;Epithelial,Spot inflammatory and epithelial cells.,1985
pannuke_f1_1986,1,Colon,Inflammatory;Connective_Soft_tissue;Epithelial,"From the Colon tissue, extract inflammatory, connective soft tissue and epithelial regions.",1986
pannuke_f1_1987,1,Colon,Inflammatory;Epithelial,Identify visible inflammatory and epithelial.,1987
pannuke_f1_1988,1,Colon,Inflammatory;Epithelial,Segment the inflammatory and epithelial in this tissue sample.,1988
pannuke_f1_1989,1,Colon,Inflammatory;Connective_Soft_tissue;Epithelial,"Find inflammatory, connective soft tissue and epithelial in this image.",1989
pannuke_f1_1990,1,Colon,Inflammatory;Epithelial,Classes to segment: inflammatory and epithelial.,1990
pannuke_f1_1991,1,Colon,Inflammatory;Connective_Soft_tissue;Epithelial,"Pinpoint all inflammatory, connective soft tissue and epithelial areas.",1991
pannuke_f1_1992,1,Colon,Inflammatory;Epithelial,Draw inflammatory and epithelial boundaries.,1992
pannuke_f1_1993,1,Colon,Inflammatory;Connective_Soft_tissue;Epithelial,"Identify all inflammatory, connective soft tissue and epithelial regions.",1993
pannuke_f1_1994,1,Colon,Inflammatory;Connective_Soft_tissue,Locate visible inflammatory and connective soft tissue.,1994
pannuke_f1_1995,1,Colon,Inflammatory;Epithelial,Segment only inflammatory and epithelial.,1995
pannuke_f1_1996,1,Colon,Inflammatory;Epithelial,Discern the inflammatory and epithelial from background.,1996
pannuke_f1_1997,1,Colon,Inflammatory;Epithelial,Identify inflammatory and epithelial chromatin patterns.,1997
pannuke_f1_1998,1,Colon,Inflammatory;Connective_Soft_tissue;Epithelial,"Pinpoint inflammatory, connective soft tissue and epithelial in this Colon.",1998
pannuke_f1_1999,1,Colon,Inflammatory;Connective_Soft_tissue;Epithelial,"Segment visible inflammatory, connective soft tissue and epithelial.",1999
pannuke_f1_2000,1,Colon,Inflammatory;Connective_Soft_tissue,Highlight present inflammatory and connective soft tissue areas.,2000
pannuke_f1_2001,1,Colon,Connective_Soft_tissue;Epithelial,"In this histopathology image, please segment connective soft tissue and epithelial.",2001
pannuke_f1_2002,1,Colon,Epithelial,Indicate where epithelial is present.,2002
pannuke_f1_2003,1,Colon,Inflammatory;Connective_Soft_tissue,Which regions show inflammatory and connective soft tissue?,2003
pannuke_f1_2004,1,Colon,Inflammatory;Connective_Soft_tissue;Epithelial,"Segment inflammatory, connective soft tissue and epithelial nuclei.",2004
pannuke_f1_2005,1,Colon,Inflammatory;Connective_Soft_tissue,Segment present inflammatory and connective soft tissue cells.,2005
pannuke_f1_2006,1,Colon,Connective_Soft_tissue;Epithelial,"For Colon pathology, outline connective soft tissue and epithelial.",2006
pannuke_f1_2007,1,Colon,,,2007
pannuke_f1_2008,1,Colon,Inflammatory;Connective_Soft_tissue;Epithelial,"Delineate inflammatory, connective soft tissue and epithelial boundaries.",2008
pannuke_f1_2009,1,Colon,,,2009
pannuke_f1_2010,1,Colon,Inflammatory;Connective_Soft_tissue;Epithelial,"Segment the inflammatory, connective soft tissue and epithelial distribution.",2010
pannuke_f1_2011,1,Colon,Connective_Soft_tissue;Epithelial,Your task: segment connective soft tissue and epithelial in this image.,2011
pannuke_f1_2012,1,Colon,Inflammatory;Connective_Soft_tissue;Epithelial,"Label inflammatory, connective soft tissue and epithelial in this Colon section.",2012
pannuke_f1_2013,1,Colon,Inflammatory;Connective_Soft_tissue;Epithelial,"In this histopathology image, please segment inflammatory, connective soft tissue and epithelial.",2013
pannuke_f1_2014,1,Colon,Epithelial,Mark the epithelial regions.,2014
pannuke_f1_2015,1,Colon,Epithelial,Where are the epithelial regions?,2015
pannuke_f1_2016,1,Colon,Inflammatory;Connective_Soft_tissue,Segment all inflammatory and connective soft tissue tissue.,2016
pannuke_f1_2017,1,Colon,Inflammatory;Connective_Soft_tissue;Epithelial,"Observe inflammatory, connective soft tissue and epithelial distribution in Colon.",2017
pannuke_f1_2018,1,Colon,Epithelial,Delineate all epithelial.,2018
pannuke_f1_2019,1,Colon,,,2019
pannuke_f1_2020,1,Colon,,,2020
pannuke_f1_2021,1,Colon,Inflammatory;Connective_Soft_tissue,Identify inflammatory and connective soft tissue in this histology section.,2021
pannuke_f1_2022,1,Colon,,,2022
pannuke_f1_2023,1,Colon,Inflammatory;Connective_Soft_tissue,Identify all inflammatory and connective soft tissue regions.,2023
pannuke_f1_2024,1,Colon,Connective_Soft_tissue,Generate mask for connective soft tissue.,2024
pannuke_f1_2025,1,Colon,Connective_Soft_tissue,Divide connective soft tissue from surroundings.,2025
pannuke_f1_2026,1,Colon,Inflammatory;Connective_Soft_tissue,Segment the inflammatory and connective soft tissue regions.,2026
pannuke_f1_2027,1,Colon,Connective_Soft_tissue,Find the connective soft tissue areas.,2027
pannuke_f1_2028,1,Colon,Connective_Soft_tissue,Point out connective soft tissue cells.,2028
pannuke_f1_2029,1,Colon,Connective_Soft_tissue,Required: connective soft tissue segmentation.,2029
pannuke_f1_2030,1,Colon,Connective_Soft_tissue,Segment the connective soft tissue nuclei.,2030
pannuke_f1_2031,1,Colon,Inflammatory;Connective_Soft_tissue,Label visible inflammatory and connective soft tissue.,2031
pannuke_f1_2032,1,Colon,Inflammatory;Connective_Soft_tissue,Identify inflammatory and connective soft tissue spatial arrangement.,2032
pannuke_f1_2033,1,Colon,Inflammatory;Connective_Soft_tissue,Show me where inflammatory and connective soft tissue is.,2033
pannuke_f1_2034,1,Colon,Connective_Soft_tissue,Please segment connective soft tissue.,2034
pannuke_f1_2035,1,Colon,Connective_Soft_tissue,Delineate connective soft tissue with accurate boundary detection.,2035
pannuke_f1_2036,1,Colon,Connective_Soft_tissue,Highlight visible connective soft tissue tissue.,2036
pannuke_f1_2037,1,Colon,Connective_Soft_tissue,Segment the connective soft tissue nuclei.,2037
pannuke_f1_2038,1,Colon,Inflammatory;Connective_Soft_tissue,Segment the inflammatory and connective soft tissue distribution.,2038
pannuke_f1_2039,1,Colon,Inflammatory;Connective_Soft_tissue,Discern visible inflammatory and connective soft tissue.,2039
pannuke_f1_2040,1,Colon,Inflammatory;Connective_Soft_tissue,Distinguish inflammatory and connective soft tissue cells.,2040
pannuke_f1_2041,1,Colon,Inflammatory;Connective_Soft_tissue,Identify visible inflammatory and connective soft tissue regions.,2041
pannuke_f1_2042,1,Colon,Inflammatory;Connective_Soft_tissue,Detect all inflammatory and connective soft tissue cells.,2042
pannuke_f1_2043,1,Colon,Connective_Soft_tissue;Epithelial,Identify connective soft tissue and epithelial abnormalities.,2043
pannuke_f1_2044,1,Colon,Connective_Soft_tissue;Epithelial,This Colon slide shows connective soft tissue and epithelial. Segment it.,2044
pannuke_f1_2045,1,Colon,Connective_Soft_tissue;Epithelial,Spot connective soft tissue and epithelial cells.,2045
pannuke_f1_2046,1,Colon,Connective_Soft_tissue;Epithelial,Highlight visible connective soft tissue and epithelial areas.,2046
pannuke_f1_2047,1,Colon,Connective_Soft_tissue;Epithelial,Segment connective soft tissue and epithelial in this Colon tissue.,2047
pannuke_f1_2048,1,Colon,Inflammatory;Epithelial,Isolate inflammatory and epithelial from background.,2048
pannuke_f1_2049,1,Colon,Connective_Soft_tissue;Epithelial,Chart connective soft tissue and epithelial distribution.,2049
pannuke_f1_2050,1,Colon,Connective_Soft_tissue;Epithelial,Document connective soft tissue and epithelial in this Colon sample.,2050
pannuke_f1_2051,1,Colon,Connective_Soft_tissue;Epithelial,Identify all connective soft tissue and epithelial cells.,2051
pannuke_f1_2052,1,Colon,Connective_Soft_tissue;Epithelial,Can you find connective soft tissue and epithelial?,2052
pannuke_f1_2053,1,Colon,Inflammatory;Connective_Soft_tissue;Epithelial,"Look for inflammatory, connective soft tissue and epithelial in this slide.",2053
pannuke_f1_2054,1,Colon,Connective_Soft_tissue;Epithelial,Identify connective soft tissue and epithelial for spatial analysis.,2054
pannuke_f1_2055,1,Colon,Connective_Soft_tissue;Epithelial,Segment the connective soft tissue and epithelial components.,2055
pannuke_f1_2056,1,Colon,Connective_Soft_tissue;Epithelial,Detect and segment connective soft tissue and epithelial areas.,2056
pannuke_f1_2057,1,Colon,Neoplastic;Dead,Identify all neoplastic and dead regions.,2057
pannuke_f1_2058,1,Colon,Neoplastic;Dead,What parts are neoplastic and dead?,2058
pannuke_f1_2059,1,Colon,Neoplastic;Inflammatory;Dead,"Please find neoplastic, inflammatory and dead.",2059
pannuke_f1_2060,1,Esophagus,Neoplastic;Connective_Soft_tissue,"In this Esophagus tissue, segment neoplastic and connective soft tissue.",2060
pannuke_f1_2061,1,Esophagus,Neoplastic,Mark present neoplastic areas.,2061
pannuke_f1_2062,1,Esophagus,Neoplastic;Inflammatory,Segment neoplastic and inflammatory patterns in Esophagus.,2062
pannuke_f1_2063,1,Esophagus,Neoplastic;Inflammatory,Trace all neoplastic and inflammatory areas.,2063
pannuke_f1_2064,1,Esophagus,Neoplastic,Separate neoplastic from other tissue.,2064
pannuke_f1_2065,1,Esophagus,Neoplastic;Inflammatory,Look for neoplastic and inflammatory in this slide.,2065
pannuke_f1_2066,1,Esophagus,Connective_Soft_tissue,Indicate the connective soft tissue tissue.,2066
pannuke_f1_2067,1,Esophagus,Neoplastic;Inflammatory;Connective_Soft_tissue,"Segment neoplastic, inflammatory and connective soft tissue cellular composition.",2067
pannuke_f1_2068,1,Esophagus,Neoplastic;Inflammatory;Connective_Soft_tissue,"Segment neoplastic, inflammatory and connective soft tissue patterns in Esophagus.",2068
pannuke_f1_2069,1,Esophagus,Neoplastic;Inflammatory,Trace the neoplastic and inflammatory regions.,2069
pannuke_f1_2070,1,Esophagus,Neoplastic;Connective_Soft_tissue,Where is the neoplastic and connective soft tissue in this image?,2070
pannuke_f1_2071,1,Esophagus,Neoplastic;Connective_Soft_tissue;Dead,"Segment the neoplastic, connective soft tissue and dead cell population.",2071
pannuke_f1_2072,1,Esophagus,Neoplastic;Connective_Soft_tissue,Highlight all neoplastic and connective soft tissue areas.,2072
pannuke_f1_2073,1,Esophagus,Neoplastic;Inflammatory;Connective_Soft_tissue,"For this Esophagus sample, mark neoplastic, inflammatory and connective soft tissue.",2073
pannuke_f1_2074,1,Esophagus,Neoplastic;Connective_Soft_tissue,Assess neoplastic and connective soft tissue regions.,2074
pannuke_f1_2075,1,Esophagus,Neoplastic;Inflammatory;Connective_Soft_tissue,"Separate neoplastic, inflammatory and connective soft tissue from other tissue.",2075
pannuke_f1_2076,1,Esophagus,Neoplastic;Inflammatory;Connective_Soft_tissue;Dead,"Identify visible neoplastic, inflammatory, connective soft tissue and dead cells.",2076
pannuke_f1_2077,1,Esophagus,Neoplastic;Inflammatory;Connective_Soft_tissue,"Mark neoplastic, inflammatory and connective soft tissue for morphometric study.",2077
pannuke_f1_2078,1,Esophagus,Neoplastic;Connective_Soft_tissue;Dead,"Mark present neoplastic, connective soft tissue and dead areas.",2078
pannuke_f1_2079,1,Esophagus,Inflammatory;Connective_Soft_tissue,Point out the inflammatory and connective soft tissue areas.,2079
pannuke_f1_2080,1,Esophagus,Connective_Soft_tissue,Annotate the connective soft tissue tissue.,2080
pannuke_f1_2081,1,Esophagus,Inflammatory;Connective_Soft_tissue,Segment inflammatory and connective soft tissue patterns in Esophagus.,2081
pannuke_f1_2082,1,Esophagus,Inflammatory;Connective_Soft_tissue,Segment inflammatory and connective soft tissue in the Esophagus section.,2082
pannuke_f1_2083,1,Esophagus,Connective_Soft_tissue,Identify connective soft tissue in the tissue microenvironment.,2083
pannuke_f1_2084,1,Esophagus,Inflammatory;Connective_Soft_tissue,Segment all inflammatory and connective soft tissue cells.,2084
pannuke_f1_2085,1,Esophagus,Inflammatory;Connective_Soft_tissue,Map the inflammatory and connective soft tissue regions.,2085
pannuke_f1_2086,1,Esophagus,Neoplastic;Connective_Soft_tissue,Mark visible neoplastic and connective soft tissue cells.,2086
pannuke_f1_2087,1,Esophagus,Neoplastic;Connective_Soft_tissue,Highlight the neoplastic and connective soft tissue regions.,2087
pannuke_f1_2088,1,Esophagus,Inflammatory;Connective_Soft_tissue;Dead,"Please highlight inflammatory, connective soft tissue and dead.",2088
pannuke_f1_2089,1,Esophagus,Neoplastic;Inflammatory;Connective_Soft_tissue,"Delineate neoplastic, inflammatory and connective soft tissue pathology in this section.",2089
pannuke_f1_2090,1,Esophagus,Inflammatory;Connective_Soft_tissue,Target inflammatory and connective soft tissue regions.,2090
pannuke_f1_2091,1,Esophagus,Connective_Soft_tissue,Produce a detailed outline of connective soft tissue structures.,2091
pannuke_f1_2092,1,Esophagus,Connective_Soft_tissue,Please highlight connective soft tissue.,2092
pannuke_f1_2093,1,Esophagus,Connective_Soft_tissue,Segment connective soft tissue in this histology image.,2093
pannuke_f1_2094,1,Esophagus,Connective_Soft_tissue,Segment connective soft tissue areas in this slide.,2094
pannuke_f1_2095,1,Esophagus,Connective_Soft_tissue,Segment the connective soft tissue cells.,2095
pannuke_f1_2096,1,Esophagus,Connective_Soft_tissue,Please mark connective soft tissue areas.,2096
pannuke_f1_2097,1,Esophagus,Connective_Soft_tissue,Please highlight connective soft tissue.,2097
pannuke_f1_2098,1,HeadNeck,,,2098
pannuke_f1_2099,1,HeadNeck,Neoplastic;Connective_Soft_tissue,Mark neoplastic and connective soft tissue cellular infiltration.,2099
pannuke_f1_2100,1,HeadNeck,Neoplastic;Inflammatory;Connective_Soft_tissue,"Identify neoplastic, inflammatory and connective soft tissue for diagnostic purposes.",2100
pannuke_f1_2101,1,HeadNeck,Neoplastic;Inflammatory;Connective_Soft_tissue,"Which regions show neoplastic, inflammatory and connective soft tissue?",2101
pannuke_f1_2102,1,HeadNeck,Neoplastic;Connective_Soft_tissue,Identify neoplastic and connective soft tissue nuclear characteristics.,2102
pannuke_f1_2103,1,HeadNeck,Connective_Soft_tissue,Segment visible connective soft tissue tissue.,2103
pannuke_f1_2104,1,HeadNeck,Neoplastic;Connective_Soft_tissue,Review this HeadNeck slide and identify neoplastic and connective soft tissue.,2104
pannuke_f1_2105,1,HeadNeck,Neoplastic;Inflammatory;Connective_Soft_tissue,"Delineate present neoplastic, inflammatory and connective soft tissue structures.",2105
pannuke_f1_2106,1,HeadNeck,Inflammatory;Connective_Soft_tissue,Delineate inflammatory and connective soft tissue morphological features.,2106
pannuke_f1_2107,1,HeadNeck,Neoplastic;Inflammatory;Connective_Soft_tissue,"Identify all neoplastic, inflammatory and connective soft tissue tissue.",2107
pannuke_f1_2108,1,HeadNeck,,,2108
pannuke_f1_2109,1,HeadNeck,,,2109
pannuke_f1_2110,1,HeadNeck,,,2110
pannuke_f1_2111,1,HeadNeck,,,2111
pannuke_f1_2112,1,HeadNeck,Neoplastic,Assess neoplastic regions.,2112
pannuke_f1_2113,1,HeadNeck,Neoplastic,Segment microscopic neoplastic features.,2113
pannuke_f1_2114,1,HeadNeck,Neoplastic;Connective_Soft_tissue,Locate the neoplastic and connective soft tissue regions.,2114
pannuke_f1_2115,1,HeadNeck,,,2115
pannuke_f1_2116,1,HeadNeck,Neoplastic;Inflammatory;Connective_Soft_tissue,"Segment neoplastic, inflammatory and connective soft tissue in the tissue matrix.",2116
pannuke_f1_2117,1,HeadNeck,Neoplastic;Connective_Soft_tissue,You need to segment neoplastic and connective soft tissue.,2117
pannuke_f1_2118,1,HeadNeck,Inflammatory;Connective_Soft_tissue,Mark inflammatory and connective soft tissue tissue architecture.,2118
pannuke_f1_2119,1,HeadNeck,Inflammatory;Connective_Soft_tissue,Label inflammatory and connective soft tissue in this HeadNeck section.,2119
pannuke_f1_2120,1,HeadNeck,Inflammatory;Connective_Soft_tissue,Identify parenchymal inflammatory and connective soft tissue.,2120
pannuke_f1_2121,1,HeadNeck,Inflammatory;Connective_Soft_tissue,Segment each inflammatory and connective soft tissue region.,2121
pannuke_f1_2122,1,HeadNeck,Neoplastic;Inflammatory;Connective_Soft_tissue,"Mark neoplastic, inflammatory and connective soft tissue in this biopsy sample.",2122
pannuke_f1_2123,1,HeadNeck,Neoplastic;Inflammatory;Connective_Soft_tissue,"Segment tissue showing neoplastic, inflammatory and connective soft tissue.",2123
pannuke_f1_2124,1,HeadNeck,Neoplastic;Inflammatory,Annotate neoplastic and inflammatory in HeadNeck microscopy.,2124
pannuke_f1_2125,1,HeadNeck,Inflammatory;Connective_Soft_tissue,Segment inflammatory and connective soft tissue being careful to capture all regions.,2125
pannuke_f1_2126,1,HeadNeck,Inflammatory;Connective_Soft_tissue,Segment the inflammatory and connective soft tissue cell populations.,2126
pannuke_f1_2127,1,HeadNeck,Epithelial,Thoroughly segment every instance of epithelial in this microscopy image.,2127
pannuke_f1_2128,1,HeadNeck,Epithelial,Mark epithelial cells in this HeadNeck sample.,2128
pannuke_f1_2129,1,HeadNeck,Epithelial,Study this HeadNeck section and mark epithelial.,2129
pannuke_f1_2130,1,HeadNeck,Epithelial,Mark epithelial for morphometric study.,2130
pannuke_f1_2131,1,HeadNeck,,,2131
pannuke_f1_2132,1,HeadNeck,,,2132
pannuke_f1_2133,1,HeadNeck,,,2133
pannuke_f1_2134,1,HeadNeck,,,2134
pannuke_f1_2135,1,HeadNeck,,,2135
pannuke_f1_2136,1,HeadNeck,Connective_Soft_tissue,Recognize the connective soft tissue regions.,2136
pannuke_f1_2137,1,HeadNeck,,,2137
pannuke_f1_2138,1,HeadNeck,Connective_Soft_tissue,Segment locations of connective soft tissue.,2138
pannuke_f1_2139,1,HeadNeck,Connective_Soft_tissue,Target connective soft tissue regions.,2139
pannuke_f1_2140,1,HeadNeck,Connective_Soft_tissue,Identify connective soft tissue regions in the HeadNeck.,2140
pannuke_f1_2141,1,HeadNeck,Connective_Soft_tissue,Can you identify connective soft tissue?,2141
pannuke_f1_2142,1,HeadNeck,Connective_Soft_tissue,Pinpoint all connective soft tissue areas.,2142
pannuke_f1_2143,1,HeadNeck,Connective_Soft_tissue,"Analyzing this sample, segment connective soft tissue areas.",2143
pannuke_f1_2144,1,HeadNeck,Connective_Soft_tissue,Highlight present connective soft tissue tissue.,2144
pannuke_f1_2145,1,HeadNeck,Connective_Soft_tissue,Label visible connective soft tissue.,2145
pannuke_f1_2146,1,HeadNeck,Connective_Soft_tissue;Epithelial,Delineate all connective soft tissue and epithelial tissue.,2146
pannuke_f1_2147,1,HeadNeck,Connective_Soft_tissue;Epithelial,"Within the HeadNeck, identify connective soft tissue and epithelial.",2147
pannuke_f1_2148,1,HeadNeck,Connective_Soft_tissue;Epithelial,Delineate visible connective soft tissue and epithelial regions.,2148
pannuke_f1_2149,1,HeadNeck,Connective_Soft_tissue;Epithelial,Segment all connective soft tissue and epithelial tissue.,2149
pannuke_f1_2150,1,HeadNeck,Connective_Soft_tissue,Point out all connective soft tissue.,2150
pannuke_f1_2151,1,HeadNeck,Inflammatory;Connective_Soft_tissue,Target inflammatory and connective soft tissue in this image.,2151
pannuke_f1_2152,1,HeadNeck,Inflammatory;Connective_Soft_tissue,Delineate visible inflammatory and connective soft tissue tissue.,2152
pannuke_f1_2153,1,HeadNeck,Neoplastic,Mark cellular neoplastic regions.,2153
pannuke_f1_2154,1,HeadNeck,Neoplastic,Identify all neoplastic cells.,2154
pannuke_f1_2155,1,HeadNeck,Inflammatory;Connective_Soft_tissue,Highlight visible inflammatory and connective soft tissue areas.,2155
pannuke_f1_2156,1,HeadNeck,Neoplastic;Inflammatory;Connective_Soft_tissue,"Map neoplastic, inflammatory and connective soft tissue distribution.",2156
pannuke_f1_2157,1,HeadNeck,Inflammatory;Connective_Soft_tissue,Segment the entire inflammatory and connective soft tissue population.,2157
pannuke_f1_2158,1,HeadNeck,Inflammatory;Connective_Soft_tissue,Mark inflammatory and connective soft tissue adjacent to epithelium.,2158
pannuke_f1_2159,1,HeadNeck,Neoplastic,"Within HeadNeck tissue, annotate neoplastic.",2159
pannuke_f1_2160,1,HeadNeck,Neoplastic;Connective_Soft_tissue,"From this HeadNeck slide, segment neoplastic and connective soft tissue.",2160
pannuke_f1_2161,1,HeadNeck,Neoplastic;Inflammatory;Dead,"Identify areas of neoplastic, inflammatory and dead concentration.",2161
pannuke_f1_2162,1,HeadNeck,Neoplastic;Inflammatory,Where are neoplastic and inflammatory cells visible?,2162
pannuke_f1_2163,1,HeadNeck,,,2163
pannuke_f1_2164,1,HeadNeck,,,2164
pannuke_f1_2165,1,HeadNeck,,,2165
pannuke_f1_2166,1,HeadNeck,Neoplastic;Connective_Soft_tissue,Identify visible neoplastic and connective soft tissue structures.,2166
pannuke_f1_2167,1,HeadNeck,Neoplastic;Inflammatory,Sketch neoplastic and inflammatory regions.,2167
pannuke_f1_2168,1,Kidney,Neoplastic;Connective_Soft_tissue,Annotate neoplastic and connective soft tissue in Kidney microscopy.,2168
pannuke_f1_2169,1,Kidney,Neoplastic,Detect the neoplastic areas.,2169
pannuke_f1_2170,1,Kidney,Neoplastic;Connective_Soft_tissue,Draw around neoplastic and connective soft tissue.,2170
pannuke_f1_2171,1,Kidney,Neoplastic;Connective_Soft_tissue,Identify visible neoplastic and connective soft tissue tissue.,2171
pannuke_f1_2172,1,Kidney,Neoplastic;Connective_Soft_tissue,Annotate visible neoplastic and connective soft tissue.,2172
pannuke_f1_2173,1,Kidney,Neoplastic,Mark all neoplastic areas.,2173
pannuke_f1_2174,1,Kidney,,,2174
pannuke_f1_2175,1,Kidney,Inflammatory,Segment margins of inflammatory.,2175
pannuke_f1_2176,1,Kidney,,,2176
pannuke_f1_2177,1,Kidney,Connective_Soft_tissue,Highlight present connective soft tissue areas.,2177
pannuke_f1_2178,1,Kidney,Inflammatory;Connective_Soft_tissue,Segment visible inflammatory and connective soft tissue areas.,2178
pannuke_f1_2179,1,Kidney,Connective_Soft_tissue,Mark all connective soft tissue areas.,2179
pannuke_f1_2180,1,Kidney,Connective_Soft_tissue,Search for connective soft tissue regions.,2180
pannuke_f1_2181,1,Kidney,Connective_Soft_tissue,Identify connective soft tissue in the tissue microenvironment.,2181
pannuke_f1_2182,1,Kidney,Neoplastic;Inflammatory;Connective_Soft_tissue,"Map neoplastic, inflammatory and connective soft tissue locations.",2182
pannuke_f1_2183,1,Kidney,Neoplastic;Connective_Soft_tissue,"Shown this histology, mark neoplastic and connective soft tissue.",2183
pannuke_f1_2184,1,Kidney,Neoplastic;Inflammatory;Connective_Soft_tissue,"Annotate the neoplastic, inflammatory and connective soft tissue regions.",2184
pannuke_f1_2185,1,Kidney,Connective_Soft_tissue;Epithelial,Please identify connective soft tissue and epithelial cells.,2185
pannuke_f1_2186,1,Kidney,Connective_Soft_tissue;Epithelial,Segment the connective soft tissue and epithelial histological features.,2186
pannuke_f1_2187,1,Kidney,Connective_Soft_tissue;Epithelial,Find connective soft tissue and epithelial in this image.,2187
pannuke_f1_2188,1,Kidney,Connective_Soft_tissue;Epithelial,Highlight all connective soft tissue and epithelial cells.,2188
pannuke_f1_2189,1,Liver,Neoplastic,Segment microscopic neoplastic features.,2189
pannuke_f1_2190,1,Liver,Neoplastic;Inflammatory,Segment the neoplastic and inflammatory portions.,2190
pannuke_f1_2191,1,Liver,Neoplastic,Point out neoplastic cells.,2191
pannuke_f1_2192,1,Liver,Neoplastic;Inflammatory;Connective_Soft_tissue,"Define neoplastic, inflammatory and connective soft tissue regions.",2192
pannuke_f1_2193,1,Liver,Neoplastic;Inflammatory;Connective_Soft_tissue,"Identify present neoplastic, inflammatory and connective soft tissue regions.",2193
pannuke_f1_2194,1,Liver,Neoplastic,Find neoplastic in this Liver sample.,2194
pannuke_f1_2195,1,Liver,Neoplastic;Inflammatory;Connective_Soft_tissue,"Distinguish the neoplastic, inflammatory and connective soft tissue regions.",2195
pannuke_f1_2196,1,Liver,Neoplastic;Connective_Soft_tissue,Produce neoplastic and connective soft tissue mask.,2196
pannuke_f1_2197,1,Liver,Neoplastic;Connective_Soft_tissue,Segment the neoplastic and connective soft tissue spread.,2197
pannuke_f1_2198,1,Liver,Neoplastic;Connective_Soft_tissue,Extract all neoplastic and connective soft tissue areas.,2198
pannuke_f1_2199,1,Liver,Neoplastic;Connective_Soft_tissue,Chart neoplastic and connective soft tissue distribution.,2199
pannuke_f1_2200,1,Liver,Inflammatory;Connective_Soft_tissue,Mark cellular inflammatory and connective soft tissue regions.,2200
pannuke_f1_2201,1,Liver,Inflammatory;Connective_Soft_tissue,Identify inflammatory and connective soft tissue cellular morphology.,2201
pannuke_f1_2202,1,Liver,,,2202
pannuke_f1_2203,1,Liver,Neoplastic;Inflammatory;Connective_Soft_tissue,"Highlight present neoplastic, inflammatory and connective soft tissue regions.",2203
pannuke_f1_2204,1,Liver,Neoplastic;Inflammatory,Discern all neoplastic and inflammatory areas.,2204
pannuke_f1_2205,1,Liver,Neoplastic;Inflammatory;Connective_Soft_tissue,"Identify neoplastic, inflammatory and connective soft tissue in this histology section.",2205
pannuke_f1_2206,1,Liver,Neoplastic;Inflammatory;Connective_Soft_tissue,"Segment the neoplastic, inflammatory and connective soft tissue histological features.",2206
pannuke_f1_2207,1,Liver,Inflammatory;Connective_Soft_tissue,Provide mask for inflammatory and connective soft tissue.,2207
pannuke_f1_2208,1,Liver,Neoplastic;Inflammatory,Emphasize neoplastic and inflammatory presence.,2208
pannuke_f1_2209,1,Liver,Connective_Soft_tissue;Epithelial,"Presented with this tissue, identify connective soft tissue and epithelial.",2209
pannuke_f1_2210,1,Liver,Inflammatory;Connective_Soft_tissue;Epithelial,"Segment inflammatory, connective soft tissue and epithelial nuclei.",2210
pannuke_f1_2211,1,Liver,Inflammatory;Connective_Soft_tissue;Epithelial,"Evaluate inflammatory, connective soft tissue and epithelial areas.",2211
pannuke_f1_2212,1,Liver,Inflammatory;Connective_Soft_tissue;Epithelial,"Objective: identify inflammatory, connective soft tissue and epithelial regions.",2212
pannuke_f1_2213,1,Liver,Epithelial,"In the Liver section, locate epithelial.",2213
pannuke_f1_2214,1,Liver,Connective_Soft_tissue;Epithelial,Review this Liver slide and identify connective soft tissue and epithelial.,2214
pannuke_f1_2215,1,Liver,Connective_Soft_tissue;Epithelial,Mark visible connective soft tissue and epithelial structures.,2215
pannuke_f1_2216,1,Liver,Connective_Soft_tissue;Epithelial,Mark the connective soft tissue and epithelial tissue compartment.,2216
pannuke_f1_2217,1,Liver,Connective_Soft_tissue;Epithelial,Segment foci of connective soft tissue and epithelial.,2217
pannuke_f1_2218,1,Liver,Connective_Soft_tissue;Epithelial,Circle all connective soft tissue and epithelial areas.,2218
pannuke_f1_2219,1,Liver,Neoplastic;Inflammatory;Connective_Soft_tissue,"Target class: neoplastic, inflammatory and connective soft tissue.",2219
pannuke_f1_2220,1,Liver,Neoplastic;Inflammatory;Connective_Soft_tissue,"Highlight visible neoplastic, inflammatory and connective soft tissue regions.",2220
pannuke_f1_2221,1,Liver,Neoplastic,Mark all neoplastic cells.,2221
pannuke_f1_2222,1,Liver,Neoplastic;Inflammatory;Connective_Soft_tissue,"Highlight the neoplastic, inflammatory and connective soft tissue regions.",2222
pannuke_f1_2223,1,Liver,Neoplastic;Connective_Soft_tissue,Define neoplastic and connective soft tissue boundaries.,2223
pannuke_f1_2224,1,Liver,Neoplastic;Inflammatory;Connective_Soft_tissue,"Delineate visible neoplastic, inflammatory and connective soft tissue tissue.",2224
pannuke_f1_2225,1,Liver,Neoplastic,Segment each neoplastic region.,2225
pannuke_f1_2226,1,Liver,Neoplastic,Segment neoplastic in the tumor stroma.,2226
pannuke_f1_2227,1,Liver,Inflammatory;Connective_Soft_tissue,Where is inflammatory and connective soft tissue located?,2227
pannuke_f1_2228,1,Liver,Connective_Soft_tissue,Please show connective soft tissue regions.,2228
pannuke_f1_2229,1,Liver,Inflammatory;Connective_Soft_tissue,Inspect this Liver sample for inflammatory and connective soft tissue.,2229
pannuke_f1_2230,1,Liver,Connective_Soft_tissue,Recognize all connective soft tissue areas.,2230
pannuke_f1_2231,1,Liver,Neoplastic;Inflammatory,Mark the pathological neoplastic and inflammatory regions.,2231
pannuke_f1_2232,1,Liver,Neoplastic;Inflammatory;Connective_Soft_tissue,"Viewing this section, segment neoplastic, inflammatory and connective soft tissue.",2232
pannuke_f1_2233,1,Liver,Neoplastic,Delineate present neoplastic cells.,2233
pannuke_f1_2234,1,Liver,Neoplastic;Inflammatory;Connective_Soft_tissue,"Segment neoplastic, inflammatory and connective soft tissue in the tumor stroma.",2234
pannuke_f1_2235,1,Liver,Neoplastic,Identify neoplastic components.,2235
pannuke_f1_2236,1,Liver,Neoplastic;Inflammatory;Connective_Soft_tissue,"Mark the neoplastic, inflammatory and connective soft tissue areas.",2236
pannuke_f1_2237,1,Liver,Connective_Soft_tissue,Define connective soft tissue regions.,2237
pannuke_f1_2238,1,Liver,Neoplastic;Inflammatory;Connective_Soft_tissue,"This is a Liver image. Segment neoplastic, inflammatory and connective soft tissue.",2238
pannuke_f1_2239,1,Liver,Neoplastic;Connective_Soft_tissue,Locate and segment neoplastic and connective soft tissue.,2239
pannuke_f1_2240,1,Liver,Neoplastic;Connective_Soft_tissue,Highlight the neoplastic and connective soft tissue tissue.,2240
pannuke_f1_2241,1,Liver,Neoplastic;Connective_Soft_tissue,Can you locate neoplastic and connective soft tissue?,2241
pannuke_f1_2242,1,Liver,Inflammatory;Epithelial,Show me all inflammatory and epithelial.,2242
pannuke_f1_2243,1,Liver,Epithelial,Segment epithelial throughout the image.,2243
pannuke_f1_2244,1,Liver,Inflammatory;Epithelial,Segment present inflammatory and epithelial tissue.,2244
pannuke_f1_2245,1,Liver,Connective_Soft_tissue,"For this Liver sample, mark connective soft tissue.",2245
pannuke_f1_2246,1,Liver,Inflammatory;Connective_Soft_tissue,Identify visible inflammatory and connective soft tissue.,2246
pannuke_f1_2247,1,Liver,Neoplastic;Inflammatory;Connective_Soft_tissue,"Locate the neoplastic, inflammatory and connective soft tissue areas.",2247
pannuke_f1_2248,1,Liver,Neoplastic;Inflammatory;Connective_Soft_tissue,"Indicate the neoplastic, inflammatory and connective soft tissue tissue.",2248
pannuke_f1_2249,1,Liver,Neoplastic;Inflammatory;Connective_Soft_tissue,"This is a Liver image. Segment neoplastic, inflammatory and connective soft tissue.",2249
pannuke_f1_2250,1,Liver,Neoplastic;Connective_Soft_tissue,Segment neoplastic and connective soft tissue in this tissue specimen.,2250
pannuke_f1_2251,1,Liver,Neoplastic;Inflammatory;Connective_Soft_tissue,"Distinguish all neoplastic, inflammatory and connective soft tissue areas.",2251
pannuke_f1_2252,1,Liver,Neoplastic;Inflammatory;Connective_Soft_tissue,"Given this Liver sample, mark neoplastic, inflammatory and connective soft tissue regions.",2252
pannuke_f1_2253,1,Liver,Neoplastic,"For Liver pathology, outline neoplastic.",2253
pannuke_f1_2254,1,Lung,Neoplastic;Inflammatory,Provide mask for neoplastic and inflammatory.,2254
pannuke_f1_2255,1,Lung,Neoplastic;Inflammatory;Connective_Soft_tissue,"Segment the neoplastic, inflammatory and connective soft tissue portions.",2255
pannuke_f1_2256,1,Lung,Neoplastic;Connective_Soft_tissue,Identify neoplastic and connective soft tissue in this histology section.,2256
pannuke_f1_2257,1,Lung,Neoplastic;Inflammatory;Connective_Soft_tissue,"Segment all visible neoplastic, inflammatory and connective soft tissue.",2257
pannuke_f1_2258,1,Lung,Neoplastic,Discern neoplastic cells.,2258
pannuke_f1_2259,1,Lung,Neoplastic;Inflammatory;Connective_Soft_tissue,"Point out the neoplastic, inflammatory and connective soft tissue regions.",2259
pannuke_f1_2260,1,Lung,Neoplastic,Segment extent of neoplastic.,2260
pannuke_f1_2261,1,Lung,Neoplastic;Inflammatory;Connective_Soft_tissue,"Segment foci of neoplastic, inflammatory and connective soft tissue.",2261
pannuke_f1_2262,1,Lung,Neoplastic;Inflammatory;Connective_Soft_tissue,"Target class: neoplastic, inflammatory and connective soft tissue.",2262
pannuke_f1_2263,1,Lung,,,2263
pannuke_f1_2264,1,Lung,,,2264
pannuke_f1_2265,1,Lung,,,2265
pannuke_f1_2266,1,Lung,Neoplastic;Inflammatory;Connective_Soft_tissue,"Identify neoplastic, inflammatory and connective soft tissue tissue regions.",2266
pannuke_f1_2267,1,Lung,,,2267
pannuke_f1_2268,1,Ovarian,Inflammatory;Connective_Soft_tissue,Segment the inflammatory and connective soft tissue regions.,2268
pannuke_f1_2269,1,Ovarian,Inflammatory;Connective_Soft_tissue,Identify visible inflammatory and connective soft tissue structures.,2269
pannuke_f1_2270,1,Ovarian,Inflammatory;Connective_Soft_tissue,Identify inflammatory and connective soft tissue tissue regions.,2270
pannuke_f1_2271,1,Ovarian,Inflammatory;Connective_Soft_tissue,Segment sites of inflammatory and connective soft tissue.,2271
pannuke_f1_2272,1,Ovarian,Inflammatory;Connective_Soft_tissue,Which parts have inflammatory and connective soft tissue?,2272
pannuke_f1_2273,1,Ovarian,Connective_Soft_tissue,Delineate connective soft tissue morphological features.,2273
pannuke_f1_2274,1,Ovarian,Inflammatory;Connective_Soft_tissue,Outline inflammatory and connective soft tissue areas.,2274
pannuke_f1_2275,1,Ovarian,Inflammatory;Connective_Soft_tissue,Delineate inflammatory and connective soft tissue boundaries.,2275
pannuke_f1_2276,1,Ovarian,Connective_Soft_tissue,Segment all connective soft tissue areas.,2276
pannuke_f1_2277,1,Ovarian,Connective_Soft_tissue;Epithelial,Mark connective soft tissue and epithelial cytoplasmic features.,2277
pannuke_f1_2278,1,Ovarian,Inflammatory;Connective_Soft_tissue;Epithelial,"Pinpoint inflammatory, connective soft tissue and epithelial cells.",2278
pannuke_f1_2279,1,Ovarian,Inflammatory;Connective_Soft_tissue;Epithelial,"Segment visible inflammatory, connective soft tissue and epithelial areas.",2279
pannuke_f1_2280,1,Ovarian,Connective_Soft_tissue;Epithelial,Identify connective soft tissue and epithelial regions in the Ovarian.,2280
pannuke_f1_2281,1,Ovarian,Inflammatory;Connective_Soft_tissue;Epithelial,"Mark regions of inflammatory, connective soft tissue and epithelial accumulation.",2281
pannuke_f1_2282,1,Ovarian,Inflammatory;Connective_Soft_tissue;Epithelial,"Segment present inflammatory, connective soft tissue and epithelial regions.",2282
pannuke_f1_2283,1,Ovarian,Inflammatory;Connective_Soft_tissue;Epithelial,"Sketch inflammatory, connective soft tissue and epithelial regions.",2283
pannuke_f1_2284,1,Ovarian,Neoplastic,Show me the neoplastic regions.,2284
pannuke_f1_2285,1,Ovarian,Neoplastic;Inflammatory,Concentrate on neoplastic and inflammatory regions.,2285
pannuke_f1_2286,1,Ovarian,Neoplastic,Determine neoplastic location.,2286
pannuke_f1_2287,1,Ovarian,Neoplastic;Inflammatory;Connective_Soft_tissue,"Mark neoplastic, inflammatory and connective soft tissue cytoplasmic features.",2287
pannuke_f1_2288,1,Ovarian,Neoplastic;Inflammatory,Discern visible neoplastic and inflammatory.,2288
pannuke_f1_2289,1,Ovarian,Neoplastic;Connective_Soft_tissue,Highlight the neoplastic and connective soft tissue regions.,2289
pannuke_f1_2290,1,Ovarian,Neoplastic;Inflammatory;Connective_Soft_tissue,"Delineate all neoplastic, inflammatory and connective soft tissue tissue.",2290
pannuke_f1_2291,1,Ovarian,Neoplastic;Inflammatory;Connective_Soft_tissue,"Within the Ovarian, identify neoplastic, inflammatory and connective soft tissue.",2291
pannuke_f1_2292,1,Ovarian,Neoplastic;Inflammatory;Connective_Soft_tissue,"Identify visible neoplastic, inflammatory and connective soft tissue tissue.",2292
pannuke_f1_2293,1,Ovarian,Neoplastic;Inflammatory;Connective_Soft_tissue,"Identify present neoplastic, inflammatory and connective soft tissue areas.",2293
pannuke_f1_2294,1,Ovarian,Neoplastic;Inflammatory;Connective_Soft_tissue,"Segment neoplastic, inflammatory and connective soft tissue in this image.",2294
pannuke_f1_2295,1,Ovarian,Neoplastic;Inflammatory;Connective_Soft_tissue,"Segment the neoplastic, inflammatory and connective soft tissue regions in the image.",2295
pannuke_f1_2296,1,Ovarian,Neoplastic;Inflammatory;Connective_Soft_tissue,"Mark visible neoplastic, inflammatory and connective soft tissue areas.",2296
pannuke_f1_2297,1,Ovarian,Neoplastic;Inflammatory;Connective_Soft_tissue,"Segment regions with neoplastic, inflammatory and connective soft tissue.",2297
pannuke_f1_2298,1,Ovarian,Neoplastic;Inflammatory;Connective_Soft_tissue,"Annotate the neoplastic, inflammatory and connective soft tissue regions.",2298
pannuke_f1_2299,1,Ovarian,Neoplastic;Inflammatory;Connective_Soft_tissue,"From this Ovarian slide, segment neoplastic, inflammatory and connective soft tissue.",2299
pannuke_f1_2300,1,Ovarian,Neoplastic;Inflammatory;Connective_Soft_tissue,"Across the Ovarian section, segment neoplastic, inflammatory and connective soft tissue.",2300
pannuke_f1_2301,1,Ovarian,Neoplastic,This is a Ovarian image. Segment neoplastic.,2301
pannuke_f1_2302,1,Ovarian,Neoplastic;Connective_Soft_tissue,Distinguish all neoplastic and connective soft tissue areas.,2302
pannuke_f1_2303,1,Ovarian,Neoplastic,Highlight present neoplastic structures.,2303
pannuke_f1_2304,1,Ovarian,Neoplastic,Circle the neoplastic structures.,2304
pannuke_f1_2305,1,Ovarian,Neoplastic,Which regions show neoplastic?,2305
pannuke_f1_2306,1,Ovarian,Neoplastic;Inflammatory,Point out the neoplastic and inflammatory areas.,2306
pannuke_f1_2307,1,Ovarian,Neoplastic;Inflammatory,Label the neoplastic and inflammatory regions.,2307
pannuke_f1_2308,1,Ovarian,Neoplastic,Highlight visible neoplastic structures.,2308
pannuke_f1_2309,1,Ovarian,Neoplastic,Where is the neoplastic in this image?,2309
pannuke_f1_2310,1,Ovarian,Neoplastic,Delineate neoplastic for clinical evaluation.,2310
pannuke_f1_2311,1,Ovarian,Neoplastic,Identify neoplastic for diagnostic purposes.,2311
pannuke_f1_2312,1,Ovarian,Neoplastic,Detect the neoplastic regions.,2312
pannuke_f1_2313,1,Pancreatic,Inflammatory;Connective_Soft_tissue;Epithelial,"Partition inflammatory, connective soft tissue and epithelial areas.",2313
pannuke_f1_2314,1,Pancreatic,Inflammatory;Connective_Soft_tissue,Mark all inflammatory and connective soft tissue areas.,2314
pannuke_f1_2315,1,Pancreatic,Connective_Soft_tissue;Epithelial,Spot the connective soft tissue and epithelial tissue.,2315
pannuke_f1_2316,1,Pancreatic,Inflammatory;Connective_Soft_tissue;Epithelial,"Segment intratumoral inflammatory, connective soft tissue and epithelial.",2316
pannuke_f1_2317,1,Pancreatic,Connective_Soft_tissue;Epithelial,Analyze this Pancreatic and segment connective soft tissue and epithelial.,2317
pannuke_f1_2318,1,Pancreatic,Inflammatory;Connective_Soft_tissue;Epithelial,"Segment inflammatory, connective soft tissue and epithelial in this image.",2318
pannuke_f1_2319,1,Pancreatic,Neoplastic,"Within the Pancreatic, identify neoplastic.",2319
pannuke_f1_2320,1,Pancreatic,Neoplastic;Connective_Soft_tissue,Segment neoplastic and connective soft tissue in the tissue matrix.,2320
pannuke_f1_2321,1,Pancreatic,Neoplastic;Connective_Soft_tissue,Map neoplastic and connective soft tissue distribution.,2321
pannuke_f1_2322,1,Pancreatic,Neoplastic;Inflammatory;Connective_Soft_tissue,"Draw neoplastic, inflammatory and connective soft tissue outlines.",2322
pannuke_f1_2323,1,Pancreatic,Connective_Soft_tissue,Circle connective soft tissue cells.,2323
pannuke_f1_2324,1,Pancreatic,Inflammatory;Connective_Soft_tissue,Find inflammatory and connective soft tissue in this image.,2324
pannuke_f1_2325,1,Pancreatic,Neoplastic;Inflammatory;Connective_Soft_tissue,"Point out neoplastic, inflammatory and connective soft tissue cells.",2325
pannuke_f1_2326,1,Pancreatic,Neoplastic;Inflammatory;Connective_Soft_tissue,"Delineate neoplastic, inflammatory and connective soft tissue pathology in this section.",2326
pannuke_f1_2327,1,Pancreatic,Neoplastic;Connective_Soft_tissue,Map the neoplastic and connective soft tissue regions.,2327
pannuke_f1_2328,1,Pancreatic,Neoplastic;Connective_Soft_tissue,Analyze this Pancreatic and segment neoplastic and connective soft tissue.,2328
pannuke_f1_2329,1,Pancreatic,Neoplastic;Connective_Soft_tissue,Delineate neoplastic and connective soft tissue boundaries.,2329
pannuke_f1_2330,1,Pancreatic,Neoplastic,Identify only neoplastic cells.,2330
pannuke_f1_2331,1,Pancreatic,Neoplastic;Inflammatory;Connective_Soft_tissue,"Delineate neoplastic, inflammatory and connective soft tissue areas.",2331
pannuke_f1_2332,1,Pancreatic,Inflammatory;Connective_Soft_tissue,Where are the inflammatory and connective soft tissue regions?,2332
pannuke_f1_2333,1,Pancreatic,Inflammatory;Connective_Soft_tissue,Mark stromal inflammatory and connective soft tissue regions.,2333
pannuke_f1_2334,1,Pancreatic,Inflammatory;Connective_Soft_tissue,Identify visible inflammatory and connective soft tissue areas.,2334
pannuke_f1_2335,1,Pancreatic,Inflammatory;Connective_Soft_tissue,Provide inflammatory and connective soft tissue segmentation.,2335
pannuke_f1_2336,1,Pancreatic,Inflammatory;Connective_Soft_tissue,Locate the inflammatory and connective soft tissue areas.,2336
pannuke_f1_2337,1,Pancreatic,Inflammatory;Connective_Soft_tissue,Point out visible inflammatory and connective soft tissue.,2337
pannuke_f1_2338,1,Pancreatic,Inflammatory;Connective_Soft_tissue,Detect inflammatory and connective soft tissue in Pancreatic histology.,2338
pannuke_f1_2339,1,Pancreatic,Inflammatory;Connective_Soft_tissue;Epithelial,"Mark present inflammatory, connective soft tissue and epithelial areas.",2339
pannuke_f1_2340,1,Pancreatic,Inflammatory;Connective_Soft_tissue;Epithelial,"Segment inflammatory, connective soft tissue and epithelial in this image.",2340
pannuke_f1_2341,1,Pancreatic,Inflammatory;Connective_Soft_tissue,Identify visible inflammatory and connective soft tissue areas.,2341
pannuke_f1_2342,1,Pancreatic,Inflammatory;Connective_Soft_tissue,Define inflammatory and connective soft tissue regions.,2342
pannuke_f1_2343,1,Pancreatic,Inflammatory;Connective_Soft_tissue,What parts are inflammatory and connective soft tissue?,2343
pannuke_f1_2344,1,Pancreatic,Connective_Soft_tissue,Segment visible connective soft tissue regions.,2344
pannuke_f1_2345,1,Pancreatic,Inflammatory;Connective_Soft_tissue,Discern all inflammatory and connective soft tissue areas.,2345
pannuke_f1_2346,1,Pancreatic,Inflammatory;Connective_Soft_tissue,Identify inflammatory and connective soft tissue abnormalities.,2346
pannuke_f1_2347,1,Pancreatic,Connective_Soft_tissue,Mark connective soft tissue in this slide.,2347
pannuke_f1_2348,1,Pancreatic,Connective_Soft_tissue,Label all connective soft tissue areas.,2348
pannuke_f1_2349,1,Pancreatic,Connective_Soft_tissue,connective soft tissue is visible. Segment the regions.,2349
pannuke_f1_2350,1,Pancreatic,Connective_Soft_tissue,"From this Pancreatic slide, segment connective soft tissue.",2350
pannuke_f1_2351,1,Pancreatic,Connective_Soft_tissue,Segment connective soft tissue in this Pancreatic tissue.,2351
pannuke_f1_2352,1,Pancreatic,Connective_Soft_tissue,Identify parenchymal connective soft tissue.,2352
pannuke_f1_2353,1,Pancreatic,Connective_Soft_tissue,Identify clusters of connective soft tissue cells.,2353
pannuke_f1_2354,1,Pancreatic,Inflammatory;Connective_Soft_tissue,Segment visible inflammatory and connective soft tissue.,2354
pannuke_f1_2355,1,Pancreatic,Inflammatory;Connective_Soft_tissue,Identify histological regions showing inflammatory and connective soft tissue.,2355
pannuke_f1_2356,1,Pancreatic,Inflammatory;Connective_Soft_tissue,Segment the inflammatory and connective soft tissue nuclei.,2356
pannuke_f1_2357,1,Pancreatic,Neoplastic;Inflammatory;Connective_Soft_tissue,"Segment the neoplastic, inflammatory and connective soft tissue components.",2357
pannuke_f1_2358,1,Pancreatic,Neoplastic,Analyze neoplastic presence.,2358
pannuke_f1_2359,1,Pancreatic,Neoplastic;Connective_Soft_tissue,Detect neoplastic and connective soft tissue in Pancreatic histology.,2359
pannuke_f1_2360,1,Prostate,Connective_Soft_tissue;Epithelial,Pinpoint all connective soft tissue and epithelial areas.,2360
pannuke_f1_2361,1,Prostate,Connective_Soft_tissue;Epithelial,Segment visible connective soft tissue and epithelial structures.,2361
pannuke_f1_2362,1,Prostate,Connective_Soft_tissue;Epithelial,Mark the connective soft tissue and epithelial regions.,2362
pannuke_f1_2363,1,Prostate,Connective_Soft_tissue;Epithelial,Annotate connective soft tissue and epithelial in Prostate microscopy.,2363
pannuke_f1_2364,1,Prostate,Connective_Soft_tissue;Epithelial,Circle visible connective soft tissue and epithelial.,2364
pannuke_f1_2365,1,Prostate,Neoplastic;Connective_Soft_tissue,Outline all neoplastic and connective soft tissue structures.,2365
pannuke_f1_2366,1,Prostate,Neoplastic;Connective_Soft_tissue,Identify visible neoplastic and connective soft tissue regions.,2366
pannuke_f1_2367,1,Prostate,Neoplastic;Connective_Soft_tissue,Mark neoplastic and connective soft tissue adjacent to epithelium.,2367
pannuke_f1_2368,1,Prostate,Neoplastic;Connective_Soft_tissue,Segment neoplastic and connective soft tissue to enable cell counting.,2368
pannuke_f1_2369,1,Prostate,Neoplastic;Connective_Soft_tissue,Segment each neoplastic and connective soft tissue region.,2369
pannuke_f1_2370,1,Prostate,Neoplastic;Connective_Soft_tissue,Please highlight neoplastic and connective soft tissue.,2370
pannuke_f1_2371,1,Prostate,Neoplastic;Connective_Soft_tissue,Mark regions of neoplastic and connective soft tissue accumulation.,2371
pannuke_f1_2372,1,Prostate,Neoplastic;Inflammatory;Connective_Soft_tissue;Epithelial,"Spot the neoplastic, inflammatory, connective soft tissue and epithelial regions.",2372
pannuke_f1_2373,1,Prostate,Connective_Soft_tissue,Trace the connective soft tissue regions.,2373
pannuke_f1_2374,1,Prostate,Neoplastic;Connective_Soft_tissue;Epithelial,"Segment any neoplastic, connective soft tissue and epithelial present.",2374
pannuke_f1_2375,1,Prostate,Connective_Soft_tissue;Epithelial,Circle the connective soft tissue and epithelial regions.,2375
pannuke_f1_2376,1,Prostate,Connective_Soft_tissue,Pinpoint connective soft tissue in this Prostate.,2376
pannuke_f1_2377,1,Prostate,Connective_Soft_tissue,Segment connective soft tissue in this image.,2377
pannuke_f1_2378,1,Prostate,Connective_Soft_tissue,Determine connective soft tissue presence.,2378
pannuke_f1_2379,1,Prostate,Inflammatory;Connective_Soft_tissue,The tissue shows inflammatory and connective soft tissue. Mark the areas.,2379
pannuke_f1_2380,1,Prostate,Connective_Soft_tissue,Segment clusters of connective soft tissue.,2380
pannuke_f1_2381,1,Prostate,Connective_Soft_tissue,Detect the connective soft tissue areas.,2381
pannuke_f1_2382,1,Prostate,Inflammatory;Connective_Soft_tissue,Segment any inflammatory and connective soft tissue present.,2382
pannuke_f1_2383,1,Prostate,Neoplastic;Connective_Soft_tissue,Segment present neoplastic and connective soft tissue regions.,2383
pannuke_f1_2384,1,Prostate,Neoplastic,Segment neoplastic cellular composition.,2384
pannuke_f1_2385,1,Prostate,Neoplastic;Connective_Soft_tissue,Objective: identify neoplastic and connective soft tissue regions.,2385
pannuke_f1_2386,1,Prostate,Neoplastic;Connective_Soft_tissue,Indicate all neoplastic and connective soft tissue cells.,2386
pannuke_f1_2387,1,Prostate,Neoplastic,Segment the neoplastic cells.,2387
pannuke_f1_2388,1,Prostate,Neoplastic,"From the Prostate tissue, extract neoplastic regions.",2388
pannuke_f1_2389,1,Prostate,Neoplastic,Segment intratumoral neoplastic.,2389
pannuke_f1_2390,1,Prostate,Neoplastic,Point out visible neoplastic.,2390
pannuke_f1_2391,1,Prostate,Neoplastic;Connective_Soft_tissue,Create segmentation of neoplastic and connective soft tissue.,2391
pannuke_f1_2392,1,Prostate,Neoplastic;Connective_Soft_tissue,Can you find neoplastic and connective soft tissue?,2392
pannuke_f1_2393,1,Prostate,Connective_Soft_tissue,Segment the connective soft tissue in this tissue sample.,2393
pannuke_f1_2394,1,Prostate,Connective_Soft_tissue,Purpose: delineate connective soft tissue boundaries.,2394
pannuke_f1_2395,1,Prostate,Connective_Soft_tissue,Segment areas containing connective soft tissue.,2395
pannuke_f1_2396,1,Prostate,Connective_Soft_tissue,Document connective soft tissue in this Prostate sample.,2396
pannuke_f1_2397,1,Prostate,Connective_Soft_tissue,Outline connective soft tissue in the Prostate image.,2397
pannuke_f1_2398,1,Prostate,Connective_Soft_tissue,Define connective soft tissue regions.,2398
pannuke_f1_2399,1,Prostate,Connective_Soft_tissue,"Within Prostate tissue, annotate connective soft tissue.",2399
pannuke_f1_2400,1,Prostate,Neoplastic;Connective_Soft_tissue,Can you identify neoplastic and connective soft tissue?,2400
pannuke_f1_2401,1,Prostate,Neoplastic;Connective_Soft_tissue,Segment the neoplastic and connective soft tissue regions in the image.,2401
pannuke_f1_2402,1,Prostate,Neoplastic;Connective_Soft_tissue,Segment foci of neoplastic and connective soft tissue.,2402
pannuke_f1_2403,1,Prostate,Neoplastic;Connective_Soft_tissue,Segment neoplastic and connective soft tissue throughout the image.,2403
pannuke_f1_2404,1,Prostate,Neoplastic;Inflammatory,Delineate visible neoplastic and inflammatory regions.,2404
pannuke_f1_2405,1,Prostate,Neoplastic;Inflammatory,Chart neoplastic and inflammatory presence.,2405
pannuke_f1_2406,1,Prostate,,,2406
pannuke_f1_2407,1,Prostate,,,2407
pannuke_f1_2408,1,Prostate,Neoplastic,Outline neoplastic in the Prostate image.,2408
pannuke_f1_2409,1,Prostate,Neoplastic;Connective_Soft_tissue,Identify visible neoplastic and connective soft tissue cells.,2409
pannuke_f1_2410,1,Prostate,Neoplastic,Label the neoplastic regions.,2410
pannuke_f1_2411,1,Prostate,Neoplastic;Connective_Soft_tissue,Produce segmentation of neoplastic and connective soft tissue.,2411
pannuke_f1_2412,1,Prostate,Neoplastic;Inflammatory;Connective_Soft_tissue,"Mark visible neoplastic, inflammatory and connective soft tissue tissue.",2412
pannuke_f1_2413,1,Skin,Neoplastic;Inflammatory,"Looking at this tissue section, identify neoplastic and inflammatory.",2413
pannuke_f1_2414,1,Skin,Neoplastic;Inflammatory,Identify visible neoplastic and inflammatory structures.,2414
pannuke_f1_2415,1,Skin,Neoplastic;Inflammatory,"For this Skin biopsy, segment neoplastic and inflammatory areas.",2415
pannuke_f1_2416,1,Skin,Neoplastic;Inflammatory,Identify and segment neoplastic and inflammatory.,2416
pannuke_f1_2417,1,Skin,Inflammatory;Connective_Soft_tissue,Segment inflammatory and connective soft tissue phenotypic features.,2417
pannuke_f1_2418,1,Skin,Inflammatory;Connective_Soft_tissue,Highlight inflammatory and connective soft tissue in this Skin slide.,2418
pannuke_f1_2419,1,Skin,Inflammatory;Connective_Soft_tissue,Draw around inflammatory and connective soft tissue.,2419
pannuke_f1_2420,1,Skin,Inflammatory;Connective_Soft_tissue,Identify visible inflammatory and connective soft tissue regions.,2420
pannuke_f1_2421,1,Skin,Neoplastic;Connective_Soft_tissue,"Within the Skin, identify neoplastic and connective soft tissue.",2421
pannuke_f1_2422,1,Skin,Neoplastic;Inflammatory;Connective_Soft_tissue,"This section has neoplastic, inflammatory and connective soft tissue. Locate and mark.",2422
pannuke_f1_2423,1,Skin,Neoplastic;Inflammatory;Connective_Soft_tissue,"Indicate all neoplastic, inflammatory and connective soft tissue cells.",2423
pannuke_f1_2424,1,Skin,Neoplastic;Inflammatory;Connective_Soft_tissue,"Highlight present neoplastic, inflammatory and connective soft tissue regions.",2424
pannuke_f1_2425,1,Skin,Neoplastic;Inflammatory;Connective_Soft_tissue,"Extract neoplastic, inflammatory and connective soft tissue regions from this image.",2425
pannuke_f1_2426,1,Skin,Neoplastic;Connective_Soft_tissue,Identify the neoplastic and connective soft tissue structures.,2426
pannuke_f1_2427,1,Skin,Neoplastic;Inflammatory;Connective_Soft_tissue,"Delineate all neoplastic, inflammatory and connective soft tissue cells.",2427
pannuke_f1_2428,1,Skin,Connective_Soft_tissue;Epithelial,Circle the connective soft tissue and epithelial regions.,2428
pannuke_f1_2429,1,Skin,Connective_Soft_tissue,Highlight present connective soft tissue regions.,2429
pannuke_f1_2430,1,Skin,Inflammatory;Epithelial,Please locate inflammatory and epithelial.,2430
pannuke_f1_2431,1,Skin,Inflammatory;Connective_Soft_tissue;Epithelial,"Identify all inflammatory, connective soft tissue and epithelial areas.",2431
pannuke_f1_2432,1,Skin,Inflammatory;Connective_Soft_tissue,Identify inflammatory and connective soft tissue nuclear characteristics.,2432
pannuke_f1_2433,1,Skin,Inflammatory;Connective_Soft_tissue,Identify inflammatory and connective soft tissue abnormalities.,2433
pannuke_f1_2434,1,Skin,Inflammatory;Connective_Soft_tissue,Generate inflammatory and connective soft tissue segmentation.,2434
pannuke_f1_2435,1,Skin,Inflammatory;Connective_Soft_tissue,Mark present inflammatory and connective soft tissue structures.,2435
pannuke_f1_2436,1,Skin,Inflammatory;Connective_Soft_tissue,Generate mask for inflammatory and connective soft tissue.,2436
pannuke_f1_2437,1,Skin,Inflammatory;Connective_Soft_tissue,Show me the inflammatory and connective soft tissue regions.,2437
pannuke_f1_2438,1,Skin,Inflammatory;Connective_Soft_tissue,Examine this Skin tissue for inflammatory and connective soft tissue.,2438
pannuke_f1_2439,1,Skin,Inflammatory;Connective_Soft_tissue,Segment inflammatory and connective soft tissue in this microscopy image.,2439
pannuke_f1_2440,1,Skin,Inflammatory;Connective_Soft_tissue,Segment inflammatory and connective soft tissue zones.,2440
pannuke_f1_2441,1,Skin,Neoplastic,Highlight the neoplastic regions.,2441
pannuke_f1_2442,1,Skin,Neoplastic,Pinpoint all neoplastic areas.,2442
pannuke_f1_2443,1,Skin,Neoplastic,Locate and segment neoplastic.,2443
pannuke_f1_2444,1,Skin,Neoplastic;Inflammatory,Mark visible neoplastic and inflammatory regions.,2444
pannuke_f1_2445,1,Skin,Neoplastic;Inflammatory,Find and segment neoplastic and inflammatory regions.,2445
pannuke_f1_2446,1,Skin,Neoplastic;Inflammatory,Mark visible neoplastic and inflammatory tissue.,2446
pannuke_f1_2447,1,Skin,Neoplastic;Connective_Soft_tissue,Delineate visible neoplastic and connective soft tissue structures.,2447
pannuke_f1_2448,1,Skin,Neoplastic;Connective_Soft_tissue,Distinguish neoplastic and connective soft tissue from other tissue.,2448
pannuke_f1_2449,1,Skin,Neoplastic;Inflammatory;Connective_Soft_tissue,"Identify parenchymal neoplastic, inflammatory and connective soft tissue.",2449
pannuke_f1_2450,1,Skin,Neoplastic;Inflammatory,Label the neoplastic and inflammatory tissue.,2450
pannuke_f1_2451,1,Skin,Neoplastic;Inflammatory;Connective_Soft_tissue,"Segment neoplastic, inflammatory and connective soft tissue for feature extraction.",2451
pannuke_f1_2452,1,Skin,Neoplastic;Inflammatory,Mark regions of neoplastic and inflammatory accumulation.,2452
pannuke_f1_2453,1,Skin,Neoplastic;Inflammatory,Segment only neoplastic and inflammatory.,2453
pannuke_f1_2454,1,Skin,Neoplastic;Inflammatory;Connective_Soft_tissue,"Pinpoint visible neoplastic, inflammatory and connective soft tissue.",2454
pannuke_f1_2455,1,Skin,Neoplastic;Inflammatory;Connective_Soft_tissue,"Mark neoplastic, inflammatory and connective soft tissue cytological features.",2455
pannuke_f1_2456,1,Skin,Neoplastic;Inflammatory;Connective_Soft_tissue,"Segment neoplastic, inflammatory and connective soft tissue in the tissue matrix.",2456
pannuke_f1_2457,1,Skin,Neoplastic;Inflammatory;Connective_Soft_tissue,"Emphasize neoplastic, inflammatory and connective soft tissue presence.",2457
pannuke_f1_2458,1,Skin,Neoplastic;Inflammatory;Connective_Soft_tissue,"Annotate the neoplastic, inflammatory and connective soft tissue regions.",2458
pannuke_f1_2459,1,Skin,Neoplastic;Inflammatory;Connective_Soft_tissue,"Segment neoplastic, inflammatory and connective soft tissue zones.",2459
pannuke_f1_2460,1,Skin,Neoplastic;Inflammatory,Segment present neoplastic and inflammatory areas.,2460
pannuke_f1_2461,1,Skin,Connective_Soft_tissue,Indicate all connective soft tissue cells.,2461
pannuke_f1_2462,1,Skin,,,2462
pannuke_f1_2463,1,Skin,,,2463
pannuke_f1_2464,1,Skin,,,2464
pannuke_f1_2465,1,Skin,,,2465
pannuke_f1_2466,1,Stomach,Connective_Soft_tissue,Pinpoint visible connective soft tissue.,2466
pannuke_f1_2467,1,Stomach,Connective_Soft_tissue,Detect connective soft tissue in this slide.,2467
pannuke_f1_2468,1,Stomach,Inflammatory;Connective_Soft_tissue,Segment the inflammatory and connective soft tissue in this tissue sample.,2468
pannuke_f1_2469,1,Stomach,Connective_Soft_tissue,Segment connective soft tissue membrane patterns.,2469
pannuke_f1_2470,1,Stomach,Connective_Soft_tissue,Segment present connective soft tissue structures.,2470
pannuke_f1_2471,1,Stomach,Neoplastic;Inflammatory;Connective_Soft_tissue;Dead,"Segment neoplastic, inflammatory, connective soft tissue and dead tissue morphology.",2471
pannuke_f1_2472,1,Stomach,Neoplastic;Inflammatory;Connective_Soft_tissue;Dead,"Mark all neoplastic, inflammatory, connective soft tissue and dead areas.",2472
pannuke_f1_2473,1,Stomach,Neoplastic;Inflammatory;Connective_Soft_tissue;Dead,"Mark the pathological neoplastic, inflammatory, connective soft tissue and dead regions.",2473
pannuke_f1_2474,1,Stomach,Neoplastic;Inflammatory;Connective_Soft_tissue;Dead,"What parts are neoplastic, inflammatory, connective soft tissue and dead?",2474
pannuke_f1_2475,1,Stomach,Neoplastic;Inflammatory;Connective_Soft_tissue,"Segment any neoplastic, inflammatory and connective soft tissue present.",2475
pannuke_f1_2476,1,Stomach,Neoplastic;Inflammatory;Dead,"Segment all visible neoplastic, inflammatory and dead.",2476
pannuke_f1_2477,1,Stomach,Neoplastic;Inflammatory;Connective_Soft_tissue;Dead,"Examine this Stomach tissue for neoplastic, inflammatory, connective soft tissue and dead.",2477
pannuke_f1_2478,1,Stomach,Neoplastic;Inflammatory;Connective_Soft_tissue;Dead,"Observing this sample, delineate neoplastic, inflammatory, connective soft tissue and dead.",2478
pannuke_f1_2479,1,Stomach,Neoplastic;Inflammatory;Connective_Soft_tissue;Dead,"Label visible neoplastic, inflammatory, connective soft tissue and dead.",2479
pannuke_f1_2480,1,Stomach,Neoplastic;Inflammatory;Connective_Soft_tissue,"Shown this histology, mark neoplastic, inflammatory and connective soft tissue.",2480
pannuke_f1_2481,1,Stomach,Neoplastic;Inflammatory;Connective_Soft_tissue;Dead,"Point out visible neoplastic, inflammatory, connective soft tissue and dead.",2481
pannuke_f1_2482,1,Stomach,Neoplastic;Inflammatory;Connective_Soft_tissue;Dead,"Annotate neoplastic, inflammatory, connective soft tissue and dead in Stomach microscopy.",2482
pannuke_f1_2483,1,Stomach,Neoplastic;Dead,Label the neoplastic and dead tissue.,2483
pannuke_f1_2484,1,Stomach,Neoplastic;Inflammatory;Connective_Soft_tissue;Dead,"Find neoplastic, inflammatory, connective soft tissue and dead in this image.",2484
pannuke_f1_2485,1,Stomach,Neoplastic;Inflammatory;Connective_Soft_tissue;Dead,"Identify and segment neoplastic, inflammatory, connective soft tissue and dead.",2485
pannuke_f1_2486,1,Stomach,Neoplastic;Inflammatory;Connective_Soft_tissue,"Segment the neoplastic, inflammatory and connective soft tissue regions in the image.",2486
pannuke_f1_2487,1,Stomach,Inflammatory;Connective_Soft_tissue,Show me all inflammatory and connective soft tissue.,2487
pannuke_f1_2488,1,Stomach,Connective_Soft_tissue,Segment present connective soft tissue cells.,2488
pannuke_f1_2489,1,Stomach,Neoplastic;Connective_Soft_tissue,Segment present neoplastic and connective soft tissue regions.,2489
pannuke_f1_2490,1,Stomach,Connective_Soft_tissue,Can you identify connective soft tissue?,2490
pannuke_f1_2491,1,Stomach,Neoplastic;Inflammatory;Connective_Soft_tissue,"Indicate all neoplastic, inflammatory and connective soft tissue cells.",2491
pannuke_f1_2492,1,Stomach,Neoplastic;Connective_Soft_tissue,Determine neoplastic and connective soft tissue presence.,2492
pannuke_f1_2493,1,Stomach,Inflammatory;Connective_Soft_tissue,Highlight all inflammatory and connective soft tissue tissue.,2493
pannuke_f1_2494,1,Stomach,Neoplastic;Connective_Soft_tissue,Identify neoplastic and connective soft tissue cellular morphology.,2494
pannuke_f1_2495,1,Stomach,Neoplastic;Inflammatory;Connective_Soft_tissue;Dead,"Inspect this Stomach sample for neoplastic, inflammatory, connective soft tissue and dead.",2495
pannuke_f1_2496,1,Stomach,Neoplastic;Inflammatory;Connective_Soft_tissue,"The sample contains neoplastic, inflammatory and connective soft tissue. Delineate the regions.",2496
pannuke_f1_2497,1,Stomach,Connective_Soft_tissue,Mark the connective soft tissue areas.,2497
pannuke_f1_2498,1,Stomach,Neoplastic;Connective_Soft_tissue,Identify all neoplastic and connective soft tissue areas.,2498
pannuke_f1_2499,1,Stomach,Connective_Soft_tissue,"Examining this slide, mark all connective soft tissue regions.",2499
pannuke_f1_2500,1,Stomach,Neoplastic;Connective_Soft_tissue,"Reviewing this image, delineate neoplastic and connective soft tissue boundaries.",2500
pannuke_f1_2501,1,Stomach,Neoplastic;Connective_Soft_tissue,Point out the neoplastic and connective soft tissue regions.,2501
pannuke_f1_2502,1,Stomach,Neoplastic;Connective_Soft_tissue,Which structures are neoplastic and connective soft tissue?,2502
pannuke_f1_2503,1,Stomach,Neoplastic;Connective_Soft_tissue,Create mask for neoplastic and connective soft tissue.,2503
pannuke_f1_2504,1,Stomach,Neoplastic;Inflammatory;Connective_Soft_tissue,"Can you segment neoplastic, inflammatory and connective soft tissue?",2504
pannuke_f1_2505,1,Stomach,Neoplastic;Inflammatory;Connective_Soft_tissue;Dead,"Analyze this Stomach and segment neoplastic, inflammatory, connective soft tissue and dead.",2505
pannuke_f1_2506,1,Stomach,Neoplastic;Inflammatory,Which regions show neoplastic and inflammatory?,2506
pannuke_f1_2507,1,Stomach,Neoplastic;Inflammatory;Connective_Soft_tissue;Dead,"Record neoplastic, inflammatory, connective soft tissue and dead regions in Stomach.",2507
pannuke_f1_2508,1,Stomach,Neoplastic;Inflammatory;Connective_Soft_tissue;Dead,"Segment present neoplastic, inflammatory, connective soft tissue and dead cells.",2508
pannuke_f1_2509,1,Stomach,Neoplastic;Inflammatory;Connective_Soft_tissue,"Segment visible neoplastic, inflammatory and connective soft tissue cells.",2509
pannuke_f1_2510,1,Stomach,Neoplastic;Inflammatory;Connective_Soft_tissue,"Circle all neoplastic, inflammatory and connective soft tissue areas.",2510
pannuke_f1_2511,1,Stomach,Neoplastic;Inflammatory;Connective_Soft_tissue;Dead,"Identify nuclear neoplastic, inflammatory, connective soft tissue and dead features.",2511
pannuke_f1_2512,1,Testis,Inflammatory;Connective_Soft_tissue,Mark all inflammatory and connective soft tissue regions.,2512
pannuke_f1_2513,1,Testis,Inflammatory;Connective_Soft_tissue,Locate visible inflammatory and connective soft tissue.,2513
pannuke_f1_2514,1,Testis,Inflammatory,Analyze inflammatory presence.,2514
pannuke_f1_2515,1,Testis,,,2515
pannuke_f1_2516,1,Testis,Inflammatory;Connective_Soft_tissue,Identify inflammatory and connective soft tissue in this image.,2516
pannuke_f1_2517,1,Testis,Inflammatory;Connective_Soft_tissue,Separate inflammatory and connective soft tissue regions.,2517
pannuke_f1_2518,1,Testis,Neoplastic,Segment the neoplastic regions.,2518
pannuke_f1_2519,1,Testis,Neoplastic;Inflammatory,Delineate all neoplastic and inflammatory structures.,2519
pannuke_f1_2520,1,Testis,Connective_Soft_tissue,Study this Testis section and mark connective soft tissue.,2520
pannuke_f1_2521,1,Testis,Neoplastic;Inflammatory,Delineate present neoplastic and inflammatory regions.,2521
pannuke_f1_2522,1,Testis,Neoplastic,Trace the neoplastic outlines.,2522
pannuke_f1_2523,1,Testis,Neoplastic;Inflammatory;Connective_Soft_tissue,"Highlight all neoplastic, inflammatory and connective soft tissue structures.",2523
pannuke_f1_2524,1,Testis,Neoplastic;Inflammatory;Connective_Soft_tissue,"Output neoplastic, inflammatory and connective soft tissue mask.",2524
pannuke_f1_2525,1,Testis,Neoplastic;Inflammatory,Segment neoplastic and inflammatory for quantitative analysis.,2525
pannuke_f1_2526,1,Testis,Neoplastic;Inflammatory;Connective_Soft_tissue,"Target neoplastic, inflammatory and connective soft tissue cells.",2526
pannuke_f1_2527,1,Testis,Neoplastic;Inflammatory;Connective_Soft_tissue,"Extract neoplastic, inflammatory and connective soft tissue regions from this image.",2527
pannuke_f1_2528,1,Testis,Neoplastic;Inflammatory;Connective_Soft_tissue,"Where are neoplastic, inflammatory and connective soft tissue cells visible?",2528
pannuke_f1_2529,1,Testis,Neoplastic;Inflammatory;Connective_Soft_tissue,"Highlight all neoplastic, inflammatory and connective soft tissue tissue.",2529
pannuke_f1_2530,1,Testis,Neoplastic;Inflammatory;Connective_Soft_tissue,"Identify nuclear neoplastic, inflammatory and connective soft tissue features.",2530
pannuke_f1_2531,1,Testis,Neoplastic;Inflammatory,Circle neoplastic and inflammatory cells.,2531
pannuke_f1_2532,1,Testis,Neoplastic;Connective_Soft_tissue,Identify all neoplastic and connective soft tissue cells.,2532
pannuke_f1_2533,1,Testis,Neoplastic;Inflammatory,Segment present neoplastic and inflammatory regions.,2533
pannuke_f1_2534,1,Testis,Neoplastic;Inflammatory;Connective_Soft_tissue,"Circle neoplastic, inflammatory and connective soft tissue cells.",2534
pannuke_f1_2535,1,Testis,Neoplastic;Inflammatory,Segment all neoplastic and inflammatory tissue.,2535
pannuke_f1_2536,1,Testis,Neoplastic,Identify only neoplastic cells.,2536
pannuke_f1_2537,1,Thyroid,Inflammatory;Connective_Soft_tissue;Epithelial,"Separate inflammatory, connective soft tissue and epithelial regions.",2537
pannuke_f1_2538,1,Thyroid,Inflammatory;Connective_Soft_tissue;Epithelial,"Identify the inflammatory, connective soft tissue and epithelial areas.",2538
pannuke_f1_2539,1,Thyroid,Inflammatory;Connective_Soft_tissue;Dead;Epithelial,"Can you identify inflammatory, connective soft tissue, dead and epithelial?",2539
pannuke_f1_2540,1,Thyroid,Inflammatory;Epithelial,"Given this Thyroid sample, mark inflammatory and epithelial regions.",2540
pannuke_f1_2541,1,Thyroid,Inflammatory;Connective_Soft_tissue;Epithelial,"Within Thyroid tissue, annotate inflammatory, connective soft tissue and epithelial.",2541
pannuke_f1_2542,1,Thyroid,Connective_Soft_tissue;Epithelial,Accurately identify and mark all connective soft tissue and epithelial areas present in the slide.,2542
pannuke_f1_2543,1,Thyroid,Inflammatory;Epithelial,Extract inflammatory and epithelial regions from this image.,2543
pannuke_f1_2544,1,Thyroid,Epithelial,Label visible epithelial.,2544
pannuke_f1_2545,1,Thyroid,Connective_Soft_tissue;Epithelial,Define connective soft tissue and epithelial boundaries.,2545
pannuke_f1_2546,1,Thyroid,Epithelial,Please segment epithelial tissue.,2546
pannuke_f1_2547,1,Thyroid,Connective_Soft_tissue;Epithelial,Segment the connective soft tissue and epithelial structures.,2547
pannuke_f1_2548,1,Thyroid,Connective_Soft_tissue;Epithelial,Segment areas containing connective soft tissue and epithelial.,2548
pannuke_f1_2549,1,Thyroid,Epithelial,Highlight present epithelial structures.,2549
pannuke_f1_2550,1,Thyroid,,,2550
pannuke_f1_2551,1,Thyroid,,,2551
pannuke_f1_2552,1,Thyroid,,,2552
pannuke_f1_2553,1,Thyroid,Connective_Soft_tissue;Epithelial,Distinguish all connective soft tissue and epithelial areas.,2553
pannuke_f1_2554,1,Thyroid,Connective_Soft_tissue;Epithelial,"In this histopathology image, please segment connective soft tissue and epithelial.",2554
pannuke_f1_2555,1,Thyroid,Inflammatory;Connective_Soft_tissue;Epithelial,"Mark visible inflammatory, connective soft tissue and epithelial structures.",2555
pannuke_f1_2556,1,Thyroid,Inflammatory;Connective_Soft_tissue;Epithelial,"Detect inflammatory, connective soft tissue and epithelial in Thyroid histology.",2556
pannuke_f1_2557,1,Thyroid,Connective_Soft_tissue;Epithelial,Where are the connective soft tissue and epithelial regions?,2557
pannuke_f1_2558,1,Thyroid,Connective_Soft_tissue;Epithelial,Identify all connective soft tissue and epithelial tissue.,2558
pannuke_f1_2559,1,Thyroid,Inflammatory;Connective_Soft_tissue;Epithelial,"Segment inflammatory, connective soft tissue and epithelial throughout the image.",2559
pannuke_f1_2560,1,Thyroid,Inflammatory;Connective_Soft_tissue;Epithelial,"Required: inflammatory, connective soft tissue and epithelial segmentation.",2560
pannuke_f1_2561,1,Thyroid,Connective_Soft_tissue;Epithelial,Draw connective soft tissue and epithelial boundaries.,2561
pannuke_f1_2562,1,Thyroid,Inflammatory;Connective_Soft_tissue;Epithelial,"Produce inflammatory, connective soft tissue and epithelial mask.",2562
pannuke_f1_2563,1,Thyroid,Neoplastic;Connective_Soft_tissue,Mark neoplastic and connective soft tissue cells in this Thyroid sample.,2563
pannuke_f1_2564,1,Thyroid,Neoplastic;Connective_Soft_tissue,Outline all neoplastic and connective soft tissue structures.,2564
pannuke_f1_2565,1,Thyroid,Neoplastic;Inflammatory;Connective_Soft_tissue,"Segment the neoplastic, inflammatory and connective soft tissue components.",2565
pannuke_f1_2566,1,Thyroid,Neoplastic;Inflammatory;Connective_Soft_tissue,"Segment neoplastic, inflammatory and connective soft tissue in the tissue matrix.",2566
pannuke_f1_2567,1,Thyroid,Neoplastic;Inflammatory;Connective_Soft_tissue,"Segment neoplastic, inflammatory and connective soft tissue for feature extraction.",2567
pannuke_f1_2568,1,Thyroid,Neoplastic;Inflammatory;Connective_Soft_tissue,"Carefully segment all neoplastic, inflammatory and connective soft tissue regions visible in this histopathology image.",2568
pannuke_f1_2569,1,Thyroid,Neoplastic;Inflammatory;Connective_Soft_tissue,"Generate a comprehensive mask for neoplastic, inflammatory and connective soft tissue.",2569
pannuke_f1_2570,1,Thyroid,Neoplastic;Inflammatory;Connective_Soft_tissue,"Pinpoint visible neoplastic, inflammatory and connective soft tissue.",2570
pannuke_f1_2571,1,Thyroid,Neoplastic;Inflammatory;Connective_Soft_tissue,"Segment neoplastic, inflammatory and connective soft tissue patterns in Thyroid.",2571
pannuke_f1_2572,1,Thyroid,Inflammatory;Connective_Soft_tissue;Epithelial,"Delineate the inflammatory, connective soft tissue and epithelial tissue.",2572
pannuke_f1_2573,1,Thyroid,Connective_Soft_tissue;Epithelial,Recognize all connective soft tissue and epithelial areas.,2573
pannuke_f1_2574,1,Thyroid,Inflammatory;Connective_Soft_tissue;Epithelial,"Required: inflammatory, connective soft tissue and epithelial segmentation.",2574
pannuke_f1_2575,1,Thyroid,Inflammatory;Connective_Soft_tissue;Epithelial,"Objective: identify inflammatory, connective soft tissue and epithelial regions.",2575
pannuke_f1_2576,1,Thyroid,Connective_Soft_tissue;Epithelial,Chart connective soft tissue and epithelial presence.,2576
pannuke_f1_2577,1,Thyroid,Inflammatory;Connective_Soft_tissue;Epithelial,"Produce inflammatory, connective soft tissue and epithelial mask.",2577
pannuke_f1_2578,1,Uterus,Connective_Soft_tissue,Target connective soft tissue cells.,2578
pannuke_f1_2579,1,Uterus,Connective_Soft_tissue,Highlight visible connective soft tissue tissue.,2579
pannuke_f1_2580,1,Uterus,Inflammatory;Connective_Soft_tissue,Delineate all inflammatory and connective soft tissue areas.,2580
pannuke_f1_2581,1,Uterus,Neoplastic;Connective_Soft_tissue,Segment the neoplastic and connective soft tissue structures.,2581
pannuke_f1_2582,1,Uterus,Neoplastic;Inflammatory;Connective_Soft_tissue,"Mark neoplastic, inflammatory and connective soft tissue cytological features.",2582
pannuke_f1_2583,1,Uterus,Connective_Soft_tissue,Locate the connective soft tissue areas.,2583
pannuke_f1_2584,1,Uterus,Neoplastic;Inflammatory;Connective_Soft_tissue,"Indicate where neoplastic, inflammatory and connective soft tissue is present.",2584
pannuke_f1_2585,1,Uterus,Neoplastic,Locate and segment neoplastic.,2585
pannuke_f1_2586,1,Uterus,Connective_Soft_tissue,Determine connective soft tissue location.,2586
pannuke_f1_2587,1,Uterus,Inflammatory;Connective_Soft_tissue;Dead,"Segment foci of inflammatory, connective soft tissue and dead.",2587
pannuke_f1_2588,1,Uterus,Connective_Soft_tissue,Annotate the connective soft tissue regions.,2588
pannuke_f1_2589,1,Uterus,Neoplastic;Inflammatory;Connective_Soft_tissue;Dead,"Emphasize neoplastic, inflammatory, connective soft tissue and dead presence.",2589
pannuke_f1_2590,1,Uterus,Neoplastic,Discern the neoplastic regions.,2590
pannuke_f1_2591,1,Uterus,Neoplastic;Inflammatory,Segment neoplastic and inflammatory cellular composition.,2591
pannuke_f1_2592,1,Colon,Inflammatory;Connective_Soft_tissue;Epithelial,"Mark all inflammatory, connective soft tissue and epithelial cells.",2592
pannuke_f1_2593,1,Colon,Inflammatory;Connective_Soft_tissue;Epithelial,"Evaluate inflammatory, connective soft tissue and epithelial areas.",2593
pannuke_f1_2594,1,Colon,Inflammatory;Connective_Soft_tissue;Epithelial,"Extract all inflammatory, connective soft tissue and epithelial areas.",2594
pannuke_f1_2595,1,Colon,Connective_Soft_tissue,Define connective soft tissue regions.,2595
pannuke_f1_2596,1,Colon,Connective_Soft_tissue,Identify peritumoral connective soft tissue.,2596
pannuke_f1_2597,1,Colon,Connective_Soft_tissue,Chart connective soft tissue distribution.,2597
pannuke_f1_2598,1,Colon,Inflammatory;Connective_Soft_tissue,You should identify inflammatory and connective soft tissue.,2598
pannuke_f1_2599,1,Colon,Neoplastic;Connective_Soft_tissue,Segment neoplastic and connective soft tissue in this Colon tissue.,2599
pannuke_f1_2600,1,Colon,Inflammatory;Connective_Soft_tissue,Identify inflammatory and connective soft tissue cellular morphology.,2600
pannuke_f1_2601,1,Colon,Neoplastic;Inflammatory,Detect neoplastic and inflammatory in this slide.,2601
pannuke_f1_2602,1,Colon,Neoplastic;Inflammatory;Connective_Soft_tissue,"Analyze neoplastic, inflammatory and connective soft tissue presence.",2602
pannuke_f1_2603,1,Colon,Neoplastic;Connective_Soft_tissue,Identify all neoplastic and connective soft tissue regions.,2603
pannuke_f1_2604,1,Colon,Connective_Soft_tissue,Highlight present connective soft tissue cells.,2604
pannuke_f1_2605,1,Colon,Inflammatory;Connective_Soft_tissue,Identify present inflammatory and connective soft tissue areas.,2605
pannuke_f1_2606,1,Colon,Connective_Soft_tissue,Identify connective soft tissue tissue regions.,2606
pannuke_f1_2607,1,Colon,Connective_Soft_tissue,Can you find connective soft tissue?,2607
pannuke_f1_2608,1,Colon,Neoplastic;Inflammatory;Connective_Soft_tissue,"Show me the neoplastic, inflammatory and connective soft tissue areas.",2608
pannuke_f1_2609,1,Colon,Inflammatory;Connective_Soft_tissue,Segment visible inflammatory and connective soft tissue.,2609
pannuke_f1_2610,1,Colon,Inflammatory;Connective_Soft_tissue,Outline inflammatory and connective soft tissue cells.,2610
pannuke_f1_2611,1,Colon,Inflammatory;Connective_Soft_tissue,Segment all inflammatory and connective soft tissue regions.,2611
pannuke_f1_2612,1,Colon,Inflammatory;Connective_Soft_tissue,"From the Colon tissue, extract inflammatory and connective soft tissue regions.",2612
pannuke_f1_2613,1,Colon,Neoplastic;Connective_Soft_tissue;Dead,"Please identify neoplastic, connective soft tissue and dead cells.",2613
pannuke_f1_2614,1,Colon,Neoplastic;Inflammatory,"Shown this histology, mark neoplastic and inflammatory.",2614
pannuke_f1_2615,1,Colon,Inflammatory;Connective_Soft_tissue,Indicate where inflammatory and connective soft tissue is present.,2615
pannuke_f1_2616,1,Colon,Inflammatory;Connective_Soft_tissue,Delineate visible inflammatory and connective soft tissue regions.,2616
pannuke_f1_2617,1,Colon,Neoplastic;Inflammatory;Connective_Soft_tissue,"Segment all neoplastic, inflammatory and connective soft tissue cells.",2617
pannuke_f1_2618,1,Colon,Neoplastic;Inflammatory;Connective_Soft_tissue,"Identify neoplastic, inflammatory and connective soft tissue for diagnostic purposes.",2618
pannuke_f1_2619,1,Colon,Inflammatory;Epithelial,Produce a detailed outline of inflammatory and epithelial structures.,2619
pannuke_f1_2620,1,Colon,Inflammatory;Connective_Soft_tissue;Epithelial,"Identify inflammatory, connective soft tissue and epithelial nuclear characteristics.",2620
pannuke_f1_2621,1,Colon,Connective_Soft_tissue;Epithelial,Segment visible connective soft tissue and epithelial tissue.,2621
pannuke_f1_2622,1,Colon,Inflammatory;Connective_Soft_tissue;Epithelial,"Segment regions with inflammatory, connective soft tissue and epithelial.",2622
pannuke_f1_2623,1,Colon,Connective_Soft_tissue,Recognize all connective soft tissue areas.,2623
pannuke_f1_2624,1,Colon,Neoplastic;Inflammatory;Connective_Soft_tissue,"Segment neoplastic, inflammatory and connective soft tissue zones.",2624
pannuke_f1_2625,1,Colon,Neoplastic;Inflammatory;Connective_Soft_tissue,"Please show neoplastic, inflammatory and connective soft tissue regions.",2625
pannuke_f1_2626,1,Colon,,,2626
pannuke_f1_2627,1,Colon,Inflammatory;Connective_Soft_tissue,Find and segment inflammatory and connective soft tissue regions.,2627
pannuke_f1_2628,1,Colon,Connective_Soft_tissue,Delineate visible connective soft tissue regions.,2628
pannuke_f1_2629,1,Colon,Inflammatory;Connective_Soft_tissue,Identify peritumoral inflammatory and connective soft tissue.,2629
pannuke_f1_2630,1,Colon,Connective_Soft_tissue,"For this Colon biopsy, segment connective soft tissue areas.",2630
pannuke_f1_2631,1,Colon,Connective_Soft_tissue,Identify the connective soft tissue areas.,2631
pannuke_f1_2632,1,Colon,Inflammatory;Connective_Soft_tissue,Please show inflammatory and connective soft tissue regions.,2632
pannuke_f1_2633,1,Colon,Neoplastic;Inflammatory;Connective_Soft_tissue,"Mark foci of neoplastic, inflammatory and connective soft tissue activity.",2633
pannuke_f1_2634,1,Colon,Neoplastic;Inflammatory;Connective_Soft_tissue,"Viewing this section, segment neoplastic, inflammatory and connective soft tissue.",2634
pannuke_f1_2635,1,Colon,Neoplastic;Inflammatory;Connective_Soft_tissue,"Pay attention to neoplastic, inflammatory and connective soft tissue areas.",2635
pannuke_f1_2636,1,Colon,,,2636
pannuke_f1_2637,1,Colon,Connective_Soft_tissue,"In the Colon section, locate connective soft tissue.",2637
pannuke_f1_2638,1,Colon,Connective_Soft_tissue,This Colon slide shows connective soft tissue. Segment it.,2638
pannuke_f1_2639,1,Colon,,,2639
pannuke_f1_2640,1,Colon,,,2640
pannuke_f1_2641,1,Colon,Connective_Soft_tissue,Map the connective soft tissue regions.,2641
pannuke_f1_2642,1,Colon,Inflammatory;Connective_Soft_tissue;Epithelial,"Label all inflammatory, connective soft tissue and epithelial areas.",2642
pannuke_f1_2643,1,Colon,Inflammatory;Connective_Soft_tissue;Epithelial,"Mark inflammatory, connective soft tissue and epithelial for area measurement.",2643
pannuke_f1_2644,1,Colon,Neoplastic;Inflammatory,Segment the neoplastic and inflammatory nuclei.,2644
pannuke_f1_2645,1,Colon,Neoplastic;Connective_Soft_tissue,Segment boundaries of neoplastic and connective soft tissue.,2645
pannuke_f1_2646,1,Colon,Neoplastic;Dead,Target neoplastic and dead in this image.,2646
pannuke_f1_2647,1,Colon,Neoplastic;Connective_Soft_tissue,Mark the neoplastic and connective soft tissue areas.,2647
pannuke_f1_2648,1,Colon,Neoplastic;Dead,Show me neoplastic and dead cells.,2648
pannuke_f1_2649,1,Colon,Neoplastic;Inflammatory;Connective_Soft_tissue,"Delineate neoplastic, inflammatory and connective soft tissue morphological features.",2649
pannuke_f1_2650,1,Colon,Neoplastic;Inflammatory;Connective_Soft_tissue,"In the Colon microstructure, find neoplastic, inflammatory and connective soft tissue.",2650
pannuke_f1_2651,1,Colon,Neoplastic;Inflammatory;Connective_Soft_tissue,"Generate neoplastic, inflammatory and connective soft tissue segmentation.",2651
pannuke_f1_2652,1,Colon,Neoplastic;Inflammatory;Connective_Soft_tissue,"What regions contain neoplastic, inflammatory and connective soft tissue?",2652
pannuke_f1_2653,1,Colon,Inflammatory;Connective_Soft_tissue,Identify inflammatory and connective soft tissue components.,2653
pannuke_f1_2654,1,Colon,Inflammatory;Connective_Soft_tissue,Delineate present inflammatory and connective soft tissue areas.,2654
pannuke_f1_2655,1,Colon,Inflammatory;Connective_Soft_tissue,Segment all inflammatory and connective soft tissue regions.,2655
pannuke_f2_0000,2,Breast,Neoplastic;Connective_Soft_tissue,Segment all visible neoplastic and connective soft tissue.,0
pannuke_f2_0001,2,Breast,Neoplastic;Connective_Soft_tissue,Show me all neoplastic and connective soft tissue.,1
pannuke_f2_0002,2,Breast,Neoplastic;Connective_Soft_tissue,Mark visible neoplastic and connective soft tissue.,2
pannuke_f2_0003,2,Breast,Neoplastic;Inflammatory;Connective_Soft_tissue,"Goal: mark all neoplastic, inflammatory and connective soft tissue cells.",3
pannuke_f2_0004,2,Breast,Neoplastic;Connective_Soft_tissue,Identify neoplastic and connective soft tissue for diagnostic purposes.,4
pannuke_f2_0005,2,Breast,Neoplastic;Connective_Soft_tissue,Identify neoplastic and connective soft tissue features in Breast.,5
pannuke_f2_0006,2,Breast,Neoplastic;Connective_Soft_tissue,Can you identify neoplastic and connective soft tissue?,6
pannuke_f2_0007,2,Breast,Neoplastic;Inflammatory;Connective_Soft_tissue,"Delineate visible neoplastic, inflammatory and connective soft tissue areas.",7
pannuke_f2_0008,2,Breast,Neoplastic;Connective_Soft_tissue,Mark present neoplastic and connective soft tissue cells.,8
pannuke_f2_0009,2,Breast,Neoplastic;Connective_Soft_tissue,Annotate neoplastic and connective soft tissue cells.,9
pannuke_f2_0010,2,Breast,Neoplastic;Inflammatory;Connective_Soft_tissue,"Analyze neoplastic, inflammatory and connective soft tissue presence.",10
pannuke_f2_0011,2,Breast,Neoplastic;Inflammatory;Connective_Soft_tissue,"Mark neoplastic, inflammatory and connective soft tissue for morphometric study.",11
pannuke_f2_0012,2,Breast,Neoplastic;Inflammatory;Connective_Soft_tissue,"Mark all neoplastic, inflammatory and connective soft tissue structures.",12
pannuke_f2_0013,2,Breast,Neoplastic;Inflammatory;Connective_Soft_tissue,"Segment neoplastic, inflammatory and connective soft tissue in this tissue specimen.",13
pannuke_f2_0014,2,Breast,Neoplastic,Segment clusters of neoplastic.,14
pannuke_f2_0015,2,Breast,Neoplastic;Connective_Soft_tissue,Detect the neoplastic and connective soft tissue regions.,15
pannuke_f2_0016,2,Breast,Neoplastic;Inflammatory;Connective_Soft_tissue,"Delineate all neoplastic, inflammatory and connective soft tissue areas.",16
pannuke_f2_0017,2,Breast,Neoplastic;Inflammatory,Can you identify neoplastic and inflammatory?,17
pannuke_f2_0018,2,Breast,Neoplastic;Connective_Soft_tissue,Which structures are neoplastic and connective soft tissue?,18
pannuke_f2_0019,2,Breast,Neoplastic;Inflammatory;Connective_Soft_tissue,"Draw neoplastic, inflammatory and connective soft tissue boundaries.",19
pannuke_f2_0020,2,Breast,Neoplastic;Connective_Soft_tissue,Segment all neoplastic and connective soft tissue tissue.,20
pannuke_f2_0021,2,Breast,Neoplastic;Connective_Soft_tissue,Identify all neoplastic and connective soft tissue tissue.,21
pannuke_f2_0022,2,Breast,Inflammatory;Connective_Soft_tissue,Mark all inflammatory and connective soft tissue structures.,22
pannuke_f2_0023,2,Breast,Neoplastic;Inflammatory;Connective_Soft_tissue,"Label the neoplastic, inflammatory and connective soft tissue tissue.",23
pannuke_f2_0024,2,Breast,Neoplastic;Connective_Soft_tissue,Pinpoint neoplastic and connective soft tissue cells.,24
pannuke_f2_0025,2,Breast,Neoplastic,Please segment neoplastic.,25
pannuke_f2_0026,2,Breast,Neoplastic;Connective_Soft_tissue,Determine neoplastic and connective soft tissue distribution.,26
pannuke_f2_0027,2,Breast,Connective_Soft_tissue,"For Breast pathology, outline connective soft tissue.",27
pannuke_f2_0028,2,Breast,Neoplastic;Connective_Soft_tissue,Map the neoplastic and connective soft tissue regions.,28
pannuke_f2_0029,2,Breast,Connective_Soft_tissue,Delineate all connective soft tissue.,29
pannuke_f2_0030,2,Breast,Neoplastic;Connective_Soft_tissue,Show me all neoplastic and connective soft tissue.,30
pannuke_f2_0031,2,Breast,Inflammatory;Connective_Soft_tissue;Epithelial,"Focus on inflammatory, connective soft tissue and epithelial in this image.",31
pannuke_f2_0032,2,Breast,Inflammatory;Connective_Soft_tissue;Epithelial,"Highlight visible inflammatory, connective soft tissue and epithelial cells.",32
pannuke_f2_0033,2,Breast,Inflammatory;Connective_Soft_tissue;Epithelial,"Search for inflammatory, connective soft tissue and epithelial regions.",33
pannuke_f2_0034,2,Breast,Connective_Soft_tissue;Epithelial,Detect the connective soft tissue and epithelial regions.,34
pannuke_f2_0035,2,Breast,Inflammatory;Connective_Soft_tissue;Epithelial,"Segment the inflammatory, connective soft tissue and epithelial tissue regions.",35
pannuke_f2_0036,2,Breast,Connective_Soft_tissue;Epithelial,Focus on connective soft tissue and epithelial in this image.,36
pannuke_f2_0037,2,Breast,Connective_Soft_tissue;Epithelial,"Examining this slide, mark all connective soft tissue and epithelial regions.",37
pannuke_f2_0038,2,Breast,Inflammatory;Connective_Soft_tissue;Epithelial,"Please segment inflammatory, connective soft tissue and epithelial tissue.",38
pannuke_f2_0039,2,Breast,Inflammatory;Connective_Soft_tissue;Epithelial,"inflammatory, connective soft tissue and epithelial is visible. Segment the regions.",39
pannuke_f2_0040,2,Breast,Connective_Soft_tissue;Epithelial,Which structures are connective soft tissue and epithelial?,40
pannuke_f2_0041,2,Breast,Neoplastic;Inflammatory;Connective_Soft_tissue,"Segment neoplastic, inflammatory and connective soft tissue in this tissue specimen.",41
pannuke_f2_0042,2,Breast,Neoplastic,Identify neoplastic in the tissue microenvironment.,42
pannuke_f2_0043,2,Breast,Inflammatory;Connective_Soft_tissue;Epithelial,"Throughout the Breast tissue, mark inflammatory, connective soft tissue and epithelial.",43
pannuke_f2_0044,2,Breast,Connective_Soft_tissue;Epithelial,Provide connective soft tissue and epithelial segmentation.,44
pannuke_f2_0045,2,Breast,Connective_Soft_tissue;Epithelial,Which structures are connective soft tissue and epithelial?,45
pannuke_f2_0046,2,Breast,Inflammatory;Connective_Soft_tissue;Epithelial,"Segment the inflammatory, connective soft tissue and epithelial sections.",46
pannuke_f2_0047,2,Breast,Inflammatory;Connective_Soft_tissue;Epithelial,"Determine inflammatory, connective soft tissue and epithelial location.",47
pannuke_f2_0048,2,Breast,Inflammatory;Connective_Soft_tissue;Epithelial,"Discern the inflammatory, connective soft tissue and epithelial from background.",48
pannuke_f2_0049,2,Breast,Inflammatory;Connective_Soft_tissue;Epithelial,"Segment the inflammatory, connective soft tissue and epithelial portions.",49
pannuke_f2_0050,2,Breast,Inflammatory;Connective_Soft_tissue;Epithelial,"Mark visible inflammatory, connective soft tissue and epithelial cells.",50
pannuke_f2_0051,2,Breast,Connective_Soft_tissue;Epithelial,"For Breast pathology, outline connective soft tissue and epithelial.",51
pannuke_f2_0052,2,Breast,Inflammatory;Connective_Soft_tissue;Epithelial,"Mark present inflammatory, connective soft tissue and epithelial areas.",52
pannuke_f2_0053,2,Breast,Connective_Soft_tissue;Epithelial,Mark the connective soft tissue and epithelial regions.,53
pannuke_f2_0054,2,Breast,Inflammatory;Epithelial,Which parts have inflammatory and epithelial?,54
pannuke_f2_0055,2,Breast,Connective_Soft_tissue;Epithelial,Observe connective soft tissue and epithelial distribution in Breast.,55
pannuke_f2_0056,2,Breast,Epithelial,Outline epithelial areas.,56
pannuke_f2_0057,2,Breast,Connective_Soft_tissue;Epithelial,Highlight the connective soft tissue and epithelial regions.,57
pannuke_f2_0058,2,Breast,Connective_Soft_tissue;Epithelial,Mark visible connective soft tissue and epithelial.,58
pannuke_f2_0059,2,Breast,Connective_Soft_tissue;Epithelial,"Given this Breast sample, mark connective soft tissue and epithelial regions.",59
pannuke_f2_0060,2,Breast,Neoplastic;Connective_Soft_tissue,Indicate neoplastic and connective soft tissue areas.,60
pannuke_f2_0061,2,Breast,Connective_Soft_tissue,Examine this Breast tissue for connective soft tissue.,61
pannuke_f2_0062,2,Breast,Neoplastic;Connective_Soft_tissue,Draw neoplastic and connective soft tissue outlines.,62
pannuke_f2_0063,2,Breast,Neoplastic;Connective_Soft_tissue,What parts are neoplastic and connective soft tissue?,63
pannuke_f2_0064,2,Breast,Neoplastic;Connective_Soft_tissue,Objective: identify neoplastic and connective soft tissue regions.,64
pannuke_f2_0065,2,Breast,Neoplastic;Connective_Soft_tissue,Find all neoplastic and connective soft tissue cells.,65
pannuke_f2_0066,2,Breast,Connective_Soft_tissue,Segment connective soft tissue for quantitative analysis.,66
pannuke_f2_0067,2,Breast,Connective_Soft_tissue,Required: connective soft tissue segmentation.,67
pannuke_f2_0068,2,Breast,Neoplastic;Inflammatory;Connective_Soft_tissue,"Within Breast tissue, annotate neoplastic, inflammatory and connective soft tissue.",68
pannuke_f2_0069,2,Breast,Neoplastic;Connective_Soft_tissue,Discern the neoplastic and connective soft tissue from background.,69
pannuke_f2_0070,2,Breast,Neoplastic;Inflammatory;Connective_Soft_tissue;Epithelial,"Emphasize neoplastic, inflammatory, connective soft tissue and epithelial regions.",70
pannuke_f2_0071,2,Breast,Neoplastic;Inflammatory;Connective_Soft_tissue,"Find neoplastic, inflammatory and connective soft tissue in this Breast sample.",71
pannuke_f2_0072,2,Breast,Neoplastic;Inflammatory;Connective_Soft_tissue;Epithelial,"Isolate neoplastic, inflammatory, connective soft tissue and epithelial regions.",72
pannuke_f2_0073,2,Breast,Neoplastic;Inflammatory;Connective_Soft_tissue;Epithelial,"Label visible neoplastic, inflammatory, connective soft tissue and epithelial.",73
pannuke_f2_0074,2,Breast,Inflammatory;Connective_Soft_tissue;Epithelial,"Segment inflammatory, connective soft tissue and epithelial areas in this slide.",74
pannuke_f2_0075,2,Breast,Connective_Soft_tissue;Epithelial,Discern the connective soft tissue and epithelial regions.,75
pannuke_f2_0076,2,Breast,Inflammatory;Connective_Soft_tissue;Epithelial,"Highlight all inflammatory, connective soft tissue and epithelial areas.",76
pannuke_f2_0077,2,Breast,Connective_Soft_tissue;Epithelial,Mark connective soft tissue and epithelial distribution pattern.,77
pannuke_f2_0078,2,Breast,Connective_Soft_tissue;Epithelial,Segment each connective soft tissue and epithelial region.,78
pannuke_f2_0079,2,Breast,Connective_Soft_tissue;Epithelial,Delineate all connective soft tissue and epithelial areas.,79
pannuke_f2_0080,2,Breast,Connective_Soft_tissue;Epithelial,Identify connective soft tissue and epithelial in this image.,80
pannuke_f2_0081,2,Breast,Connective_Soft_tissue;Epithelial,Identify connective soft tissue and epithelial cellular morphology.,81
pannuke_f2_0082,2,Breast,Connective_Soft_tissue;Epithelial,This Breast slide shows connective soft tissue and epithelial. Segment it.,82
pannuke_f2_0083,2,Breast,Connective_Soft_tissue;Epithelial,Mark all connective soft tissue and epithelial structures.,83
pannuke_f2_0084,2,Breast,Connective_Soft_tissue;Epithelial,connective soft tissue and epithelial can be seen. Identify and segment.,84
pannuke_f2_0085,2,Breast,Neoplastic;Inflammatory;Connective_Soft_tissue,"Find the neoplastic, inflammatory and connective soft tissue areas.",85
pannuke_f2_0086,2,Breast,Neoplastic;Inflammatory;Connective_Soft_tissue,"Delineate visible neoplastic, inflammatory and connective soft tissue regions.",86
pannuke_f2_0087,2,Breast,Neoplastic;Inflammatory,Identify and mark neoplastic and inflammatory.,87
pannuke_f2_0088,2,Breast,Neoplastic;Inflammatory;Connective_Soft_tissue,"Detect visible neoplastic, inflammatory and connective soft tissue.",88
pannuke_f2_0089,2,Breast,Neoplastic;Inflammatory;Connective_Soft_tissue,"Segment zones of neoplastic, inflammatory and connective soft tissue.",89
pannuke_f2_0090,2,Breast,Neoplastic;Connective_Soft_tissue,Identify nuclear neoplastic and connective soft tissue features.,90
pannuke_f2_0091,2,Breast,Neoplastic,Highlight the neoplastic regions.,91
pannuke_f2_0092,2,Breast,Inflammatory,"In Breast histology, delineate inflammatory.",92
pannuke_f2_0093,2,Breast,Neoplastic;Connective_Soft_tissue,Identify only neoplastic and connective soft tissue cells.,93
pannuke_f2_0094,2,Breast,Neoplastic;Connective_Soft_tissue,Create segmentation of neoplastic and connective soft tissue.,94
pannuke_f2_0095,2,Breast,Neoplastic,Identify neoplastic nuclear characteristics.,95
pannuke_f2_0096,2,Breast,Neoplastic;Inflammatory;Connective_Soft_tissue,"In this histopathology image, please segment neoplastic, inflammatory and connective soft tissue.",96
pannuke_f2_0097,2,Breast,Neoplastic;Inflammatory;Connective_Soft_tissue,"Segment the neoplastic, inflammatory and connective soft tissue cells.",97
pannuke_f2_0098,2,Breast,Neoplastic;Inflammatory;Connective_Soft_tissue,"Detect all neoplastic, inflammatory and connective soft tissue cells.",98
pannuke_f2_0099,2,Breast,Connective_Soft_tissue;Epithelial,Define connective soft tissue and epithelial extent.,99
pannuke_f2_0100,2,Breast,Inflammatory;Connective_Soft_tissue;Epithelial,"Identify visible inflammatory, connective soft tissue and epithelial regions.",100
pannuke_f2_0101,2,Breast,Neoplastic;Connective_Soft_tissue;Epithelial,"Pay attention to neoplastic, connective soft tissue and epithelial areas.",101
pannuke_f2_0102,2,Breast,Neoplastic;Inflammatory;Connective_Soft_tissue,"Delineate all neoplastic, inflammatory and connective soft tissue.",102
pannuke_f2_0103,2,Breast,Inflammatory;Connective_Soft_tissue;Epithelial,"Mark inflammatory, connective soft tissue and epithelial in this biopsy sample.",103
pannuke_f2_0104,2,Breast,Connective_Soft_tissue;Epithelial,Highlight visible connective soft tissue and epithelial cells.,104
pannuke_f2_0105,2,Breast,Neoplastic;Connective_Soft_tissue,"For this Breast biopsy, segment neoplastic and connective soft tissue areas.",105
pannuke_f2_0106,2,Breast,Neoplastic;Connective_Soft_tissue,Goal: mark all neoplastic and connective soft tissue cells.,106
pannuke_f2_0107,2,Breast,Neoplastic;Connective_Soft_tissue,Determine neoplastic and connective soft tissue presence.,107
pannuke_f2_0108,2,Breast,Neoplastic;Inflammatory,Outline neoplastic and inflammatory in the Breast image.,108
pannuke_f2_0109,2,Breast,Inflammatory;Connective_Soft_tissue,"For this Breast sample, mark inflammatory and connective soft tissue.",109
pannuke_f2_0110,2,Breast,Neoplastic;Inflammatory;Connective_Soft_tissue,"Please show neoplastic, inflammatory and connective soft tissue regions.",110
pannuke_f2_0111,2,Breast,Neoplastic;Inflammatory;Connective_Soft_tissue,"Delineate neoplastic, inflammatory and connective soft tissue with accurate boundary detection.",111
pannuke_f2_0112,2,Breast,Neoplastic;Inflammatory;Connective_Soft_tissue,"Where are neoplastic, inflammatory and connective soft tissue cells visible?",112
pannuke_f2_0113,2,Breast,Inflammatory;Connective_Soft_tissue;Epithelial,"Study this Breast section and mark inflammatory, connective soft tissue and epithelial.",113
pannuke_f2_0114,2,Breast,Epithelial,Identify epithelial in this pathology slide.,114
pannuke_f2_0115,2,Breast,Connective_Soft_tissue;Epithelial,Distinguish connective soft tissue and epithelial from other tissue.,115
pannuke_f2_0116,2,Breast,Connective_Soft_tissue;Epithelial,"In this histopathology image, please segment connective soft tissue and epithelial.",116
pannuke_f2_0117,2,Breast,Inflammatory;Connective_Soft_tissue;Epithelial,"Segment inflammatory, connective soft tissue and epithelial areas in this slide.",117
pannuke_f2_0118,2,Breast,Epithelial,Can you mark epithelial?,118
pannuke_f2_0119,2,Breast,Inflammatory;Connective_Soft_tissue;Epithelial,"Highlight visible inflammatory, connective soft tissue and epithelial areas.",119
pannuke_f2_0120,2,Breast,Connective_Soft_tissue;Epithelial,connective soft tissue and epithelial is present in this slide. Segment it.,120
pannuke_f2_0121,2,Breast,Inflammatory;Connective_Soft_tissue;Epithelial,"Segment present inflammatory, connective soft tissue and epithelial cells.",121
pannuke_f2_0122,2,Breast,Inflammatory;Connective_Soft_tissue;Epithelial,"Trace all inflammatory, connective soft tissue and epithelial areas.",122
pannuke_f2_0123,2,Breast,Inflammatory;Connective_Soft_tissue;Epithelial,"Chart inflammatory, connective soft tissue and epithelial presence.",123
pannuke_f2_0124,2,Breast,Neoplastic;Inflammatory;Connective_Soft_tissue,"Identify neoplastic, inflammatory and connective soft tissue nuclear characteristics.",124
pannuke_f2_0125,2,Breast,Neoplastic;Connective_Soft_tissue,Can you segment neoplastic and connective soft tissue?,125
pannuke_f2_0126,2,Breast,Neoplastic;Connective_Soft_tissue,Create mask for neoplastic and connective soft tissue.,126
pannuke_f2_0127,2,Breast,Neoplastic;Connective_Soft_tissue,Indicate where neoplastic and connective soft tissue is present.,127
pannuke_f2_0128,2,Breast,Neoplastic;Connective_Soft_tissue,Mark all neoplastic and connective soft tissue cells.,128
pannuke_f2_0129,2,Breast,Inflammatory;Connective_Soft_tissue;Epithelial,"Produce a detailed outline of inflammatory, connective soft tissue and epithelial structures.",129
pannuke_f2_0130,2,Breast,Inflammatory;Connective_Soft_tissue;Epithelial,"Find and segment inflammatory, connective soft tissue and epithelial regions.",130
pannuke_f2_0131,2,Breast,Inflammatory;Connective_Soft_tissue;Epithelial,"Within the Breast, identify inflammatory, connective soft tissue and epithelial.",131
pannuke_f2_0132,2,Breast,Inflammatory;Connective_Soft_tissue;Epithelial,"Review this Breast slide and identify inflammatory, connective soft tissue and epithelial.",132
pannuke_f2_0133,2,Breast,Neoplastic;Inflammatory;Connective_Soft_tissue,"Review this Breast slide and identify neoplastic, inflammatory and connective soft tissue.",133
pannuke_f2_0134,2,Breast,Neoplastic;Inflammatory;Connective_Soft_tissue,"Segment sites of neoplastic, inflammatory and connective soft tissue.",134
pannuke_f2_0135,2,Breast,Connective_Soft_tissue;Epithelial,Segment visible connective soft tissue and epithelial cells.,135
pannuke_f2_0136,2,Breast,Inflammatory;Connective_Soft_tissue;Epithelial,"Segment the inflammatory, connective soft tissue and epithelial infiltration.",136
pannuke_f2_0137,2,Breast,Connective_Soft_tissue;Epithelial,Identify and mark connective soft tissue and epithelial.,137
pannuke_f2_0138,2,Breast,Inflammatory;Connective_Soft_tissue;Epithelial,"In the Breast section, locate inflammatory, connective soft tissue and epithelial.",138
pannuke_f2_0139,2,Breast,Inflammatory;Connective_Soft_tissue;Epithelial,"Outline the inflammatory, connective soft tissue and epithelial regions.",139
pannuke_f2_0140,2,Breast,Connective_Soft_tissue,Mark connective soft tissue tissue architecture.,140
pannuke_f2_0141,2,Breast,Neoplastic;Connective_Soft_tissue,Delineate visible neoplastic and connective soft tissue structures.,141
pannuke_f2_0142,2,Breast,Neoplastic;Connective_Soft_tissue,Show me all neoplastic and connective soft tissue.,142
pannuke_f2_0143,2,Breast,Neoplastic;Inflammatory;Connective_Soft_tissue,"Mark stromal neoplastic, inflammatory and connective soft tissue regions.",143
pannuke_f2_0144,2,Breast,Neoplastic;Connective_Soft_tissue,Target neoplastic and connective soft tissue regions.,144
pannuke_f2_0145,2,Breast,Neoplastic;Inflammatory;Connective_Soft_tissue,"Identify all neoplastic, inflammatory and connective soft tissue areas.",145
pannuke_f2_0146,2,Breast,Neoplastic;Inflammatory,Identify histological regions showing neoplastic and inflammatory.,146
pannuke_f2_0147,2,Breast,Connective_Soft_tissue;Epithelial,Segment connective soft tissue and epithelial tissue.,147
pannuke_f2_0148,2,Breast,Connective_Soft_tissue;Epithelial,Concentrate on connective soft tissue and epithelial regions.,148
pannuke_f2_0149,2,Breast,Connective_Soft_tissue;Epithelial,Identify parenchymal connective soft tissue and epithelial.,149
pannuke_f2_0150,2,Breast,Inflammatory;Connective_Soft_tissue;Epithelial,"Viewing this section, segment inflammatory, connective soft tissue and epithelial.",150
pannuke_f2_0151,2,Breast,Connective_Soft_tissue;Epithelial,Point out visible connective soft tissue and epithelial.,151
pannuke_f2_0152,2,Breast,Connective_Soft_tissue;Epithelial,Please identify connective soft tissue and epithelial cells.,152
pannuke_f2_0153,2,Breast,Inflammatory;Connective_Soft_tissue;Epithelial,"Map inflammatory, connective soft tissue and epithelial distribution.",153
pannuke_f2_0154,2,Breast,Inflammatory;Connective_Soft_tissue,Highlight inflammatory and connective soft tissue cellular characteristics.,154
pannuke_f2_0155,2,Breast,Inflammatory;Connective_Soft_tissue;Dead,"Highlight visible inflammatory, connective soft tissue and dead tissue.",155
pannuke_f2_0156,2,Breast,Neoplastic;Inflammatory;Connective_Soft_tissue,"Point out neoplastic, inflammatory and connective soft tissue cells.",156
pannuke_f2_0157,2,Breast,Neoplastic;Inflammatory;Connective_Soft_tissue,"Separate neoplastic, inflammatory and connective soft tissue regions.",157
pannuke_f2_0158,2,Breast,Connective_Soft_tissue,Annotate connective soft tissue cells.,158
pannuke_f2_0159,2,Breast,Inflammatory;Connective_Soft_tissue;Epithelial,"Where is inflammatory, connective soft tissue and epithelial located?",159
pannuke_f2_0160,2,Breast,Connective_Soft_tissue;Epithelial,Highlight visible connective soft tissue and epithelial tissue.,160
pannuke_f2_0161,2,Breast,Inflammatory;Connective_Soft_tissue;Epithelial,"Segment only inflammatory, connective soft tissue and epithelial.",161
pannuke_f2_0162,2,Breast,Inflammatory;Connective_Soft_tissue;Epithelial,"Segment zones of inflammatory, connective soft tissue and epithelial presence.",162
pannuke_f2_0163,2,Breast,Connective_Soft_tissue;Epithelial,Delineate present connective soft tissue and epithelial structures.,163
pannuke_f2_0164,2,Breast,Inflammatory;Connective_Soft_tissue;Epithelial,"Mark visible inflammatory, connective soft tissue and epithelial cells.",164
pannuke_f2_0165,2,Breast,Inflammatory;Connective_Soft_tissue;Epithelial,"Where are the inflammatory, connective soft tissue and epithelial regions?",165
pannuke_f2_0166,2,Breast,Epithelial,Pinpoint visible epithelial.,166
pannuke_f2_0167,2,Breast,Epithelial,Identify epithelial in the tissue microenvironment.,167
pannuke_f2_0168,2,Breast,Connective_Soft_tissue;Epithelial,Segment connective soft tissue and epithelial patterns in Breast.,168
pannuke_f2_0169,2,Breast,Inflammatory;Connective_Soft_tissue;Epithelial,"Search for inflammatory, connective soft tissue and epithelial regions.",169
pannuke_f2_0170,2,Breast,Connective_Soft_tissue;Epithelial,Look for connective soft tissue and epithelial in this slide.,170
pannuke_f2_0171,2,Breast,Connective_Soft_tissue,Identify peritumoral connective soft tissue.,171
pannuke_f2_0172,2,Breast,Inflammatory;Connective_Soft_tissue,Examine this Breast tissue for inflammatory and connective soft tissue.,172
pannuke_f2_0173,2,Breast,Neoplastic;Connective_Soft_tissue,Locate neoplastic and connective soft tissue in Breast tissue.,173
pannuke_f2_0174,2,Breast,Neoplastic;Inflammatory,Segment neoplastic and inflammatory areas in this slide.,174
pannuke_f2_0175,2,Breast,Inflammatory;Connective_Soft_tissue;Epithelial,"Target class: inflammatory, connective soft tissue and epithelial.",175
pannuke_f2_0176,2,Breast,Connective_Soft_tissue,Identify visible connective soft tissue structures.,176
pannuke_f2_0177,2,Breast,Inflammatory;Connective_Soft_tissue;Epithelial,"Segment the inflammatory, connective soft tissue and epithelial sections.",177
pannuke_f2_0178,2,Breast,Inflammatory;Connective_Soft_tissue;Epithelial,"Segment areas containing inflammatory, connective soft tissue and epithelial.",178
pannuke_f2_0179,2,Breast,Connective_Soft_tissue;Epithelial,"In the Breast section, locate connective soft tissue and epithelial.",179
pannuke_f2_0180,2,Breast,Connective_Soft_tissue;Epithelial,Divide connective soft tissue and epithelial from surroundings.,180
pannuke_f2_0181,2,Breast,Inflammatory;Connective_Soft_tissue;Epithelial,"On this Breast image, highlight inflammatory, connective soft tissue and epithelial.",181
pannuke_f2_0182,2,Breast,Inflammatory;Connective_Soft_tissue;Epithelial,"Highlight the inflammatory, connective soft tissue and epithelial regions.",182
pannuke_f2_0183,2,Breast,Inflammatory;Connective_Soft_tissue;Epithelial,"Segment the inflammatory, connective soft tissue and epithelial regions in the image.",183
pannuke_f2_0184,2,Breast,Connective_Soft_tissue;Epithelial,Annotate the connective soft tissue and epithelial regions.,184
pannuke_f2_0185,2,Breast,Connective_Soft_tissue;Epithelial,Segment the connective soft tissue and epithelial cells.,185
pannuke_f2_0186,2,Breast,Connective_Soft_tissue;Epithelial,Delineate present connective soft tissue and epithelial regions.,186
pannuke_f2_0187,2,Breast,Connective_Soft_tissue;Epithelial,Segment connective soft tissue and epithelial in this Breast tissue.,187
pannuke_f2_0188,2,Breast,Inflammatory;Connective_Soft_tissue;Epithelial,"Segment inflammatory, connective soft tissue and epithelial in the tumor stroma.",188
pannuke_f2_0189,2,Breast,Connective_Soft_tissue;Epithelial,Detect connective soft tissue and epithelial in Breast histology.,189
pannuke_f2_0190,2,Breast,Connective_Soft_tissue;Epithelial,Mark all connective soft tissue and epithelial structures.,190
pannuke_f2_0191,2,Breast,Inflammatory;Connective_Soft_tissue;Epithelial,"Draw inflammatory, connective soft tissue and epithelial boundaries.",191
pannuke_f2_0192,2,Breast,Connective_Soft_tissue;Epithelial,Separate connective soft tissue and epithelial cells.,192
pannuke_f2_0193,2,Breast,Inflammatory;Connective_Soft_tissue;Epithelial,"Identify the inflammatory, connective soft tissue and epithelial regions.",193
pannuke_f2_0194,2,Breast,Inflammatory;Connective_Soft_tissue;Epithelial,"Pay attention to inflammatory, connective soft tissue and epithelial areas.",194
pannuke_f2_0195,2,Breast,Inflammatory;Connective_Soft_tissue;Epithelial,"Mark inflammatory, connective soft tissue and epithelial cytoplasmic features.",195
pannuke_f2_0196,2,Breast,Inflammatory;Connective_Soft_tissue;Epithelial,"Segment the inflammatory, connective soft tissue and epithelial tissue regions.",196
pannuke_f2_0197,2,Breast,Inflammatory;Connective_Soft_tissue;Epithelial,"Trace the inflammatory, connective soft tissue and epithelial outlines.",197
pannuke_f2_0198,2,Breast,Inflammatory;Connective_Soft_tissue;Epithelial,"Identify inflammatory, connective soft tissue and epithelial in the tissue microenvironment.",198
pannuke_f2_0199,2,Breast,Connective_Soft_tissue;Epithelial,Where can you find connective soft tissue and epithelial?,199
pannuke_f2_0200,2,Breast,Inflammatory;Connective_Soft_tissue;Epithelial,"Highlight inflammatory, connective soft tissue and epithelial cellular characteristics.",200
pannuke_f2_0201,2,Breast,Connective_Soft_tissue;Epithelial,Distinguish visible connective soft tissue and epithelial.,201
pannuke_f2_0202,2,Breast,Connective_Soft_tissue;Epithelial,Scan for connective soft tissue and epithelial cells.,202
pannuke_f2_0203,2,Breast,Connective_Soft_tissue;Epithelial,Label all connective soft tissue and epithelial areas.,203
pannuke_f2_0204,2,Breast,Connective_Soft_tissue;Epithelial,Identify visible connective soft tissue and epithelial tissue.,204
pannuke_f2_0205,2,Breast,Inflammatory;Connective_Soft_tissue;Epithelial,"Delineate visible inflammatory, connective soft tissue and epithelial regions.",205
pannuke_f2_0206,2,Breast,Connective_Soft_tissue;Epithelial,Identify areas of connective soft tissue and epithelial concentration.,206
pannuke_f2_0207,2,Breast,Inflammatory;Connective_Soft_tissue;Epithelial,"Segment extent of inflammatory, connective soft tissue and epithelial.",207
pannuke_f2_0208,2,Breast,Connective_Soft_tissue;Epithelial,Please show connective soft tissue and epithelial regions.,208
pannuke_f2_0209,2,Breast,Connective_Soft_tissue;Epithelial,Observe connective soft tissue and epithelial distribution in Breast.,209
pannuke_f2_0210,2,Breast,Inflammatory;Connective_Soft_tissue;Epithelial,"Segment the inflammatory, connective soft tissue and epithelial structures.",210
pannuke_f2_0211,2,Breast,Connective_Soft_tissue;Epithelial,The tissue shows connective soft tissue and epithelial. Mark the areas.,211
pannuke_f2_0212,2,Breast,Connective_Soft_tissue,Segment connective soft tissue tissue.,212
pannuke_f2_0213,2,Breast,Inflammatory;Connective_Soft_tissue;Epithelial,"Sketch inflammatory, connective soft tissue and epithelial regions.",213
pannuke_f2_0214,2,Breast,Inflammatory;Connective_Soft_tissue;Epithelial,"Observe inflammatory, connective soft tissue and epithelial distribution in Breast.",214
pannuke_f2_0215,2,Breast,Epithelial,Delineate present epithelial structures.,215
pannuke_f2_0216,2,Breast,Connective_Soft_tissue;Epithelial,Determine connective soft tissue and epithelial presence.,216
pannuke_f2_0217,2,Breast,Connective_Soft_tissue;Epithelial,Mark visible connective soft tissue and epithelial structures.,217
pannuke_f2_0218,2,Breast,Inflammatory;Connective_Soft_tissue;Epithelial,"Discern inflammatory, connective soft tissue and epithelial cells.",218
pannuke_f2_0219,2,Breast,Inflammatory;Connective_Soft_tissue;Epithelial,"For this Breast sample, mark inflammatory, connective soft tissue and epithelial.",219
pannuke_f2_0220,2,Breast,Inflammatory;Connective_Soft_tissue;Epithelial,"Find and segment inflammatory, connective soft tissue and epithelial regions.",220
pannuke_f2_0221,2,Breast,Inflammatory;Connective_Soft_tissue;Epithelial,"Identify all inflammatory, connective soft tissue and epithelial tissue.",221
pannuke_f2_0222,2,Breast,Connective_Soft_tissue;Epithelial,Mark connective soft tissue and epithelial ensuring complete coverage of affected areas.,222
pannuke_f2_0223,2,Breast,Neoplastic;Connective_Soft_tissue,Segment neoplastic and connective soft tissue tissue morphology.,223
pannuke_f2_0224,2,Breast,Inflammatory,Highlight present inflammatory structures.,224
pannuke_f2_0225,2,Breast,Neoplastic;Connective_Soft_tissue,Segment neoplastic and connective soft tissue elements.,225
pannuke_f2_0226,2,Breast,Inflammatory;Connective_Soft_tissue;Epithelial,"Can you mark inflammatory, connective soft tissue and epithelial?",226
pannuke_f2_0227,2,Breast,Inflammatory;Connective_Soft_tissue;Epithelial,"Delineate all inflammatory, connective soft tissue and epithelial regions.",227
pannuke_f2_0228,2,Breast,Inflammatory;Connective_Soft_tissue;Epithelial,"Where can you find inflammatory, connective soft tissue and epithelial?",228
pannuke_f2_0229,2,Breast,Inflammatory;Connective_Soft_tissue;Epithelial,"Segment visible inflammatory, connective soft tissue and epithelial tissue.",229
pannuke_f2_0230,2,Breast,Inflammatory;Connective_Soft_tissue;Epithelial,"Produce inflammatory, connective soft tissue and epithelial mask.",230
pannuke_f2_0231,2,Breast,Inflammatory;Connective_Soft_tissue,Map inflammatory and connective soft tissue distribution in Breast.,231
pannuke_f2_0232,2,Breast,Inflammatory;Connective_Soft_tissue;Epithelial,"Determine inflammatory, connective soft tissue and epithelial presence.",232
pannuke_f2_0233,2,Breast,Inflammatory;Connective_Soft_tissue;Epithelial,"Identify only inflammatory, connective soft tissue and epithelial cells.",233
pannuke_f2_0234,2,Breast,Inflammatory;Connective_Soft_tissue;Epithelial,"Segment the inflammatory, connective soft tissue and epithelial portions.",234
pannuke_f2_0235,2,Breast,Connective_Soft_tissue,Segment connective soft tissue cellular composition.,235
pannuke_f2_0236,2,Breast,Inflammatory;Connective_Soft_tissue;Epithelial,"Segment clusters of inflammatory, connective soft tissue and epithelial.",236
pannuke_f2_0237,2,Breast,Connective_Soft_tissue;Epithelial,Segment connective soft tissue and epithelial zones.,237
pannuke_f2_0238,2,Breast,Inflammatory;Connective_Soft_tissue;Epithelial,"Determine inflammatory, connective soft tissue and epithelial presence.",238
pannuke_f2_0239,2,Breast,Inflammatory;Connective_Soft_tissue;Epithelial,"Observe inflammatory, connective soft tissue and epithelial distribution in Breast.",239
pannuke_f2_0240,2,Breast,Inflammatory;Connective_Soft_tissue;Epithelial,"Study this Breast section and mark inflammatory, connective soft tissue and epithelial.",240
pannuke_f2_0241,2,Breast,Inflammatory;Connective_Soft_tissue;Epithelial,"Point out inflammatory, connective soft tissue and epithelial cells.",241
pannuke_f2_0242,2,Breast,Inflammatory;Connective_Soft_tissue;Epithelial,"Segment visible inflammatory, connective soft tissue and epithelial cells.",242
pannuke_f2_0243,2,Breast,Inflammatory;Connective_Soft_tissue;Epithelial,"Consider only inflammatory, connective soft tissue and epithelial areas.",243
pannuke_f2_0244,2,Breast,Inflammatory;Connective_Soft_tissue;Epithelial,"Segment the inflammatory, connective soft tissue and epithelial spread.",244
pannuke_f2_0245,2,Breast,Connective_Soft_tissue;Epithelial,Highlight connective soft tissue and epithelial in this Breast slide.,245
pannuke_f2_0246,2,Breast,Connective_Soft_tissue;Epithelial,"For this Breast sample, mark connective soft tissue and epithelial.",246
pannuke_f2_0247,2,Breast,Neoplastic;Connective_Soft_tissue,Evaluate neoplastic and connective soft tissue areas.,247
pannuke_f2_0248,2,Breast,Neoplastic,Pinpoint visible neoplastic.,248
pannuke_f2_0249,2,Breast,Neoplastic;Connective_Soft_tissue,Delineate visible neoplastic and connective soft tissue tissue.,249
pannuke_f2_0250,2,Breast,Neoplastic,Detect visible neoplastic.,250
pannuke_f2_0251,2,Breast,Neoplastic,Produce segmentation of neoplastic.,251
pannuke_f2_0252,2,Breast,Neoplastic;Connective_Soft_tissue,Segment neoplastic and connective soft tissue for feature extraction.,252
pannuke_f2_0253,2,Breast,Neoplastic;Inflammatory;Connective_Soft_tissue,"Generate a comprehensive mask for neoplastic, inflammatory and connective soft tissue.",253
pannuke_f2_0254,2,Breast,Inflammatory;Connective_Soft_tissue,Extract all inflammatory and connective soft tissue areas.,254
pannuke_f2_0255,2,Breast,Neoplastic,Distinguish neoplastic from other tissue.,255
pannuke_f2_0256,2,Breast,Neoplastic,Segment all neoplastic tissue.,256
pannuke_f2_0257,2,Breast,Neoplastic,Segment visible neoplastic regions.,257
pannuke_f2_0258,2,Breast,Neoplastic;Connective_Soft_tissue,Detect the neoplastic and connective soft tissue areas.,258
pannuke_f2_0259,2,Breast,Neoplastic;Connective_Soft_tissue,Generate mask for neoplastic and connective soft tissue.,259
pannuke_f2_0260,2,Breast,Neoplastic;Connective_Soft_tissue,Analyze neoplastic and connective soft tissue presence.,260
pannuke_f2_0261,2,Breast,Neoplastic;Connective_Soft_tissue,Delineate all neoplastic and connective soft tissue cells.,261
pannuke_f2_0262,2,Breast,Connective_Soft_tissue;Epithelial,Circle the connective soft tissue and epithelial structures.,262
pannuke_f2_0263,2,Breast,Inflammatory;Connective_Soft_tissue;Epithelial,"Label visible inflammatory, connective soft tissue and epithelial.",263
pannuke_f2_0264,2,Breast,Inflammatory;Connective_Soft_tissue;Epithelial,"Identify inflammatory, connective soft tissue and epithelial in this image.",264
pannuke_f2_0265,2,Breast,Inflammatory;Connective_Soft_tissue;Epithelial,"Segment inflammatory, connective soft tissue and epithelial in relation to stroma.",265
pannuke_f2_0266,2,Breast,Neoplastic;Inflammatory;Connective_Soft_tissue,"Highlight visible neoplastic, inflammatory and connective soft tissue areas.",266
pannuke_f2_0267,2,Breast,Neoplastic;Connective_Soft_tissue,Produce segmentation of neoplastic and connective soft tissue.,267
pannuke_f2_0268,2,Breast,Neoplastic;Connective_Soft_tissue,Mark cellular neoplastic and connective soft tissue regions.,268
pannuke_f2_0269,2,Breast,Neoplastic;Inflammatory;Connective_Soft_tissue,"Identify the neoplastic, inflammatory and connective soft tissue areas.",269
pannuke_f2_0270,2,Breast,Neoplastic;Inflammatory;Connective_Soft_tissue,"Generate mask for neoplastic, inflammatory and connective soft tissue.",270
pannuke_f2_0271,2,Breast,Inflammatory;Connective_Soft_tissue,Meticulously outline the inflammatory and connective soft tissue regions for analysis.,271
pannuke_f2_0272,2,Breast,Neoplastic;Inflammatory;Connective_Soft_tissue,"Mark visible neoplastic, inflammatory and connective soft tissue.",272
pannuke_f2_0273,2,Breast,Neoplastic;Inflammatory;Connective_Soft_tissue,"Your goal is to identify neoplastic, inflammatory and connective soft tissue.",273
pannuke_f2_0274,2,Breast,Neoplastic;Inflammatory;Connective_Soft_tissue,"Segment neoplastic, inflammatory and connective soft tissue for pathological assessment.",274
pannuke_f2_0275,2,Breast,Neoplastic;Inflammatory;Connective_Soft_tissue,"Discern all neoplastic, inflammatory and connective soft tissue areas.",275
pannuke_f2_0276,2,Breast,Inflammatory;Connective_Soft_tissue,Trace the inflammatory and connective soft tissue outlines.,276
pannuke_f2_0277,2,Breast,Inflammatory;Connective_Soft_tissue,Spot all inflammatory and connective soft tissue areas.,277
pannuke_f2_0278,2,Breast,Neoplastic;Inflammatory;Connective_Soft_tissue,"Isolate neoplastic, inflammatory and connective soft tissue regions.",278
pannuke_f2_0279,2,Breast,Neoplastic;Inflammatory;Connective_Soft_tissue,"Within the Breast, identify neoplastic, inflammatory and connective soft tissue.",279
pannuke_f2_0280,2,Breast,Neoplastic;Inflammatory;Connective_Soft_tissue,"Where can you find neoplastic, inflammatory and connective soft tissue?",280
pannuke_f2_0281,2,Breast,Inflammatory;Connective_Soft_tissue,Segment inflammatory and connective soft tissue nuclei.,281
pannuke_f2_0282,2,Breast,Inflammatory;Connective_Soft_tissue,Please identify inflammatory and connective soft tissue cells.,282
pannuke_f2_0283,2,Breast,Inflammatory;Connective_Soft_tissue,Identify clusters of inflammatory and connective soft tissue cells.,283
pannuke_f2_0284,2,Breast,Neoplastic;Connective_Soft_tissue,Mark only neoplastic and connective soft tissue regions.,284
pannuke_f2_0285,2,Breast,Neoplastic;Connective_Soft_tissue,Recognize neoplastic and connective soft tissue in Breast pathology.,285
pannuke_f2_0286,2,Breast,Inflammatory;Connective_Soft_tissue;Epithelial,"Identify nuclear inflammatory, connective soft tissue and epithelial features.",286
pannuke_f2_0287,2,Breast,Connective_Soft_tissue;Epithelial,Identify connective soft tissue and epithelial components.,287
pannuke_f2_0288,2,Breast,Connective_Soft_tissue;Epithelial,Pinpoint connective soft tissue and epithelial in this Breast.,288
pannuke_f2_0289,2,Breast,Connective_Soft_tissue;Epithelial,Can you mark connective soft tissue and epithelial?,289
pannuke_f2_0290,2,Breast,Inflammatory;Connective_Soft_tissue;Epithelial,"Mark inflammatory, connective soft tissue and epithelial ensuring complete coverage of affected areas.",290
pannuke_f2_0291,2,Breast,Inflammatory;Connective_Soft_tissue;Epithelial,"Sketch inflammatory, connective soft tissue and epithelial boundaries.",291
pannuke_f2_0292,2,Breast,Inflammatory;Epithelial,Can you mark inflammatory and epithelial?,292
pannuke_f2_0293,2,Breast,Inflammatory;Connective_Soft_tissue;Epithelial,"Focus solely on inflammatory, connective soft tissue and epithelial.",293
pannuke_f2_0294,2,Breast,Inflammatory;Connective_Soft_tissue;Epithelial,"Mark all inflammatory, connective soft tissue and epithelial tissue.",294
pannuke_f2_0295,2,Breast,Neoplastic;Inflammatory;Connective_Soft_tissue,"Create segmentation of neoplastic, inflammatory and connective soft tissue.",295
pannuke_f2_0296,2,Breast,Neoplastic;Inflammatory,Mark neoplastic and inflammatory cytoplasmic features.,296
pannuke_f2_0297,2,Breast,Neoplastic;Inflammatory;Connective_Soft_tissue,"Segment all visible neoplastic, inflammatory and connective soft tissue.",297
pannuke_f2_0298,2,Breast,Neoplastic;Inflammatory;Connective_Soft_tissue;Epithelial,"This image contains neoplastic, inflammatory, connective soft tissue and epithelial. Segment it.",298
pannuke_f2_0299,2,Breast,Neoplastic;Inflammatory;Connective_Soft_tissue,"The objective is to mark neoplastic, inflammatory and connective soft tissue.",299
pannuke_f2_0300,2,Breast,Neoplastic;Connective_Soft_tissue,Purpose: delineate neoplastic and connective soft tissue boundaries.,300
pannuke_f2_0301,2,Breast,Neoplastic;Connective_Soft_tissue,Circle the neoplastic and connective soft tissue regions.,301
pannuke_f2_0302,2,Breast,Neoplastic;Inflammatory;Connective_Soft_tissue,"Highlight neoplastic, inflammatory and connective soft tissue cells.",302
pannuke_f2_0303,2,Breast,Neoplastic;Connective_Soft_tissue,Partition neoplastic and connective soft tissue areas.,303
pannuke_f2_0304,2,Breast,Neoplastic;Inflammatory,Accurately identify and mark all neoplastic and inflammatory areas present in the slide.,304
pannuke_f2_0305,2,Breast,Neoplastic;Inflammatory;Connective_Soft_tissue,"Please locate neoplastic, inflammatory and connective soft tissue.",305
pannuke_f2_0306,2,Breast,Neoplastic;Connective_Soft_tissue,"Observing this sample, delineate neoplastic and connective soft tissue.",306
pannuke_f2_0307,2,Breast,Neoplastic;Inflammatory;Connective_Soft_tissue,"Identify visible neoplastic, inflammatory and connective soft tissue.",307
pannuke_f2_0308,2,Breast,Neoplastic;Connective_Soft_tissue,Pinpoint the neoplastic and connective soft tissue tissue.,308
pannuke_f2_0309,2,Breast,Neoplastic;Connective_Soft_tissue,"Within Breast architecture, locate neoplastic and connective soft tissue.",309
pannuke_f2_0310,2,Breast,Neoplastic;Connective_Soft_tissue,Segment neoplastic and connective soft tissue membrane patterns.,310
pannuke_f2_0311,2,Breast,Neoplastic,Segment all neoplastic tissue.,311
pannuke_f2_0312,2,Breast,Neoplastic;Connective_Soft_tissue,Annotate the neoplastic and connective soft tissue tissue.,312
pannuke_f2_0313,2,Breast,Neoplastic;Inflammatory;Connective_Soft_tissue,"Mark present neoplastic, inflammatory and connective soft tissue structures.",313
pannuke_f2_0314,2,Breast,Neoplastic;Inflammatory;Connective_Soft_tissue,"Chart neoplastic, inflammatory and connective soft tissue distribution.",314
pannuke_f2_0315,2,Breast,Neoplastic;Inflammatory;Connective_Soft_tissue,"Locate visible neoplastic, inflammatory and connective soft tissue.",315
pannuke_f2_0316,2,Breast,Neoplastic;Inflammatory;Connective_Soft_tissue,"Viewing this section, segment neoplastic, inflammatory and connective soft tissue.",316
pannuke_f2_0317,2,Breast,Neoplastic,"In the Breast specimen, label neoplastic.",317
pannuke_f2_0318,2,Breast,Neoplastic,Mark visible neoplastic structures.,318
pannuke_f2_0319,2,Breast,Neoplastic,Segmentation target: neoplastic.,319
pannuke_f2_0320,2,Breast,Neoplastic,Identify parenchymal neoplastic.,320
pannuke_f2_0321,2,Breast,Neoplastic;Connective_Soft_tissue,Mark neoplastic and connective soft tissue in this biopsy sample.,321
pannuke_f2_0322,2,Breast,Neoplastic,Show me neoplastic cells.,322
pannuke_f2_0323,2,Breast,Neoplastic,Segment clusters of neoplastic.,323
pannuke_f2_0324,2,Breast,Inflammatory;Connective_Soft_tissue,Segment the inflammatory and connective soft tissue distribution.,324
pannuke_f2_0325,2,Breast,Inflammatory;Connective_Soft_tissue,Segment only inflammatory and connective soft tissue.,325
pannuke_f2_0326,2,Breast,Inflammatory;Connective_Soft_tissue,Record inflammatory and connective soft tissue regions in Breast.,326
pannuke_f2_0327,2,Breast,Inflammatory;Connective_Soft_tissue,Mark inflammatory and connective soft tissue cytological features.,327
pannuke_f2_0328,2,Breast,Inflammatory;Connective_Soft_tissue,Highlight all inflammatory and connective soft tissue cells.,328
pannuke_f2_0329,2,Breast,Neoplastic;Inflammatory;Connective_Soft_tissue,"Note neoplastic, inflammatory and connective soft tissue presence in Breast tissue.",329
pannuke_f2_0330,2,Breast,Neoplastic;Inflammatory;Connective_Soft_tissue,"Separate neoplastic, inflammatory and connective soft tissue from other tissue.",330
pannuke_f2_0331,2,Breast,Neoplastic;Inflammatory;Connective_Soft_tissue,"Segment the neoplastic, inflammatory and connective soft tissue infiltration.",331
pannuke_f2_0332,2,Breast,Neoplastic;Inflammatory;Connective_Soft_tissue,"Segment sites of neoplastic, inflammatory and connective soft tissue.",332
pannuke_f2_0333,2,Breast,Neoplastic,Provide mask for neoplastic.,333
pannuke_f2_0334,2,Breast,Neoplastic,Segment the neoplastic in this tissue sample.,334
pannuke_f2_0335,2,Breast,Neoplastic,Mark neoplastic ensuring complete coverage of affected areas.,335
pannuke_f2_0336,2,Breast,Neoplastic,Mark neoplastic cytoplasmic features.,336
pannuke_f2_0337,2,Breast,Neoplastic,Segment present neoplastic cells.,337
pannuke_f2_0338,2,Breast,Neoplastic,Circle all neoplastic areas.,338
pannuke_f2_0339,2,Breast,Inflammatory;Connective_Soft_tissue,inflammatory and connective soft tissue is present in this slide. Segment it.,339
pannuke_f2_0340,2,Breast,Neoplastic;Inflammatory;Connective_Soft_tissue,"Determine neoplastic, inflammatory and connective soft tissue presence.",340
pannuke_f2_0341,2,Breast,Neoplastic;Inflammatory;Connective_Soft_tissue,"Delineate present neoplastic, inflammatory and connective soft tissue tissue.",341
pannuke_f2_0342,2,Breast,Neoplastic;Connective_Soft_tissue,Produce a detailed outline of neoplastic and connective soft tissue structures.,342
pannuke_f2_0343,2,Breast,Neoplastic;Connective_Soft_tissue,Highlight neoplastic and connective soft tissue cellular characteristics.,343
pannuke_f2_0344,2,Breast,Neoplastic;Inflammatory;Connective_Soft_tissue,"Identify neoplastic, inflammatory and connective soft tissue including all visible instances.",344
pannuke_f2_0345,2,Breast,Neoplastic;Connective_Soft_tissue,Mark neoplastic and connective soft tissue ensuring complete coverage of affected areas.,345
pannuke_f2_0346,2,Breast,Neoplastic;Inflammatory;Connective_Soft_tissue,"Identify visible neoplastic, inflammatory and connective soft tissue areas.",346
pannuke_f2_0347,2,Breast,Neoplastic;Inflammatory;Connective_Soft_tissue,"Delineate visible neoplastic, inflammatory and connective soft tissue tissue.",347
pannuke_f2_0348,2,Breast,Neoplastic;Connective_Soft_tissue,Which parts have neoplastic and connective soft tissue?,348
pannuke_f2_0349,2,Breast,Neoplastic;Inflammatory;Connective_Soft_tissue,"Segment the neoplastic, inflammatory and connective soft tissue tissue regions.",349
pannuke_f2_0350,2,Breast,Neoplastic;Inflammatory;Connective_Soft_tissue,"Annotate neoplastic, inflammatory and connective soft tissue cells.",350
pannuke_f2_0351,2,Breast,Neoplastic;Connective_Soft_tissue,Identify only neoplastic and connective soft tissue cells.,351
pannuke_f2_0352,2,Breast,Neoplastic;Connective_Soft_tissue,Assignment: segment neoplastic and connective soft tissue tissue.,352
pannuke_f2_0353,2,Breast,Neoplastic;Connective_Soft_tissue,Highlight all neoplastic and connective soft tissue areas.,353
pannuke_f2_0354,2,Breast,Neoplastic;Inflammatory;Connective_Soft_tissue,"Identify visible neoplastic, inflammatory and connective soft tissue cells.",354
pannuke_f2_0355,2,Breast,Neoplastic;Connective_Soft_tissue,Discern all neoplastic and connective soft tissue areas.,355
pannuke_f2_0356,2,Breast,Neoplastic;Connective_Soft_tissue,Mark the neoplastic and connective soft tissue tissue compartment.,356
pannuke_f2_0357,2,Breast,Neoplastic;Connective_Soft_tissue,Identify visible neoplastic and connective soft tissue tissue.,357
pannuke_f2_0358,2,Breast,Neoplastic;Inflammatory;Connective_Soft_tissue,"Define neoplastic, inflammatory and connective soft tissue extent.",358
pannuke_f2_0359,2,Breast,Neoplastic;Connective_Soft_tissue,Delineate the neoplastic and connective soft tissue regions.,359
pannuke_f2_0360,2,Breast,Neoplastic,"In this Breast tissue, segment neoplastic.",360
pannuke_f2_0361,2,Breast,Neoplastic;Connective_Soft_tissue,Identify present neoplastic and connective soft tissue areas.,361
pannuke_f2_0362,2,Breast,Neoplastic;Inflammatory;Connective_Soft_tissue,"Target neoplastic, inflammatory and connective soft tissue regions.",362
pannuke_f2_0363,2,Breast,Neoplastic;Connective_Soft_tissue,Indicate the neoplastic and connective soft tissue regions.,363
pannuke_f2_0364,2,Breast,Neoplastic;Inflammatory;Connective_Soft_tissue,"Mark neoplastic, inflammatory and connective soft tissue lesion areas.",364
pannuke_f2_0365,2,Breast,Neoplastic;Inflammatory;Connective_Soft_tissue,"Segment only neoplastic, inflammatory and connective soft tissue.",365
pannuke_f2_0366,2,Breast,Neoplastic;Connective_Soft_tissue,Segment neoplastic and connective soft tissue cellular composition.,366
pannuke_f2_0367,2,Breast,Neoplastic;Connective_Soft_tissue,"Viewing this section, segment neoplastic and connective soft tissue.",367
pannuke_f2_0368,2,Breast,Neoplastic;Inflammatory;Connective_Soft_tissue,"Outline the neoplastic, inflammatory and connective soft tissue boundaries.",368
pannuke_f2_0369,2,Breast,Neoplastic;Inflammatory;Connective_Soft_tissue,"Draw around neoplastic, inflammatory and connective soft tissue.",369
pannuke_f2_0370,2,Breast,Neoplastic;Inflammatory;Connective_Soft_tissue,"Identify neoplastic, inflammatory and connective soft tissue in the tissue microenvironment.",370
pannuke_f2_0371,2,Breast,Neoplastic;Inflammatory;Connective_Soft_tissue,"Highlight the neoplastic, inflammatory and connective soft tissue regions.",371
pannuke_f2_0372,2,Breast,Neoplastic;Inflammatory;Connective_Soft_tissue,"Outline the neoplastic, inflammatory and connective soft tissue regions.",372
pannuke_f2_0373,2,Breast,Neoplastic;Inflammatory;Connective_Soft_tissue,"Which structures are neoplastic, inflammatory and connective soft tissue?",373
pannuke_f2_0374,2,Breast,Inflammatory;Connective_Soft_tissue,Highlight the inflammatory and connective soft tissue regions.,374
pannuke_f2_0375,2,Breast,Neoplastic;Inflammatory;Connective_Soft_tissue,"Note neoplastic, inflammatory and connective soft tissue presence in Breast tissue.",375
pannuke_f2_0376,2,Breast,Neoplastic;Inflammatory;Connective_Soft_tissue,"Recognize the neoplastic, inflammatory and connective soft tissue regions.",376
pannuke_f2_0377,2,Breast,Neoplastic;Inflammatory;Connective_Soft_tissue,"neoplastic, inflammatory and connective soft tissue appears in this image. Segment all instances.",377
pannuke_f2_0378,2,Breast,Neoplastic;Connective_Soft_tissue,Mark present neoplastic and connective soft tissue structures.,378
pannuke_f2_0379,2,Breast,Neoplastic;Inflammatory,Recognize neoplastic and inflammatory in Breast pathology.,379
pannuke_f2_0380,2,Breast,Neoplastic;Connective_Soft_tissue,This section has neoplastic and connective soft tissue. Locate and mark.,380
pannuke_f2_0381,2,Breast,Neoplastic;Inflammatory,Identify the neoplastic and inflammatory microenvironment.,381
pannuke_f2_0382,2,Breast,Inflammatory;Connective_Soft_tissue,Identify present inflammatory and connective soft tissue structures.,382
pannuke_f2_0383,2,Breast,Connective_Soft_tissue,Where is the connective soft tissue in this image?,383
pannuke_f2_0384,2,Breast,Inflammatory;Connective_Soft_tissue,Create an accurate segmentation of inflammatory and connective soft tissue areas.,384
pannuke_f2_0385,2,Breast,Neoplastic;Connective_Soft_tissue,Highlight neoplastic and connective soft tissue cells.,385
pannuke_f2_0386,2,Breast,Inflammatory;Connective_Soft_tissue,Segment inflammatory and connective soft tissue in the Breast section.,386
pannuke_f2_0387,2,Breast,Neoplastic,"Reviewing this image, delineate neoplastic boundaries.",387
pannuke_f2_0388,2,Breast,Neoplastic;Inflammatory;Connective_Soft_tissue,"Segment the neoplastic, inflammatory and connective soft tissue regions.",388
pannuke_f2_0389,2,Breast,Neoplastic;Connective_Soft_tissue,Partition neoplastic and connective soft tissue areas.,389
pannuke_f2_0390,2,Breast,Inflammatory;Connective_Soft_tissue,Annotate inflammatory and connective soft tissue in Breast microscopy.,390
pannuke_f2_0391,2,Breast,Neoplastic;Inflammatory;Connective_Soft_tissue,"Can you find neoplastic, inflammatory and connective soft tissue?",391
pannuke_f2_0392,2,Breast,Neoplastic;Inflammatory;Connective_Soft_tissue,"Note neoplastic, inflammatory and connective soft tissue presence in Breast tissue.",392
pannuke_f2_0393,2,Breast,Neoplastic;Connective_Soft_tissue,Accurately identify and mark all neoplastic and connective soft tissue areas present in the slide.,393
pannuke_f2_0394,2,Breast,Neoplastic;Inflammatory;Connective_Soft_tissue,"Provide neoplastic, inflammatory and connective soft tissue segmentation.",394
pannuke_f2_0395,2,Breast,Neoplastic;Inflammatory;Connective_Soft_tissue,"Outline the neoplastic, inflammatory and connective soft tissue regions.",395
pannuke_f2_0396,2,Breast,Neoplastic;Inflammatory;Connective_Soft_tissue,"Identify all neoplastic, inflammatory and connective soft tissue areas.",396
pannuke_f2_0397,2,Breast,Neoplastic;Inflammatory;Connective_Soft_tissue,"You must mark neoplastic, inflammatory and connective soft tissue regions.",397
pannuke_f2_0398,2,Breast,Neoplastic;Inflammatory;Connective_Soft_tissue,"In this Breast tissue, segment neoplastic, inflammatory and connective soft tissue.",398
pannuke_f2_0399,2,Breast,Neoplastic;Connective_Soft_tissue,Please find neoplastic and connective soft tissue.,399
pannuke_f2_0400,2,Breast,Neoplastic;Inflammatory;Connective_Soft_tissue,"Please find neoplastic, inflammatory and connective soft tissue.",400
pannuke_f2_0401,2,Breast,Neoplastic;Inflammatory;Connective_Soft_tissue,"Outline the neoplastic, inflammatory and connective soft tissue regions.",401
pannuke_f2_0402,2,Breast,Neoplastic;Connective_Soft_tissue,Target class: neoplastic and connective soft tissue.,402
pannuke_f2_0403,2,Breast,Neoplastic;Inflammatory;Connective_Soft_tissue,"Locate visible neoplastic, inflammatory and connective soft tissue.",403
pannuke_f2_0404,2,Breast,Neoplastic;Connective_Soft_tissue,Segment neoplastic and connective soft tissue elements.,404
pannuke_f2_0405,2,Breast,Neoplastic;Inflammatory;Connective_Soft_tissue,"Can you find neoplastic, inflammatory and connective soft tissue?",405
pannuke_f2_0406,2,Breast,Neoplastic;Inflammatory;Connective_Soft_tissue,"Show me neoplastic, inflammatory and connective soft tissue cells.",406
pannuke_f2_0407,2,Breast,Neoplastic;Connective_Soft_tissue,Identify histological regions showing neoplastic and connective soft tissue.,407
pannuke_f2_0408,2,Breast,Neoplastic;Inflammatory;Connective_Soft_tissue,"Segment present neoplastic, inflammatory and connective soft tissue structures.",408
pannuke_f2_0409,2,Breast,Neoplastic;Inflammatory;Connective_Soft_tissue,"Please segment neoplastic, inflammatory and connective soft tissue.",409
pannuke_f2_0410,2,Breast,Neoplastic;Inflammatory;Connective_Soft_tissue,"Plot neoplastic, inflammatory and connective soft tissue locations.",410
pannuke_f2_0411,2,Breast,Neoplastic;Inflammatory;Connective_Soft_tissue,"Locate visible neoplastic, inflammatory and connective soft tissue.",411
pannuke_f2_0412,2,Breast,Neoplastic;Connective_Soft_tissue,Delineate the neoplastic and connective soft tissue tissue.,412
pannuke_f2_0413,2,Breast,Neoplastic;Inflammatory;Connective_Soft_tissue,"Highlight neoplastic, inflammatory and connective soft tissue cellular characteristics.",413
pannuke_f2_0414,2,Breast,Neoplastic;Inflammatory;Connective_Soft_tissue,"Identify visible neoplastic, inflammatory and connective soft tissue tissue.",414
pannuke_f2_0415,2,Breast,Inflammatory;Connective_Soft_tissue,Pay attention to inflammatory and connective soft tissue areas.,415
pannuke_f2_0416,2,Breast,Neoplastic;Inflammatory;Connective_Soft_tissue,"Identify all neoplastic, inflammatory and connective soft tissue structures.",416
pannuke_f2_0417,2,Breast,Neoplastic;Connective_Soft_tissue,Create mask for neoplastic and connective soft tissue.,417
pannuke_f2_0418,2,Breast,Connective_Soft_tissue,Segment the connective soft tissue in this tissue sample.,418
pannuke_f2_0419,2,Breast,Neoplastic;Inflammatory;Connective_Soft_tissue,"Identify all neoplastic, inflammatory and connective soft tissue structures.",419
pannuke_f2_0420,2,Breast,Neoplastic;Inflammatory;Connective_Soft_tissue,"Annotate neoplastic, inflammatory and connective soft tissue histological patterns.",420
pannuke_f2_0421,2,Breast,Neoplastic;Inflammatory;Connective_Soft_tissue,"Trace neoplastic, inflammatory and connective soft tissue margins.",421
pannuke_f2_0422,2,Breast,Inflammatory;Connective_Soft_tissue,Target class: inflammatory and connective soft tissue.,422
pannuke_f2_0423,2,Breast,Neoplastic;Inflammatory;Connective_Soft_tissue,"Segment neoplastic, inflammatory and connective soft tissue membrane patterns.",423
pannuke_f2_0424,2,Breast,Connective_Soft_tissue,Distinguish visible connective soft tissue.,424
pannuke_f2_0425,2,Breast,Neoplastic;Inflammatory;Connective_Soft_tissue,"Determine neoplastic, inflammatory and connective soft tissue presence.",425
pannuke_f2_0426,2,Breast,Neoplastic;Connective_Soft_tissue,Identify visible neoplastic and connective soft tissue cells.,426
pannuke_f2_0427,2,Breast,Neoplastic;Inflammatory;Connective_Soft_tissue,"Delineate all neoplastic, inflammatory and connective soft tissue tissue.",427
pannuke_f2_0428,2,Breast,Neoplastic;Connective_Soft_tissue,Find neoplastic and connective soft tissue in this Breast sample.,428
pannuke_f2_0429,2,Breast,Neoplastic;Inflammatory;Connective_Soft_tissue,"Segment neoplastic, inflammatory and connective soft tissue areas in this slide.",429
pannuke_f2_0430,2,Breast,Neoplastic;Connective_Soft_tissue,Define neoplastic and connective soft tissue regions.,430
pannuke_f2_0431,2,Breast,Neoplastic;Inflammatory;Connective_Soft_tissue,"Delineate visible neoplastic, inflammatory and connective soft tissue tissue.",431
pannuke_f2_0432,2,Breast,Neoplastic;Inflammatory;Connective_Soft_tissue,"Segment the neoplastic, inflammatory and connective soft tissue regions.",432
pannuke_f2_0433,2,Breast,Neoplastic;Connective_Soft_tissue,Segment the neoplastic and connective soft tissue with attention to boundary precision.,433
pannuke_f2_0434,2,Breast,Neoplastic;Inflammatory;Connective_Soft_tissue,"Extract neoplastic, inflammatory and connective soft tissue regions from this image.",434
pannuke_f2_0435,2,Breast,Inflammatory;Connective_Soft_tissue,Provide inflammatory and connective soft tissue segmentation.,435
pannuke_f2_0436,2,Breast,Inflammatory;Connective_Soft_tissue,Segment inflammatory and connective soft tissue tissue.,436
pannuke_f2_0437,2,Breast,Inflammatory;Connective_Soft_tissue,Identify all inflammatory and connective soft tissue areas.,437
pannuke_f2_0438,2,Breast,Neoplastic;Inflammatory;Connective_Soft_tissue,"Segment visible neoplastic, inflammatory and connective soft tissue tissue.",438
pannuke_f2_0439,2,Breast,Inflammatory;Connective_Soft_tissue,Draw around inflammatory and connective soft tissue.,439
pannuke_f2_0440,2,Breast,Neoplastic;Inflammatory;Connective_Soft_tissue,"Create mask for neoplastic, inflammatory and connective soft tissue.",440
pannuke_f2_0441,2,Breast,Neoplastic;Inflammatory;Connective_Soft_tissue,"Find the neoplastic, inflammatory and connective soft tissue regions.",441
pannuke_f2_0442,2,Breast,Neoplastic;Inflammatory;Connective_Soft_tissue,"Mark only neoplastic, inflammatory and connective soft tissue regions.",442
pannuke_f2_0443,2,Breast,Neoplastic;Connective_Soft_tissue,Consider only neoplastic and connective soft tissue areas.,443
pannuke_f2_0444,2,Breast,Neoplastic;Inflammatory;Connective_Soft_tissue,"Sketch neoplastic, inflammatory and connective soft tissue regions.",444
pannuke_f2_0445,2,Breast,Inflammatory;Connective_Soft_tissue,The sample contains inflammatory and connective soft tissue. Delineate the regions.,445
pannuke_f2_0446,2,Breast,Neoplastic;Inflammatory;Connective_Soft_tissue,"Partition neoplastic, inflammatory and connective soft tissue areas.",446
pannuke_f2_0447,2,Breast,Neoplastic;Inflammatory;Connective_Soft_tissue,"Annotate neoplastic, inflammatory and connective soft tissue in Breast microscopy.",447
pannuke_f2_0448,2,Breast,Neoplastic;Inflammatory;Connective_Soft_tissue,"Segment neoplastic, inflammatory and connective soft tissue for quantitative analysis.",448
pannuke_f2_0449,2,Breast,Neoplastic;Inflammatory;Connective_Soft_tissue,"Recognize neoplastic, inflammatory and connective soft tissue cells.",449
pannuke_f2_0450,2,Breast,Neoplastic;Inflammatory;Connective_Soft_tissue,"Highlight visible neoplastic, inflammatory and connective soft tissue regions.",450
pannuke_f2_0451,2,Breast,Neoplastic;Connective_Soft_tissue,Annotate neoplastic and connective soft tissue histological patterns.,451
pannuke_f2_0452,2,Breast,Inflammatory;Connective_Soft_tissue,Segment locations of inflammatory and connective soft tissue.,452
pannuke_f2_0453,2,Breast,Neoplastic;Connective_Soft_tissue,Focus solely on neoplastic and connective soft tissue.,453
pannuke_f2_0454,2,Breast,Neoplastic;Inflammatory,Segment present neoplastic and inflammatory regions.,454
pannuke_f2_0455,2,Breast,Neoplastic;Inflammatory;Connective_Soft_tissue,"Identify neoplastic, inflammatory and connective soft tissue for diagnostic purposes.",455
pannuke_f2_0456,2,Breast,Neoplastic;Inflammatory;Connective_Soft_tissue,"Recognize visible neoplastic, inflammatory and connective soft tissue.",456
pannuke_f2_0457,2,Breast,Neoplastic;Inflammatory;Connective_Soft_tissue,"Highlight all neoplastic, inflammatory and connective soft tissue regions.",457
pannuke_f2_0458,2,Breast,Neoplastic;Connective_Soft_tissue,Segment neoplastic and connective soft tissue to enable cell counting.,458
pannuke_f2_0459,2,Breast,Neoplastic;Connective_Soft_tissue,Segment extent of neoplastic and connective soft tissue.,459
pannuke_f2_0460,2,Breast,Neoplastic;Inflammatory;Connective_Soft_tissue,"Chart neoplastic, inflammatory and connective soft tissue presence.",460
pannuke_f2_0461,2,Breast,Neoplastic;Inflammatory;Connective_Soft_tissue,"Mark all neoplastic, inflammatory and connective soft tissue structures.",461
pannuke_f2_0462,2,Breast,Neoplastic;Inflammatory;Connective_Soft_tissue,"neoplastic, inflammatory and connective soft tissue is evident. Highlight the areas.",462
pannuke_f2_0463,2,Breast,Neoplastic;Inflammatory;Connective_Soft_tissue,"Segment the neoplastic, inflammatory and connective soft tissue sections.",463
pannuke_f2_0464,2,Breast,Neoplastic;Inflammatory;Connective_Soft_tissue,"Required: neoplastic, inflammatory and connective soft tissue segmentation.",464
pannuke_f2_0465,2,Breast,Neoplastic;Connective_Soft_tissue,Can you mark neoplastic and connective soft tissue?,465
pannuke_f2_0466,2,Breast,Neoplastic;Inflammatory;Connective_Soft_tissue,"Map neoplastic, inflammatory and connective soft tissue distribution in Breast.",466
pannuke_f2_0467,2,Breast,Neoplastic;Inflammatory;Connective_Soft_tissue,"This section has neoplastic, inflammatory and connective soft tissue. Locate and mark.",467
pannuke_f2_0468,2,Breast,Inflammatory;Connective_Soft_tissue,Identify all inflammatory and connective soft tissue areas.,468
pannuke_f2_0469,2,Breast,Neoplastic;Inflammatory;Connective_Soft_tissue,"Segment all neoplastic, inflammatory and connective soft tissue in the field.",469
pannuke_f2_0470,2,Breast,Neoplastic;Connective_Soft_tissue,Highlight neoplastic and connective soft tissue in this Breast slide.,470
pannuke_f2_0471,2,Breast,Neoplastic;Inflammatory;Connective_Soft_tissue,"Segment tissue showing neoplastic, inflammatory and connective soft tissue.",471
pannuke_f2_0472,2,Breast,Neoplastic;Inflammatory,Review this Breast slide and identify neoplastic and inflammatory.,472
pannuke_f2_0473,2,Breast,Neoplastic;Connective_Soft_tissue,Label neoplastic and connective soft tissue in this Breast section.,473
pannuke_f2_0474,2,Breast,Neoplastic,Identify neoplastic tissue regions.,474
pannuke_f2_0475,2,Breast,Neoplastic,Pinpoint visible neoplastic.,475
pannuke_f2_0476,2,Breast,Neoplastic,Mark all neoplastic tissue.,476
pannuke_f2_0477,2,Breast,Neoplastic;Inflammatory;Connective_Soft_tissue,"In the Breast specimen, label neoplastic, inflammatory and connective soft tissue.",477
pannuke_f2_0478,2,Breast,Neoplastic;Inflammatory;Connective_Soft_tissue,"Segment the entire neoplastic, inflammatory and connective soft tissue population.",478
pannuke_f2_0479,2,Breast,Neoplastic;Connective_Soft_tissue,Highlight neoplastic and connective soft tissue in this Breast slide.,479
pannuke_f2_0480,2,Breast,Neoplastic;Inflammatory;Connective_Soft_tissue,"Create segmentation of neoplastic, inflammatory and connective soft tissue.",480
pannuke_f2_0481,2,Breast,Neoplastic;Connective_Soft_tissue,Distinguish all neoplastic and connective soft tissue areas.,481
pannuke_f2_0482,2,Breast,Neoplastic;Connective_Soft_tissue,Segment neoplastic and connective soft tissue diagnostic regions.,482
pannuke_f2_0483,2,Breast,Neoplastic;Connective_Soft_tissue,Segment neoplastic and connective soft tissue to enable cell counting.,483
pannuke_f2_0484,2,Breast,Neoplastic;Inflammatory;Connective_Soft_tissue,"Segment clusters of neoplastic, inflammatory and connective soft tissue.",484
pannuke_f2_0485,2,Breast,Neoplastic;Connective_Soft_tissue,"Within Breast architecture, locate neoplastic and connective soft tissue.",485
pannuke_f2_0486,2,Breast,Inflammatory;Connective_Soft_tissue,Thoroughly segment every instance of inflammatory and connective soft tissue in this microscopy image.,486
pannuke_f2_0487,2,Breast,Neoplastic;Inflammatory;Connective_Soft_tissue,"Identify present neoplastic, inflammatory and connective soft tissue cells.",487
pannuke_f2_0488,2,Breast,Neoplastic;Inflammatory;Connective_Soft_tissue,"Can you identify neoplastic, inflammatory and connective soft tissue?",488
pannuke_f2_0489,2,Breast,Neoplastic;Inflammatory,Map neoplastic and inflammatory locations.,489
pannuke_f2_0490,2,Breast,Neoplastic;Inflammatory,Segment the neoplastic and inflammatory regions.,490
pannuke_f2_0491,2,Breast,Neoplastic,Show me all neoplastic.,491
pannuke_f2_0492,2,Breast,Neoplastic,Detect the neoplastic areas.,492
pannuke_f2_0493,2,Breast,Neoplastic,Delineate the neoplastic tissue.,493
pannuke_f2_0494,2,Breast,Inflammatory;Connective_Soft_tissue,Chart inflammatory and connective soft tissue presence.,494
pannuke_f2_0495,2,Breast,Neoplastic;Inflammatory;Connective_Soft_tissue,"Outline the neoplastic, inflammatory and connective soft tissue boundaries.",495
pannuke_f2_0496,2,Breast,Neoplastic;Connective_Soft_tissue,Look for neoplastic and connective soft tissue in this slide.,496
pannuke_f2_0497,2,Breast,Inflammatory;Connective_Soft_tissue,Separate inflammatory and connective soft tissue cells.,497
pannuke_f2_0498,2,Breast,Inflammatory;Connective_Soft_tissue,Circle visible inflammatory and connective soft tissue.,498
pannuke_f2_0499,2,Breast,Inflammatory;Connective_Soft_tissue,inflammatory and connective soft tissue appears in this image. Segment all instances.,499
pannuke_f2_0500,2,Breast,Neoplastic;Inflammatory;Connective_Soft_tissue,"Locate visible neoplastic, inflammatory and connective soft tissue.",500
pannuke_f2_0501,2,Breast,Neoplastic;Inflammatory;Connective_Soft_tissue,"Chart neoplastic, inflammatory and connective soft tissue distribution.",501
pannuke_f2_0502,2,Breast,Neoplastic;Inflammatory;Connective_Soft_tissue,"neoplastic, inflammatory and connective soft tissue is present in this slide. Segment it.",502
pannuke_f2_0503,2,Breast,Neoplastic;Inflammatory;Connective_Soft_tissue,"Indicate the neoplastic, inflammatory and connective soft tissue tissue.",503
pannuke_f2_0504,2,Breast,Neoplastic;Inflammatory;Connective_Soft_tissue,"Define neoplastic, inflammatory and connective soft tissue boundaries.",504
pannuke_f2_0505,2,Breast,Neoplastic;Inflammatory;Connective_Soft_tissue,"Segment neoplastic, inflammatory and connective soft tissue in relation to stroma.",505
pannuke_f2_0506,2,Breast,Neoplastic;Inflammatory;Connective_Soft_tissue,"Within Breast tissue, annotate neoplastic, inflammatory and connective soft tissue.",506
pannuke_f2_0507,2,Breast,Neoplastic;Inflammatory;Connective_Soft_tissue,"Segment regions with neoplastic, inflammatory and connective soft tissue.",507
pannuke_f2_0508,2,Breast,Neoplastic;Inflammatory;Connective_Soft_tissue,"Spot the neoplastic, inflammatory and connective soft tissue regions.",508
pannuke_f2_0509,2,Breast,Neoplastic;Inflammatory;Connective_Soft_tissue,"Create an accurate segmentation of neoplastic, inflammatory and connective soft tissue areas.",509
pannuke_f2_0510,2,Breast,Neoplastic;Inflammatory;Connective_Soft_tissue,"Mark all neoplastic, inflammatory and connective soft tissue tissue.",510
pannuke_f2_0511,2,Breast,Neoplastic;Inflammatory;Connective_Soft_tissue,"Segment present neoplastic, inflammatory and connective soft tissue tissue.",511
pannuke_f2_0512,2,Breast,Neoplastic,Identify all neoplastic areas.,512
pannuke_f2_0513,2,Breast,Neoplastic;Inflammatory;Connective_Soft_tissue,"Detect all neoplastic, inflammatory and connective soft tissue cells.",513
pannuke_f2_0514,2,Breast,Neoplastic;Inflammatory;Connective_Soft_tissue,"Segment neoplastic, inflammatory and connective soft tissue phenotypic features.",514
pannuke_f2_0515,2,Breast,Neoplastic;Inflammatory;Connective_Soft_tissue,"In the Breast specimen, label neoplastic, inflammatory and connective soft tissue.",515
pannuke_f2_0516,2,Breast,Inflammatory;Connective_Soft_tissue,inflammatory and connective soft tissue is evident. Highlight the areas.,516
pannuke_f2_0517,2,Breast,Neoplastic;Inflammatory;Connective_Soft_tissue,"What regions contain neoplastic, inflammatory and connective soft tissue?",517
pannuke_f2_0518,2,Breast,Neoplastic;Inflammatory;Connective_Soft_tissue,"Look for neoplastic, inflammatory and connective soft tissue in this slide.",518
pannuke_f2_0519,2,Breast,Neoplastic;Inflammatory;Connective_Soft_tissue,"Which regions show neoplastic, inflammatory and connective soft tissue?",519
pannuke_f2_0520,2,Breast,Neoplastic;Inflammatory;Connective_Soft_tissue,"Highlight present neoplastic, inflammatory and connective soft tissue tissue.",520
pannuke_f2_0521,2,Breast,Inflammatory;Connective_Soft_tissue,Identify all inflammatory and connective soft tissue structures.,521
pannuke_f2_0522,2,Breast,Inflammatory;Connective_Soft_tissue,Label inflammatory and connective soft tissue cells.,522
pannuke_f2_0523,2,Breast,Inflammatory;Connective_Soft_tissue;Epithelial,"Note inflammatory, connective soft tissue and epithelial presence in Breast tissue.",523
pannuke_f2_0524,2,Breast,Epithelial,Segment epithelial in the tissue matrix.,524
pannuke_f2_0525,2,Breast,Inflammatory;Epithelial,Highlight present inflammatory and epithelial structures.,525
pannuke_f2_0526,2,Breast,Inflammatory;Connective_Soft_tissue;Epithelial,"Across the Breast section, segment inflammatory, connective soft tissue and epithelial.",526
pannuke_f2_0527,2,Breast,Connective_Soft_tissue;Epithelial,Segment connective soft tissue and epithelial cellular composition.,527
pannuke_f2_0528,2,Breast,Inflammatory;Connective_Soft_tissue;Epithelial,"Highlight all inflammatory, connective soft tissue and epithelial cells.",528
pannuke_f2_0529,2,Breast,Inflammatory;Connective_Soft_tissue;Epithelial,"Label visible inflammatory, connective soft tissue and epithelial.",529
pannuke_f2_0530,2,Breast,Inflammatory;Connective_Soft_tissue;Epithelial,"Mark all inflammatory, connective soft tissue and epithelial areas.",530
pannuke_f2_0531,2,Breast,Epithelial,Mark epithelial ensuring complete coverage of affected areas.,531
pannuke_f2_0532,2,Breast,Inflammatory;Connective_Soft_tissue;Epithelial,"Segment the inflammatory, connective soft tissue and epithelial histological features.",532
pannuke_f2_0533,2,Breast,Neoplastic,Delineate all neoplastic areas.,533
pannuke_f2_0534,2,Breast,Neoplastic,Thoroughly segment every instance of neoplastic in this microscopy image.,534
pannuke_f2_0535,2,Breast,Neoplastic;Connective_Soft_tissue,Delineate visible neoplastic and connective soft tissue regions.,535
pannuke_f2_0536,2,Breast,Neoplastic;Inflammatory,Mark neoplastic and inflammatory structures in Breast.,536
pannuke_f2_0537,2,Breast,Neoplastic;Inflammatory,Circle neoplastic and inflammatory cells.,537
pannuke_f2_0538,2,Breast,Inflammatory;Connective_Soft_tissue,Segment inflammatory and connective soft tissue cellular composition.,538
pannuke_f2_0539,2,Breast,Neoplastic,Define neoplastic boundaries.,539
pannuke_f2_0540,2,Breast,Neoplastic;Connective_Soft_tissue,Create mask for neoplastic and connective soft tissue.,540
pannuke_f2_0541,2,Breast,Neoplastic;Inflammatory,Highlight visible neoplastic and inflammatory tissue.,541
pannuke_f2_0542,2,Breast,Connective_Soft_tissue,Mark present connective soft tissue cells.,542
pannuke_f2_0543,2,Breast,Neoplastic,"Given this Breast sample, mark neoplastic regions.",543
pannuke_f2_0544,2,Breast,,,544
pannuke_f2_0545,2,Breast,Connective_Soft_tissue,Highlight connective soft tissue in this Breast slide.,545
pannuke_f2_0546,2,Breast,Neoplastic,Identify the neoplastic microenvironment.,546
pannuke_f2_0547,2,Breast,Neoplastic,Output neoplastic regions.,547
pannuke_f2_0548,2,Breast,Connective_Soft_tissue,Identify connective soft tissue in this histology section.,548
pannuke_f2_0549,2,Breast,Neoplastic,Recognize all neoplastic areas.,549
pannuke_f2_0550,2,Breast,Neoplastic;Inflammatory;Connective_Soft_tissue,"Output neoplastic, inflammatory and connective soft tissue regions.",550
pannuke_f2_0551,2,Breast,Neoplastic,Delineate present neoplastic cells.,551
pannuke_f2_0552,2,Breast,Neoplastic;Inflammatory;Connective_Soft_tissue,"Delineate visible neoplastic, inflammatory and connective soft tissue regions.",552
pannuke_f2_0553,2,Breast,Neoplastic;Connective_Soft_tissue,Mark present neoplastic and connective soft tissue tissue.,553
pannuke_f2_0554,2,Breast,Neoplastic;Connective_Soft_tissue,What regions contain neoplastic and connective soft tissue?,554
pannuke_f2_0555,2,Breast,Neoplastic;Connective_Soft_tissue,Indicate the neoplastic and connective soft tissue regions.,555
pannuke_f2_0556,2,Breast,Neoplastic;Connective_Soft_tissue,Identify neoplastic and connective soft tissue tissue regions.,556
pannuke_f2_0557,2,Breast,Neoplastic,Identify all neoplastic tissue.,557
pannuke_f2_0558,2,Breast,Neoplastic,"In this Breast tissue, segment neoplastic.",558
pannuke_f2_0559,2,Breast,Neoplastic;Inflammatory,Discern visible neoplastic and inflammatory.,559
pannuke_f2_0560,2,Breast,Neoplastic;Connective_Soft_tissue,neoplastic and connective soft tissue is evident. Highlight the areas.,560
pannuke_f2_0561,2,Breast,Neoplastic;Connective_Soft_tissue,Highlight present neoplastic and connective soft tissue regions.,561
pannuke_f2_0562,2,Breast,Connective_Soft_tissue,Extract connective soft tissue regions from this image.,562
pannuke_f2_0563,2,Breast,Neoplastic;Connective_Soft_tissue,Pinpoint the neoplastic and connective soft tissue regions.,563
pannuke_f2_0564,2,Breast,Neoplastic;Connective_Soft_tissue,Mark visible neoplastic and connective soft tissue.,564
pannuke_f2_0565,2,Breast,Neoplastic;Inflammatory;Connective_Soft_tissue,"Segment the neoplastic, inflammatory and connective soft tissue histological features.",565
pannuke_f2_0566,2,Breast,Inflammatory;Connective_Soft_tissue,Please highlight inflammatory and connective soft tissue.,566
pannuke_f2_0567,2,Breast,Neoplastic;Inflammatory;Connective_Soft_tissue,"Generate neoplastic, inflammatory and connective soft tissue segmentation.",567
pannuke_f2_0568,2,Breast,Neoplastic;Inflammatory;Connective_Soft_tissue,"Mark all neoplastic, inflammatory and connective soft tissue areas.",568
pannuke_f2_0569,2,Breast,Connective_Soft_tissue;Epithelial,This Breast slide shows connective soft tissue and epithelial. Segment it.,569
pannuke_f2_0570,2,Breast,Inflammatory;Epithelial,"Within the Breast, identify inflammatory and epithelial.",570
pannuke_f2_0571,2,Breast,Inflammatory;Connective_Soft_tissue;Epithelial,"Plot inflammatory, connective soft tissue and epithelial locations.",571
pannuke_f2_0572,2,Breast,Inflammatory;Connective_Soft_tissue;Epithelial,"Locate the inflammatory, connective soft tissue and epithelial regions.",572
pannuke_f2_0573,2,Breast,Inflammatory;Connective_Soft_tissue;Epithelial,"Can you find inflammatory, connective soft tissue and epithelial?",573
pannuke_f2_0574,2,Breast,Inflammatory;Connective_Soft_tissue;Epithelial,"Detect all inflammatory, connective soft tissue and epithelial cells.",574
pannuke_f2_0575,2,Breast,Neoplastic;Inflammatory;Connective_Soft_tissue,"Find visible neoplastic, inflammatory and connective soft tissue.",575
pannuke_f2_0576,2,Breast,Neoplastic;Inflammatory;Connective_Soft_tissue,"Identify only neoplastic, inflammatory and connective soft tissue cells.",576
pannuke_f2_0577,2,Breast,Neoplastic;Inflammatory;Connective_Soft_tissue,"Mark present neoplastic, inflammatory and connective soft tissue areas.",577
pannuke_f2_0578,2,Breast,Neoplastic;Inflammatory;Connective_Soft_tissue,"Label the neoplastic, inflammatory and connective soft tissue tissue.",578
pannuke_f2_0579,2,Breast,Inflammatory;Connective_Soft_tissue,Delineate the inflammatory and connective soft tissue regions.,579
pannuke_f2_0580,2,Breast,Neoplastic;Inflammatory,Segment the neoplastic and inflammatory portions.,580
pannuke_f2_0581,2,Breast,Neoplastic;Inflammatory;Connective_Soft_tissue,"Segment the neoplastic, inflammatory and connective soft tissue portions.",581
pannuke_f2_0582,2,Breast,Neoplastic;Inflammatory;Connective_Soft_tissue,"Thoroughly segment every instance of neoplastic, inflammatory and connective soft tissue in this microscopy image.",582
pannuke_f2_0583,2,Breast,Neoplastic;Inflammatory,Segment neoplastic and inflammatory diagnostic regions.,583
pannuke_f2_0584,2,Breast,Neoplastic;Inflammatory,Segment neoplastic and inflammatory patterns in Breast.,584
pannuke_f2_0585,2,Breast,Neoplastic;Inflammatory;Connective_Soft_tissue,"Segment neoplastic, inflammatory and connective soft tissue for quantitative analysis.",585
pannuke_f2_0586,2,Breast,Neoplastic;Inflammatory,Identify the neoplastic and inflammatory microenvironment.,586
pannuke_f2_0587,2,Breast,Inflammatory;Connective_Soft_tissue,Detect inflammatory and connective soft tissue in Breast histology.,587
pannuke_f2_0588,2,Breast,Neoplastic;Inflammatory;Connective_Soft_tissue,"Indicate the neoplastic, inflammatory and connective soft tissue tissue.",588
pannuke_f2_0589,2,Breast,Inflammatory;Connective_Soft_tissue,Isolate inflammatory and connective soft tissue from background.,589
pannuke_f2_0590,2,Breast,Inflammatory;Connective_Soft_tissue,Indicate all inflammatory and connective soft tissue cells.,590
pannuke_f2_0591,2,Breast,Inflammatory;Connective_Soft_tissue,Segment inflammatory and connective soft tissue for pathological assessment.,591
pannuke_f2_0592,2,Breast,Neoplastic;Inflammatory;Connective_Soft_tissue,"Identify present neoplastic, inflammatory and connective soft tissue cells.",592
pannuke_f2_0593,2,Breast,Inflammatory;Connective_Soft_tissue,Segment present inflammatory and connective soft tissue structures.,593
pannuke_f2_0594,2,Breast,Neoplastic;Inflammatory;Connective_Soft_tissue,"Outline neoplastic, inflammatory and connective soft tissue areas.",594
pannuke_f2_0595,2,Breast,Inflammatory;Connective_Soft_tissue,Segment inflammatory and connective soft tissue in this histology image.,595
pannuke_f2_0596,2,Breast,Inflammatory;Connective_Soft_tissue,Identify the inflammatory and connective soft tissue structures.,596
pannuke_f2_0597,2,Breast,Inflammatory;Connective_Soft_tissue,Draw inflammatory and connective soft tissue outlines.,597
pannuke_f2_0598,2,Breast,Neoplastic;Inflammatory;Connective_Soft_tissue,"Annotate visible neoplastic, inflammatory and connective soft tissue.",598
pannuke_f2_0599,2,Breast,Neoplastic;Inflammatory;Connective_Soft_tissue,"Detect all neoplastic, inflammatory and connective soft tissue cells.",599
pannuke_f2_0600,2,Breast,Neoplastic;Inflammatory;Connective_Soft_tissue,"Find the neoplastic, inflammatory and connective soft tissue regions.",600
pannuke_f2_0601,2,Breast,Neoplastic;Inflammatory;Connective_Soft_tissue,"Show me where neoplastic, inflammatory and connective soft tissue is.",601
pannuke_f2_0602,2,Breast,Inflammatory;Connective_Soft_tissue,Pinpoint the inflammatory and connective soft tissue regions.,602
pannuke_f2_0603,2,Breast,Neoplastic;Inflammatory;Connective_Soft_tissue,"Indicate the neoplastic, inflammatory and connective soft tissue regions.",603
pannuke_f2_0604,2,Breast,Inflammatory;Connective_Soft_tissue,Create segmentation of inflammatory and connective soft tissue.,604
pannuke_f2_0605,2,Breast,Neoplastic;Inflammatory;Connective_Soft_tissue,"Locate visible neoplastic, inflammatory and connective soft tissue.",605
pannuke_f2_0606,2,Breast,Neoplastic;Inflammatory;Connective_Soft_tissue,"Segment visible neoplastic, inflammatory and connective soft tissue structures.",606
pannuke_f2_0607,2,Breast,Neoplastic;Inflammatory;Connective_Soft_tissue,"Segment neoplastic, inflammatory and connective soft tissue in the tumor stroma.",607
pannuke_f2_0608,2,Breast,Neoplastic;Inflammatory;Connective_Soft_tissue,"Define neoplastic, inflammatory and connective soft tissue boundaries.",608
pannuke_f2_0609,2,Breast,Neoplastic;Inflammatory;Connective_Soft_tissue,"Identify neoplastic, inflammatory and connective soft tissue regions in the Breast.",609
pannuke_f2_0610,2,Breast,Neoplastic;Inflammatory;Connective_Soft_tissue,"Segmentation target: neoplastic, inflammatory and connective soft tissue.",610
pannuke_f2_0611,2,Breast,Inflammatory;Connective_Soft_tissue,Mark the inflammatory and connective soft tissue tissue compartment.,611
pannuke_f2_0612,2,Breast,Neoplastic;Connective_Soft_tissue,"In Breast histology, delineate neoplastic and connective soft tissue.",612
pannuke_f2_0613,2,Breast,Neoplastic,Draw around neoplastic.,613
pannuke_f2_0614,2,Breast,Neoplastic,Map neoplastic distribution in Breast.,614
pannuke_f2_0615,2,Breast,Neoplastic,Distinguish the neoplastic regions.,615
pannuke_f2_0616,2,Breast,Neoplastic;Connective_Soft_tissue,Carefully segment all neoplastic and connective soft tissue regions visible in this histopathology image.,616
pannuke_f2_0617,2,Breast,Neoplastic,Segment all neoplastic areas.,617
pannuke_f2_0618,2,Breast,Connective_Soft_tissue;Epithelial,Goal: mark all connective soft tissue and epithelial cells.,618
pannuke_f2_0619,2,Breast,Inflammatory;Connective_Soft_tissue;Epithelial,"Label inflammatory, connective soft tissue and epithelial in this Breast section.",619
pannuke_f2_0620,2,Breast,Inflammatory;Connective_Soft_tissue;Epithelial,"Identify inflammatory, connective soft tissue and epithelial for diagnostic purposes.",620
pannuke_f2_0621,2,Breast,Inflammatory;Connective_Soft_tissue;Epithelial,"Identify the inflammatory, connective soft tissue and epithelial areas.",621
pannuke_f2_0622,2,Breast,Connective_Soft_tissue;Epithelial,"For this Breast sample, mark connective soft tissue and epithelial.",622
pannuke_f2_0623,2,Breast,Connective_Soft_tissue;Epithelial,Mark all connective soft tissue and epithelial tissue.,623
pannuke_f2_0624,2,Breast,Inflammatory;Connective_Soft_tissue;Epithelial,"Isolate inflammatory, connective soft tissue and epithelial cells.",624
pannuke_f2_0625,2,Breast,Connective_Soft_tissue;Epithelial,Identify visible connective soft tissue and epithelial structures.,625
pannuke_f2_0626,2,Breast,Neoplastic,Mark all neoplastic areas.,626
pannuke_f2_0627,2,Breast,Neoplastic,Outline the neoplastic boundaries.,627
pannuke_f2_0628,2,Breast,Neoplastic;Inflammatory;Connective_Soft_tissue,"Delineate the neoplastic, inflammatory and connective soft tissue regions.",628
pannuke_f2_0629,2,Breast,Neoplastic;Inflammatory,Highlight present neoplastic and inflammatory areas.,629
pannuke_f2_0630,2,Breast,Neoplastic;Inflammatory;Connective_Soft_tissue,"Outline neoplastic, inflammatory and connective soft tissue areas.",630
pannuke_f2_0631,2,Breast,Inflammatory;Connective_Soft_tissue,Extract inflammatory and connective soft tissue regions from this image.,631
pannuke_f2_0632,2,Breast,Neoplastic;Inflammatory;Connective_Soft_tissue,"Indicate the neoplastic, inflammatory and connective soft tissue regions.",632
pannuke_f2_0633,2,Breast,Neoplastic;Inflammatory;Connective_Soft_tissue,"Indicate where neoplastic, inflammatory and connective soft tissue is present.",633
pannuke_f2_0634,2,Breast,Neoplastic;Inflammatory;Connective_Soft_tissue,"Point out visible neoplastic, inflammatory and connective soft tissue.",634
pannuke_f2_0635,2,Breast,Inflammatory;Connective_Soft_tissue,Discern visible inflammatory and connective soft tissue.,635
pannuke_f2_0636,2,Breast,Inflammatory;Connective_Soft_tissue,Highlight present inflammatory and connective soft tissue areas.,636
pannuke_f2_0637,2,Breast,Neoplastic;Inflammatory;Connective_Soft_tissue,"Delineate visible neoplastic, inflammatory and connective soft tissue tissue.",637
pannuke_f2_0638,2,Breast,Inflammatory;Connective_Soft_tissue,Circle the inflammatory and connective soft tissue regions.,638
pannuke_f2_0639,2,Breast,Neoplastic;Inflammatory;Connective_Soft_tissue,"Segment the neoplastic, inflammatory and connective soft tissue with attention to boundary precision.",639
pannuke_f2_0640,2,Breast,Inflammatory;Connective_Soft_tissue,Pinpoint the inflammatory and connective soft tissue tissue.,640
pannuke_f2_0641,2,Breast,Neoplastic;Inflammatory;Connective_Soft_tissue,"Which regions show neoplastic, inflammatory and connective soft tissue?",641
pannuke_f2_0642,2,Breast,Neoplastic;Inflammatory;Connective_Soft_tissue,"Delineate all neoplastic, inflammatory and connective soft tissue tissue.",642
pannuke_f2_0643,2,Breast,Inflammatory;Connective_Soft_tissue,Highlight all inflammatory and connective soft tissue cells.,643
pannuke_f2_0644,2,Breast,Neoplastic;Connective_Soft_tissue,Mark neoplastic and connective soft tissue lesion areas.,644
pannuke_f2_0645,2,Breast,Neoplastic;Connective_Soft_tissue,Identify neoplastic and connective soft tissue including all visible instances.,645
pannuke_f2_0646,2,Breast,Neoplastic,Mark visible neoplastic structures.,646
pannuke_f2_0647,2,Breast,Neoplastic;Connective_Soft_tissue,Provide neoplastic and connective soft tissue segmentation.,647
pannuke_f2_0648,2,Breast,Neoplastic;Connective_Soft_tissue,Segment present neoplastic and connective soft tissue tissue.,648
pannuke_f2_0649,2,Breast,Neoplastic;Connective_Soft_tissue,Segment neoplastic and connective soft tissue in this tissue specimen.,649
pannuke_f2_0650,2,Breast,Neoplastic;Inflammatory;Connective_Soft_tissue,"Define neoplastic, inflammatory and connective soft tissue boundaries.",650
pannuke_f2_0651,2,Breast,Neoplastic;Connective_Soft_tissue,Delineate neoplastic and connective soft tissue for clinical evaluation.,651
pannuke_f2_0652,2,Breast,Neoplastic;Connective_Soft_tissue,Map neoplastic and connective soft tissue locations.,652
pannuke_f2_0653,2,Breast,Neoplastic,"From the Breast tissue, extract neoplastic regions.",653
pannuke_f2_0654,2,Breast,Neoplastic;Inflammatory,Show me neoplastic and inflammatory cells.,654
pannuke_f2_0655,2,Breast,Neoplastic;Inflammatory,Delineate visible neoplastic and inflammatory areas.,655
pannuke_f2_0656,2,Breast,Neoplastic;Connective_Soft_tissue,Identify histological regions showing neoplastic and connective soft tissue.,656
pannuke_f2_0657,2,Breast,Neoplastic;Connective_Soft_tissue,Segment neoplastic and connective soft tissue elements.,657
pannuke_f2_0658,2,Breast,Neoplastic;Connective_Soft_tissue,Your task: segment neoplastic and connective soft tissue in this image.,658
pannuke_f2_0659,2,Breast,Connective_Soft_tissue,Mark stromal connective soft tissue regions.,659
pannuke_f2_0660,2,Breast,Inflammatory;Connective_Soft_tissue,Target inflammatory and connective soft tissue cells.,660
pannuke_f2_0661,2,Breast,Neoplastic,Locate the neoplastic regions.,661
pannuke_f2_0662,2,Breast,Neoplastic,Precisely delineate the boundaries of neoplastic cells in this tissue section.,662
pannuke_f2_0663,2,Breast,Neoplastic;Connective_Soft_tissue,Where are the neoplastic and connective soft tissue regions?,663
pannuke_f2_0664,2,Breast,Neoplastic,Segment the neoplastic sections.,664
pannuke_f2_0665,2,Breast,Neoplastic,Mark neoplastic cells in this Breast sample.,665
pannuke_f2_0666,2,Breast,Connective_Soft_tissue,Highlight present connective soft tissue structures.,666
pannuke_f2_0667,2,Breast,Neoplastic;Connective_Soft_tissue,Find and segment neoplastic and connective soft tissue regions.,667
pannuke_f2_0668,2,Breast,Neoplastic;Inflammatory;Connective_Soft_tissue,"Point out all neoplastic, inflammatory and connective soft tissue.",668
pannuke_f2_0669,2,Breast,Inflammatory;Connective_Soft_tissue,This section has inflammatory and connective soft tissue. Locate and mark.,669
pannuke_f2_0670,2,Breast,Neoplastic,This image contains neoplastic. Segment it.,670
pannuke_f2_0671,2,Breast,Neoplastic;Inflammatory;Connective_Soft_tissue,"neoplastic, inflammatory and connective soft tissue appears in this image. Segment all instances.",671
pannuke_f2_0672,2,Breast,Neoplastic;Inflammatory;Connective_Soft_tissue,"Spot the neoplastic, inflammatory and connective soft tissue regions.",672
pannuke_f2_0673,2,Breast,Neoplastic;Connective_Soft_tissue,Highlight visible neoplastic and connective soft tissue structures.,673
pannuke_f2_0674,2,Breast,Neoplastic;Inflammatory;Connective_Soft_tissue,"Looking at this tissue section, identify neoplastic, inflammatory and connective soft tissue.",674
pannuke_f2_0675,2,Breast,Neoplastic,Outline the neoplastic regions.,675
pannuke_f2_0676,2,Breast,Neoplastic;Connective_Soft_tissue,Identify neoplastic and connective soft tissue regions in the Breast.,676
pannuke_f2_0677,2,Colon,Neoplastic;Inflammatory;Connective_Soft_tissue,"From the Colon tissue, extract neoplastic, inflammatory and connective soft tissue regions.",677
pannuke_f2_0678,2,Colon,Inflammatory;Connective_Soft_tissue,"Across the Colon section, segment inflammatory and connective soft tissue.",678
pannuke_f2_0679,2,Colon,,,679
pannuke_f2_0680,2,Colon,,,680
pannuke_f2_0681,2,Colon,Inflammatory;Connective_Soft_tissue,Identify inflammatory and connective soft tissue nuclear characteristics.,681
pannuke_f2_0682,2,Colon,Inflammatory;Connective_Soft_tissue,Show me inflammatory and connective soft tissue cells.,682
pannuke_f2_0683,2,Colon,Inflammatory,Emphasize inflammatory presence.,683
pannuke_f2_0684,2,Colon,Neoplastic;Inflammatory,Identify the neoplastic and inflammatory regions.,684
pannuke_f2_0685,2,Colon,Connective_Soft_tissue,Mark all connective soft tissue regions.,685
pannuke_f2_0686,2,Colon,Inflammatory;Connective_Soft_tissue,Indicate all inflammatory and connective soft tissue cells.,686
pannuke_f2_0687,2,Colon,Inflammatory;Connective_Soft_tissue,Draw around inflammatory and connective soft tissue.,687
pannuke_f2_0688,2,Colon,Inflammatory;Connective_Soft_tissue,Recognize all inflammatory and connective soft tissue areas.,688
pannuke_f2_0689,2,Colon,Inflammatory;Connective_Soft_tissue,inflammatory and connective soft tissue appears in this image. Segment all instances.,689
pannuke_f2_0690,2,Colon,Neoplastic;Inflammatory,Identify all neoplastic and inflammatory cells.,690
pannuke_f2_0691,2,Colon,Neoplastic;Inflammatory,Map the neoplastic and inflammatory regions.,691
pannuke_f2_0692,2,Colon,Neoplastic;Inflammatory,What regions contain neoplastic and inflammatory?,692
pannuke_f2_0693,2,Colon,Neoplastic;Inflammatory;Dead,"Focus solely on neoplastic, inflammatory and dead.",693
pannuke_f2_0694,2,Colon,Neoplastic;Inflammatory;Connective_Soft_tissue,"Outline neoplastic, inflammatory and connective soft tissue cells.",694
pannuke_f2_0695,2,Colon,Neoplastic,This Colon slide shows neoplastic. Segment it.,695
pannuke_f2_0696,2,Colon,Neoplastic;Connective_Soft_tissue,Identify all neoplastic and connective soft tissue regions.,696
pannuke_f2_0697,2,Colon,Neoplastic;Connective_Soft_tissue,This section has neoplastic and connective soft tissue. Locate and mark.,697
pannuke_f2_0698,2,Colon,Connective_Soft_tissue,Target connective soft tissue in this image.,698
pannuke_f2_0699,2,Colon,Neoplastic;Inflammatory;Connective_Soft_tissue,"Isolate neoplastic, inflammatory and connective soft tissue regions.",699
pannuke_f2_0700,2,Colon,Neoplastic;Inflammatory;Connective_Soft_tissue,"Mark neoplastic, inflammatory and connective soft tissue adjacent to epithelium.",700
pannuke_f2_0701,2,Colon,Inflammatory;Connective_Soft_tissue;Dead,"Delineate present inflammatory, connective soft tissue and dead regions.",701
pannuke_f2_0702,2,Colon,Inflammatory;Connective_Soft_tissue,Discern the inflammatory and connective soft tissue from background.,702
pannuke_f2_0703,2,Colon,Neoplastic;Connective_Soft_tissue,Highlight neoplastic and connective soft tissue in this Colon slide.,703
pannuke_f2_0704,2,Colon,Neoplastic;Connective_Soft_tissue,The sample contains neoplastic and connective soft tissue. Delineate the regions.,704
pannuke_f2_0705,2,Colon,Neoplastic;Dead,Generate neoplastic and dead segmentation.,705
pannuke_f2_0706,2,Colon,Neoplastic;Inflammatory;Connective_Soft_tissue,"Segment neoplastic, inflammatory and connective soft tissue in this image.",706
pannuke_f2_0707,2,Colon,Neoplastic;Inflammatory;Dead,"Segment neoplastic, inflammatory and dead in this microscopy image.",707
pannuke_f2_0708,2,Colon,Inflammatory;Connective_Soft_tissue,Pinpoint visible inflammatory and connective soft tissue.,708
pannuke_f2_0709,2,Colon,Connective_Soft_tissue,Outline the connective soft tissue regions.,709
pannuke_f2_0710,2,Colon,Inflammatory;Connective_Soft_tissue,Target inflammatory and connective soft tissue regions.,710
pannuke_f2_0711,2,Colon,Inflammatory;Connective_Soft_tissue,Annotate the inflammatory and connective soft tissue regions.,711
pannuke_f2_0712,2,Colon,Inflammatory;Connective_Soft_tissue,"Within Colon architecture, locate inflammatory and connective soft tissue.",712
pannuke_f2_0713,2,Colon,Inflammatory;Connective_Soft_tissue,Identify inflammatory and connective soft tissue in Colon histology.,713
pannuke_f2_0714,2,Colon,Inflammatory;Connective_Soft_tissue,"From the Colon tissue, extract inflammatory and connective soft tissue regions.",714
pannuke_f2_0715,2,Colon,Inflammatory;Connective_Soft_tissue,Distinguish inflammatory and connective soft tissue cells.,715
pannuke_f2_0716,2,Colon,Inflammatory;Connective_Soft_tissue,Mark cellular inflammatory and connective soft tissue regions.,716
pannuke_f2_0717,2,Colon,Inflammatory;Connective_Soft_tissue,Identify inflammatory and connective soft tissue for diagnostic purposes.,717
pannuke_f2_0718,2,Colon,Inflammatory;Connective_Soft_tissue,Delineate visible inflammatory and connective soft tissue cells.,718
pannuke_f2_0719,2,Colon,Inflammatory;Connective_Soft_tissue,Delineate visible inflammatory and connective soft tissue regions.,719
pannuke_f2_0720,2,Colon,Inflammatory;Connective_Soft_tissue,Target class: inflammatory and connective soft tissue.,720
pannuke_f2_0721,2,Colon,Connective_Soft_tissue,Can you find connective soft tissue?,721
pannuke_f2_0722,2,Colon,Inflammatory;Connective_Soft_tissue,Mark visible inflammatory and connective soft tissue cells.,722
pannuke_f2_0723,2,Colon,Connective_Soft_tissue,Evaluate connective soft tissue areas.,723
pannuke_f2_0724,2,Colon,,,724
pannuke_f2_0725,2,Colon,Inflammatory;Connective_Soft_tissue,Identify the inflammatory and connective soft tissue regions.,725
pannuke_f2_0726,2,Colon,Inflammatory;Connective_Soft_tissue,Segment visible inflammatory and connective soft tissue tissue.,726
pannuke_f2_0727,2,Colon,Inflammatory;Connective_Soft_tissue,Identify the inflammatory and connective soft tissue regions.,727
pannuke_f2_0728,2,Colon,Inflammatory;Connective_Soft_tissue,Segment the inflammatory and connective soft tissue sections.,728
pannuke_f2_0729,2,Colon,Connective_Soft_tissue,Focus solely on connective soft tissue.,729
pannuke_f2_0730,2,Colon,Connective_Soft_tissue,Note connective soft tissue presence in Colon tissue.,730
pannuke_f2_0731,2,Colon,Inflammatory;Connective_Soft_tissue,Point out all inflammatory and connective soft tissue.,731
pannuke_f2_0732,2,Colon,Inflammatory;Connective_Soft_tissue,Outline inflammatory and connective soft tissue architectural patterns.,732
pannuke_f2_0733,2,Colon,Inflammatory;Connective_Soft_tissue,Spot inflammatory and connective soft tissue cells.,733
pannuke_f2_0734,2,Colon,Neoplastic,Where is neoplastic located?,734
pannuke_f2_0735,2,Colon,Neoplastic,Segment visible neoplastic regions.,735
pannuke_f2_0736,2,Colon,Neoplastic;Inflammatory;Connective_Soft_tissue,"Viewing this section, segment neoplastic, inflammatory and connective soft tissue.",736
pannuke_f2_0737,2,Colon,Neoplastic;Inflammatory;Connective_Soft_tissue,"Segment any neoplastic, inflammatory and connective soft tissue present.",737
pannuke_f2_0738,2,Colon,Neoplastic,Analyze this Colon and segment neoplastic.,738
pannuke_f2_0739,2,Colon,Neoplastic,Recognize the neoplastic tissue.,739
pannuke_f2_0740,2,Colon,Neoplastic;Dead,Locate neoplastic and dead in this slide.,740
pannuke_f2_0741,2,Colon,Neoplastic,Mark the neoplastic tissue compartment.,741
pannuke_f2_0742,2,Colon,Neoplastic;Connective_Soft_tissue,Produce a detailed outline of neoplastic and connective soft tissue structures.,742
pannuke_f2_0743,2,Colon,Neoplastic;Connective_Soft_tissue,Identify present neoplastic and connective soft tissue tissue.,743
pannuke_f2_0744,2,Colon,Neoplastic;Inflammatory;Connective_Soft_tissue,"The tissue shows neoplastic, inflammatory and connective soft tissue. Mark the areas.",744
pannuke_f2_0745,2,Colon,Inflammatory;Connective_Soft_tissue,Concentrate on inflammatory and connective soft tissue regions.,745
pannuke_f2_0746,2,Colon,Inflammatory;Connective_Soft_tissue,Delineate visible inflammatory and connective soft tissue structures.,746
pannuke_f2_0747,2,Colon,Inflammatory;Connective_Soft_tissue,Annotate the inflammatory and connective soft tissue regions.,747
pannuke_f2_0748,2,Colon,Inflammatory;Connective_Soft_tissue,Locate all inflammatory and connective soft tissue cells.,748
pannuke_f2_0749,2,Colon,,,749
pannuke_f2_0750,2,Colon,,,750
pannuke_f2_0751,2,Colon,Connective_Soft_tissue,Identify visible connective soft tissue regions.,751
pannuke_f2_0752,2,Colon,,,752
pannuke_f2_0753,2,Colon,,,753
pannuke_f2_0754,2,Colon,Inflammatory;Connective_Soft_tissue,Please highlight inflammatory and connective soft tissue.,754
pannuke_f2_0755,2,Colon,Inflammatory;Connective_Soft_tissue,Segment all inflammatory and connective soft tissue regions.,755
pannuke_f2_0756,2,Colon,Inflammatory;Connective_Soft_tissue,Mark inflammatory and connective soft tissue cytoplasmic features.,756
pannuke_f2_0757,2,Colon,Inflammatory;Connective_Soft_tissue,Point out the inflammatory and connective soft tissue areas.,757
pannuke_f2_0758,2,Colon,Inflammatory;Connective_Soft_tissue,Locate the inflammatory and connective soft tissue areas.,758
pannuke_f2_0759,2,Colon,Inflammatory;Connective_Soft_tissue,Spot the inflammatory and connective soft tissue tissue.,759
pannuke_f2_0760,2,Colon,Inflammatory;Connective_Soft_tissue,Sketch inflammatory and connective soft tissue boundaries.,760
pannuke_f2_0761,2,Colon,Inflammatory;Connective_Soft_tissue,Find inflammatory and connective soft tissue in this image.,761
pannuke_f2_0762,2,Colon,Neoplastic;Inflammatory;Connective_Soft_tissue,"Highlight all neoplastic, inflammatory and connective soft tissue cells.",762
pannuke_f2_0763,2,Colon,Inflammatory;Connective_Soft_tissue,Segmentation target: inflammatory and connective soft tissue.,763
pannuke_f2_0764,2,Colon,Inflammatory;Connective_Soft_tissue,"From this Colon slide, segment inflammatory and connective soft tissue.",764
pannuke_f2_0765,2,Colon,Inflammatory;Connective_Soft_tissue,Delineate the inflammatory and connective soft tissue regions.,765
pannuke_f2_0766,2,Colon,Inflammatory;Connective_Soft_tissue,Delineate all inflammatory and connective soft tissue areas.,766
pannuke_f2_0767,2,Colon,Neoplastic,Draw neoplastic boundaries.,767
pannuke_f2_0768,2,Colon,Neoplastic;Inflammatory;Connective_Soft_tissue,"Segment neoplastic, inflammatory and connective soft tissue in relation to stroma.",768
pannuke_f2_0769,2,Colon,Neoplastic;Connective_Soft_tissue,Determine neoplastic and connective soft tissue location.,769
pannuke_f2_0770,2,Colon,Neoplastic;Inflammatory;Connective_Soft_tissue,"The objective is to mark neoplastic, inflammatory and connective soft tissue.",770
pannuke_f2_0771,2,Lung,Neoplastic,Segment the neoplastic tissue regions.,771
pannuke_f2_0772,2,Lung,Neoplastic;Inflammatory;Connective_Soft_tissue,"Identify all neoplastic, inflammatory and connective soft tissue structures.",772
pannuke_f2_0773,2,Lung,Neoplastic;Dead,Record neoplastic and dead regions in Lung.,773
pannuke_f2_0774,2,Lung,Neoplastic;Connective_Soft_tissue,Mark neoplastic and connective soft tissue ensuring complete coverage of affected areas.,774
pannuke_f2_0775,2,Lung,Neoplastic,Highlight the neoplastic tissue.,775
pannuke_f2_0776,2,Lung,Neoplastic;Inflammatory;Connective_Soft_tissue,"Mark neoplastic, inflammatory and connective soft tissue cells in this Lung sample.",776
pannuke_f2_0777,2,Lung,Neoplastic;Inflammatory;Connective_Soft_tissue,"Identify visible neoplastic, inflammatory and connective soft tissue structures.",777
pannuke_f2_0778,2,Lung,Neoplastic;Connective_Soft_tissue,Segment the neoplastic and connective soft tissue distribution.,778
pannuke_f2_0779,2,Lung,Neoplastic;Inflammatory;Connective_Soft_tissue,"Delineate present neoplastic, inflammatory and connective soft tissue areas.",779
pannuke_f2_0780,2,Breast,Inflammatory;Connective_Soft_tissue,Identify present inflammatory and connective soft tissue regions.,780
pannuke_f2_0781,2,Breast,Inflammatory;Connective_Soft_tissue,Separate inflammatory and connective soft tissue from other tissue.,781
pannuke_f2_0782,2,Breast,Neoplastic;Inflammatory;Connective_Soft_tissue,"Emphasize neoplastic, inflammatory and connective soft tissue regions.",782
pannuke_f2_0783,2,Breast,Neoplastic;Connective_Soft_tissue,Highlight neoplastic and connective soft tissue in this Breast slide.,783
pannuke_f2_0784,2,Breast,Neoplastic;Inflammatory;Connective_Soft_tissue,"Mark neoplastic, inflammatory and connective soft tissue for area measurement.",784
pannuke_f2_0785,2,Breast,Neoplastic;Inflammatory;Connective_Soft_tissue;Epithelial,"Mark foci of neoplastic, inflammatory, connective soft tissue and epithelial activity.",785
pannuke_f2_0786,2,Breast,Neoplastic;Inflammatory;Connective_Soft_tissue,"Outline all neoplastic, inflammatory and connective soft tissue structures.",786
pannuke_f2_0787,2,Breast,Neoplastic;Inflammatory;Connective_Soft_tissue;Epithelial,"Delineate neoplastic, inflammatory, connective soft tissue and epithelial pathology in this section.",787
pannuke_f2_0788,2,Breast,Neoplastic;Inflammatory;Connective_Soft_tissue,"Highlight visible neoplastic, inflammatory and connective soft tissue cells.",788
pannuke_f2_0789,2,Breast,Neoplastic;Inflammatory;Connective_Soft_tissue,"Pinpoint the neoplastic, inflammatory and connective soft tissue regions.",789
pannuke_f2_0790,2,Breast,Neoplastic;Connective_Soft_tissue,Delineate all neoplastic and connective soft tissue structures.,790
pannuke_f2_0791,2,Breast,Neoplastic;Connective_Soft_tissue,Delineate all neoplastic and connective soft tissue structures.,791
pannuke_f2_0792,2,Breast,Neoplastic;Connective_Soft_tissue,Please show neoplastic and connective soft tissue regions.,792
pannuke_f2_0793,2,Breast,Neoplastic;Inflammatory;Connective_Soft_tissue,"Identify neoplastic, inflammatory and connective soft tissue including all visible instances.",793
pannuke_f2_0794,2,Colon,Neoplastic,Delineate neoplastic areas.,794
pannuke_f2_0795,2,Colon,Neoplastic;Connective_Soft_tissue,neoplastic and connective soft tissue is visible. Segment the regions.,795
pannuke_f2_0796,2,Colon,Neoplastic;Inflammatory;Connective_Soft_tissue,"Plot neoplastic, inflammatory and connective soft tissue locations.",796
pannuke_f2_0797,2,Colon,Neoplastic,neoplastic is present in this slide. Segment it.,797
pannuke_f2_0798,2,Kidney,Neoplastic;Connective_Soft_tissue,Highlight all neoplastic and connective soft tissue regions.,798
pannuke_f2_0799,2,Kidney,Neoplastic;Connective_Soft_tissue,Indicate all neoplastic and connective soft tissue cells.,799
pannuke_f2_0800,2,Kidney,Neoplastic;Connective_Soft_tissue,Mark all neoplastic and connective soft tissue areas.,800
pannuke_f2_0801,2,Kidney,Neoplastic;Connective_Soft_tissue,Circle all neoplastic and connective soft tissue areas.,801
pannuke_f2_0802,2,Kidney,Neoplastic;Connective_Soft_tissue,Generate mask for neoplastic and connective soft tissue.,802
pannuke_f2_0803,2,Kidney,Neoplastic,Identify neoplastic spatial arrangement.,803
pannuke_f2_0804,2,Kidney,Neoplastic;Connective_Soft_tissue,Produce neoplastic and connective soft tissue mask.,804
pannuke_f2_0805,2,Kidney,Neoplastic,Label neoplastic cells.,805
pannuke_f2_0806,2,Kidney,Neoplastic;Connective_Soft_tissue,neoplastic and connective soft tissue can be seen. Identify and segment.,806
pannuke_f2_0807,2,Kidney,Neoplastic;Connective_Soft_tissue,"In the Kidney section, locate neoplastic and connective soft tissue.",807
pannuke_f2_0808,2,Kidney,Neoplastic;Connective_Soft_tissue,Mark neoplastic and connective soft tissue cytoplasmic features.,808
pannuke_f2_0809,2,Kidney,Neoplastic;Connective_Soft_tissue,Extract neoplastic and connective soft tissue cell boundaries.,809
pannuke_f2_0810,2,Kidney,Neoplastic;Connective_Soft_tissue,Can you locate neoplastic and connective soft tissue?,810
pannuke_f2_0811,2,Kidney,Neoplastic;Inflammatory;Connective_Soft_tissue,"Segment present neoplastic, inflammatory and connective soft tissue regions.",811
pannuke_f2_0812,2,Kidney,Neoplastic;Connective_Soft_tissue,Mark neoplastic and connective soft tissue ensuring complete coverage of affected areas.,812
pannuke_f2_0813,2,Prostate,Neoplastic;Connective_Soft_tissue,Segment patches of neoplastic and connective soft tissue.,813
pannuke_f2_0814,2,Prostate,Neoplastic;Connective_Soft_tissue,Segment neoplastic and connective soft tissue areas in Prostate tissue.,814
pannuke_f2_0815,2,Bladder,Neoplastic,Isolate neoplastic from background.,815
pannuke_f2_0816,2,Bladder,Neoplastic;Connective_Soft_tissue,Define neoplastic and connective soft tissue extent.,816
pannuke_f2_0817,2,Bladder,Neoplastic,Label the neoplastic tissue.,817
pannuke_f2_0818,2,Bladder,Neoplastic,Distinguish the neoplastic regions.,818
pannuke_f2_0819,2,Bladder,Neoplastic;Connective_Soft_tissue,Examine this Bladder tissue for neoplastic and connective soft tissue.,819
pannuke_f2_0820,2,Breast,Neoplastic;Inflammatory;Connective_Soft_tissue,"Observing this sample, delineate neoplastic, inflammatory and connective soft tissue.",820
pannuke_f2_0821,2,Breast,Neoplastic;Connective_Soft_tissue;Epithelial,"Document neoplastic, connective soft tissue and epithelial in this Breast sample.",821
pannuke_f2_0822,2,Breast,Neoplastic;Connective_Soft_tissue;Epithelial,"Circle all neoplastic, connective soft tissue and epithelial areas.",822
pannuke_f2_0823,2,Breast,Neoplastic;Connective_Soft_tissue;Epithelial,"Point out the neoplastic, connective soft tissue and epithelial areas.",823
pannuke_f2_0824,2,Bladder,Inflammatory;Connective_Soft_tissue,Detect inflammatory and connective soft tissue in this slide.,824
pannuke_f2_0825,2,Bladder,Inflammatory;Connective_Soft_tissue,The task is to segment inflammatory and connective soft tissue.,825
pannuke_f2_0826,2,Bladder,Neoplastic;Inflammatory;Connective_Soft_tissue;Epithelial,"From this Bladder slide, segment neoplastic, inflammatory, connective soft tissue and epithelial.",826
pannuke_f2_0827,2,Bladder,Neoplastic;Connective_Soft_tissue;Epithelial,"Segment the neoplastic, connective soft tissue and epithelial regions in the image.",827
pannuke_f2_0828,2,Bladder,Neoplastic,Please segment neoplastic.,828
pannuke_f2_0829,2,Prostate,Neoplastic;Inflammatory;Connective_Soft_tissue,"Spot the neoplastic, inflammatory and connective soft tissue tissue.",829
pannuke_f2_0830,2,Prostate,Neoplastic;Connective_Soft_tissue,Mark the neoplastic and connective soft tissue tissue compartment.,830
pannuke_f2_0831,2,Prostate,Neoplastic;Connective_Soft_tissue,Segment locations of neoplastic and connective soft tissue.,831
pannuke_f2_0832,2,Kidney,Neoplastic;Inflammatory;Connective_Soft_tissue,"Mark the neoplastic, inflammatory and connective soft tissue tissue compartment.",832
pannuke_f2_0833,2,Kidney,Neoplastic;Inflammatory;Connective_Soft_tissue,"Outline neoplastic, inflammatory and connective soft tissue areas.",833
pannuke_f2_0834,2,Kidney,Neoplastic;Inflammatory;Connective_Soft_tissue,"Target neoplastic, inflammatory and connective soft tissue cells.",834
pannuke_f2_0835,2,Kidney,Neoplastic;Inflammatory;Connective_Soft_tissue,"Sketch neoplastic, inflammatory and connective soft tissue boundaries.",835
pannuke_f2_0836,2,Kidney,Neoplastic,Segment neoplastic phenotypic features.,836
pannuke_f2_0837,2,Kidney,Neoplastic,Which regions show neoplastic?,837
pannuke_f2_0838,2,Kidney,Neoplastic,You must mark neoplastic regions.,838
pannuke_f2_0839,2,Kidney,Neoplastic,Locate all neoplastic cells.,839
pannuke_f2_0840,2,Kidney,Neoplastic,Segment neoplastic being careful to capture all regions.,840
pannuke_f2_0841,2,Kidney,Neoplastic,Identify and mark neoplastic.,841
pannuke_f2_0842,2,Kidney,Neoplastic;Connective_Soft_tissue,Highlight visible neoplastic and connective soft tissue areas.,842
pannuke_f2_0843,2,Kidney,Neoplastic;Inflammatory,Identify all neoplastic and inflammatory tissue.,843
pannuke_f2_0844,2,Kidney,Neoplastic;Inflammatory;Connective_Soft_tissue,"Segment neoplastic, inflammatory and connective soft tissue for pathological assessment.",844
pannuke_f2_0845,2,Stomach,Inflammatory,Segment inflammatory histopathological features.,845
pannuke_f2_0846,2,Stomach,Inflammatory;Connective_Soft_tissue,This section has inflammatory and connective soft tissue. Locate and mark.,846
pannuke_f2_0847,2,Stomach,Inflammatory;Connective_Soft_tissue,Delineate present inflammatory and connective soft tissue areas.,847
pannuke_f2_0848,2,Stomach,Inflammatory;Connective_Soft_tissue,Map inflammatory and connective soft tissue locations.,848
pannuke_f2_0849,2,Colon,Neoplastic;Inflammatory;Connective_Soft_tissue;Dead,"neoplastic, inflammatory, connective soft tissue and dead is evident. Highlight the areas.",849
pannuke_f2_0850,2,Colon,Neoplastic;Inflammatory;Connective_Soft_tissue,"Point out the neoplastic, inflammatory and connective soft tissue areas.",850
pannuke_f2_0851,2,Colon,Neoplastic;Inflammatory;Connective_Soft_tissue,"In Colon histology, delineate neoplastic, inflammatory and connective soft tissue.",851
pannuke_f2_0852,2,Colon,Neoplastic;Connective_Soft_tissue,"Given this pathology slide, segment neoplastic and connective soft tissue.",852
pannuke_f2_0853,2,Colon,Neoplastic;Connective_Soft_tissue;Dead,"Identify neoplastic, connective soft tissue and dead in the tissue microenvironment.",853
pannuke_f2_0854,2,Colon,Neoplastic;Inflammatory;Connective_Soft_tissue,"Segment the neoplastic, inflammatory and connective soft tissue portions.",854
pannuke_f2_0855,2,Stomach,Inflammatory;Connective_Soft_tissue,Draw inflammatory and connective soft tissue outlines.,855
pannuke_f2_0856,2,Stomach,Inflammatory;Connective_Soft_tissue,Find all inflammatory and connective soft tissue cells.,856
pannuke_f2_0857,2,Stomach,Inflammatory;Connective_Soft_tissue,Determine inflammatory and connective soft tissue presence.,857
pannuke_f2_0858,2,Stomach,Inflammatory;Connective_Soft_tissue,Segment all inflammatory and connective soft tissue in the field.,858
pannuke_f2_0859,2,Stomach,Inflammatory;Connective_Soft_tissue,Spot inflammatory and connective soft tissue cells.,859
pannuke_f2_0860,2,Ovarian,Connective_Soft_tissue,Label all connective soft tissue areas.,860
pannuke_f2_0861,2,Ovarian,Neoplastic,"In Ovarian histology, delineate neoplastic.",861
pannuke_f2_0862,2,Ovarian,Neoplastic;Connective_Soft_tissue,Mark present neoplastic and connective soft tissue areas.,862
pannuke_f2_0863,2,Ovarian,Neoplastic;Inflammatory,Segment the neoplastic and inflammatory distribution.,863
pannuke_f2_0864,2,Ovarian,Neoplastic;Inflammatory;Connective_Soft_tissue,"Identify histological regions showing neoplastic, inflammatory and connective soft tissue.",864
pannuke_f2_0865,2,Esophagus,Neoplastic,Segment the neoplastic nuclei.,865
pannuke_f2_0866,2,Esophagus,Neoplastic;Connective_Soft_tissue,Delineate present neoplastic and connective soft tissue cells.,866
pannuke_f2_0867,2,Esophagus,Neoplastic;Inflammatory;Connective_Soft_tissue,"Note neoplastic, inflammatory and connective soft tissue presence in Esophagus tissue.",867
pannuke_f2_0868,2,Esophagus,Neoplastic,Identify the neoplastic areas.,868
pannuke_f2_0869,2,Esophagus,Neoplastic,Identify and mark neoplastic.,869
pannuke_f2_0870,2,Esophagus,Neoplastic;Inflammatory,Mark neoplastic and inflammatory adjacent to epithelium.,870
pannuke_f2_0871,2,Esophagus,Neoplastic,"Given this pathology slide, segment neoplastic.",871
pannuke_f2_0872,2,Esophagus,Neoplastic,Record neoplastic regions in Esophagus.,872
pannuke_f2_0873,2,Esophagus,Neoplastic,Pay attention to neoplastic areas.,873
pannuke_f2_0874,2,Esophagus,Neoplastic;Inflammatory,Mark neoplastic and inflammatory cells in this Esophagus sample.,874
pannuke_f2_0875,2,Esophagus,Neoplastic;Inflammatory,Mark present neoplastic and inflammatory tissue.,875
pannuke_f2_0876,2,Esophagus,Neoplastic,Mark neoplastic in this slide.,876
pannuke_f2_0877,2,Esophagus,Neoplastic,Segment sites of neoplastic.,877
pannuke_f2_0878,2,Esophagus,Connective_Soft_tissue,Discern visible connective soft tissue.,878
pannuke_f2_0879,2,Esophagus,Connective_Soft_tissue,Mark all connective soft tissue regions.,879
pannuke_f2_0880,2,Esophagus,Connective_Soft_tissue,Recognize the connective soft tissue tissue.,880
pannuke_f2_0881,2,Esophagus,Connective_Soft_tissue,Recognize connective soft tissue in Esophagus pathology.,881
pannuke_f2_0882,2,Esophagus,Connective_Soft_tissue,Segment connective soft tissue zones.,882
pannuke_f2_0883,2,Esophagus,Connective_Soft_tissue,Label the connective soft tissue regions.,883
pannuke_f2_0884,2,Esophagus,Connective_Soft_tissue,Segment connective soft tissue being careful to capture all regions.,884
pannuke_f2_0885,2,Esophagus,Inflammatory;Connective_Soft_tissue,Identify histological regions showing inflammatory and connective soft tissue.,885
pannuke_f2_0886,2,Esophagus,Connective_Soft_tissue,Mark connective soft tissue for morphometric study.,886
pannuke_f2_0887,2,Esophagus,Connective_Soft_tissue,Highlight visible connective soft tissue cells.,887
pannuke_f2_0888,2,Esophagus,Connective_Soft_tissue,Recognize connective soft tissue cells.,888
pannuke_f2_0889,2,Esophagus,Connective_Soft_tissue,Assignment: segment connective soft tissue tissue.,889
pannuke_f2_0890,2,Esophagus,Connective_Soft_tissue,Assignment: segment connective soft tissue tissue.,890
pannuke_f2_0891,2,Esophagus,Connective_Soft_tissue,Delineate connective soft tissue with accurate boundary detection.,891
pannuke_f2_0892,2,Esophagus,Connective_Soft_tissue,Segment connective soft tissue zones.,892
pannuke_f2_0893,2,Pancreatic,Neoplastic;Inflammatory;Connective_Soft_tissue,"Produce neoplastic, inflammatory and connective soft tissue mask.",893
pannuke_f2_0894,2,Pancreatic,Neoplastic;Inflammatory;Connective_Soft_tissue,"Identify neoplastic, inflammatory and connective soft tissue abnormalities.",894
pannuke_f2_0895,2,Lung,Neoplastic;Inflammatory;Connective_Soft_tissue;Dead,"Label neoplastic, inflammatory, connective soft tissue and dead in this Lung section.",895
pannuke_f2_0896,2,Lung,Neoplastic;Connective_Soft_tissue;Dead,"Sketch neoplastic, connective soft tissue and dead regions.",896
pannuke_f2_0897,2,Lung,Neoplastic;Connective_Soft_tissue;Dead,"Delineate the neoplastic, connective soft tissue and dead regions.",897
pannuke_f2_0898,2,Lung,Neoplastic;Connective_Soft_tissue;Dead,"Identify parenchymal neoplastic, connective soft tissue and dead.",898
pannuke_f2_0899,2,Lung,Neoplastic;Connective_Soft_tissue;Dead,"Divide neoplastic, connective soft tissue and dead from surroundings.",899
pannuke_f2_0900,2,Lung,Neoplastic;Connective_Soft_tissue;Dead,"The objective is to mark neoplastic, connective soft tissue and dead.",900
pannuke_f2_0901,2,Lung,Neoplastic;Connective_Soft_tissue;Dead,"Within Lung architecture, locate neoplastic, connective soft tissue and dead.",901
pannuke_f2_0902,2,Lung,Neoplastic;Connective_Soft_tissue;Dead,"Label the neoplastic, connective soft tissue and dead regions.",902
pannuke_f2_0903,2,Lung,Neoplastic;Connective_Soft_tissue;Dead,"Delineate all neoplastic, connective soft tissue and dead tissue.",903
pannuke_f2_0904,2,Lung,Neoplastic;Connective_Soft_tissue;Dead,"Identify peritumoral neoplastic, connective soft tissue and dead.",904
pannuke_f2_0905,2,Lung,Neoplastic;Connective_Soft_tissue;Dead,"Recognize all neoplastic, connective soft tissue and dead areas.",905
pannuke_f2_0906,2,Lung,Neoplastic;Inflammatory;Connective_Soft_tissue;Dead,"Separate neoplastic, inflammatory, connective soft tissue and dead regions.",906
pannuke_f2_0907,2,Lung,Neoplastic;Connective_Soft_tissue;Dead,"Mark all neoplastic, connective soft tissue and dead tissue.",907
pannuke_f2_0908,2,Lung,Neoplastic;Inflammatory;Connective_Soft_tissue;Dead,"Segment locations of neoplastic, inflammatory, connective soft tissue and dead.",908
pannuke_f2_0909,2,Lung,Neoplastic;Connective_Soft_tissue;Dead,"Segment the neoplastic, connective soft tissue and dead nuclei.",909
pannuke_f2_0910,2,Lung,Neoplastic;Inflammatory;Connective_Soft_tissue;Dead,"Pinpoint visible neoplastic, inflammatory, connective soft tissue and dead.",910
pannuke_f2_0911,2,Lung,Neoplastic;Inflammatory;Connective_Soft_tissue;Dead,"This Lung slide shows neoplastic, inflammatory, connective soft tissue and dead. Segment it.",911
pannuke_f2_0912,2,Lung,Neoplastic;Connective_Soft_tissue,Segment neoplastic and connective soft tissue in the Lung section.,912
pannuke_f2_0913,2,Lung,Neoplastic,"In this Lung histology, identify neoplastic cells.",913
pannuke_f2_0914,2,Lung,Neoplastic,Sketch neoplastic boundaries.,914
pannuke_f2_0915,2,Lung,Neoplastic;Connective_Soft_tissue,Identify visible neoplastic and connective soft tissue.,915
pannuke_f2_0916,2,Lung,Neoplastic,Annotate the neoplastic tissue.,916
pannuke_f2_0917,2,Lung,Neoplastic;Connective_Soft_tissue,Identify neoplastic and connective soft tissue chromatin patterns.,917
pannuke_f2_0918,2,Lung,Neoplastic;Connective_Soft_tissue,Mark present neoplastic and connective soft tissue areas.,918
pannuke_f2_0919,2,Lung,Neoplastic;Inflammatory;Connective_Soft_tissue,"Mark the neoplastic, inflammatory and connective soft tissue areas.",919
pannuke_f2_0920,2,Lung,Neoplastic;Connective_Soft_tissue,Label all neoplastic and connective soft tissue areas.,920
pannuke_f2_0921,2,Lung,Neoplastic;Inflammatory;Connective_Soft_tissue,"Discern the neoplastic, inflammatory and connective soft tissue regions.",921
pannuke_f2_0922,2,Lung,Neoplastic;Connective_Soft_tissue,Label all neoplastic and connective soft tissue areas.,922
pannuke_f2_0923,2,Lung,Neoplastic;Inflammatory;Connective_Soft_tissue,"Delineate neoplastic, inflammatory and connective soft tissue in Lung pathology.",923
pannuke_f2_0924,2,Lung,Neoplastic;Inflammatory;Connective_Soft_tissue,"Segment present neoplastic, inflammatory and connective soft tissue tissue.",924
pannuke_f2_0925,2,Lung,Neoplastic;Connective_Soft_tissue,Point out neoplastic and connective soft tissue cells.,925
pannuke_f2_0926,2,Lung,Neoplastic;Connective_Soft_tissue,Separate neoplastic and connective soft tissue regions.,926
pannuke_f2_0927,2,Lung,Neoplastic;Inflammatory;Connective_Soft_tissue,"Segment sites of neoplastic, inflammatory and connective soft tissue.",927
pannuke_f2_0928,2,Lung,Neoplastic;Inflammatory;Connective_Soft_tissue,"Segment the neoplastic, inflammatory and connective soft tissue cells.",928
pannuke_f2_0929,2,Lung,Neoplastic;Inflammatory;Connective_Soft_tissue,"Generate mask for neoplastic, inflammatory and connective soft tissue.",929
pannuke_f2_0930,2,Uterus,Neoplastic;Inflammatory;Connective_Soft_tissue,"neoplastic, inflammatory and connective soft tissue is visible. Segment the regions.",930
pannuke_f2_0931,2,Uterus,Neoplastic;Inflammatory;Connective_Soft_tissue;Epithelial,"Segment patches of neoplastic, inflammatory, connective soft tissue and epithelial.",931
pannuke_f2_0932,2,Uterus,Inflammatory;Connective_Soft_tissue;Epithelial,"Mark all inflammatory, connective soft tissue and epithelial regions.",932
pannuke_f2_0933,2,Thyroid,Inflammatory;Connective_Soft_tissue,"Examining this slide, mark all inflammatory and connective soft tissue regions.",933
pannuke_f2_0934,2,Thyroid,Neoplastic;Inflammatory;Connective_Soft_tissue,"Segment any neoplastic, inflammatory and connective soft tissue cells visible.",934
pannuke_f2_0935,2,Thyroid,Neoplastic;Inflammatory;Connective_Soft_tissue,"Segment neoplastic, inflammatory and connective soft tissue for quantitative analysis.",935
pannuke_f2_0936,2,Thyroid,Inflammatory;Connective_Soft_tissue,Locate inflammatory and connective soft tissue in this slide.,936
pannuke_f2_0937,2,Thyroid,Inflammatory;Connective_Soft_tissue,Define inflammatory and connective soft tissue regions.,937
pannuke_f2_0938,2,Thyroid,Neoplastic;Inflammatory;Connective_Soft_tissue,"This Thyroid slide shows neoplastic, inflammatory and connective soft tissue. Segment it.",938
pannuke_f2_0939,2,Thyroid,Neoplastic;Inflammatory;Connective_Soft_tissue,"Segment sites of neoplastic, inflammatory and connective soft tissue.",939
pannuke_f2_0940,2,Thyroid,Inflammatory;Connective_Soft_tissue,Detect inflammatory and connective soft tissue in this slide.,940
pannuke_f2_0941,2,Thyroid,Inflammatory;Connective_Soft_tissue,Recognize inflammatory and connective soft tissue cells.,941
pannuke_f2_0942,2,Thyroid,Neoplastic;Inflammatory;Connective_Soft_tissue,"neoplastic, inflammatory and connective soft tissue is present in this slide. Segment it.",942
pannuke_f2_0943,2,Thyroid,Neoplastic;Inflammatory;Connective_Soft_tissue,"Draw neoplastic, inflammatory and connective soft tissue outlines.",943
pannuke_f2_0944,2,Thyroid,Neoplastic;Inflammatory;Connective_Soft_tissue,"Which parts have neoplastic, inflammatory and connective soft tissue?",944
pannuke_f2_0945,2,Thyroid,Inflammatory;Connective_Soft_tissue,Label visible inflammatory and connective soft tissue.,945
pannuke_f2_0946,2,Thyroid,Neoplastic;Inflammatory;Connective_Soft_tissue,"Identify neoplastic, inflammatory and connective soft tissue in the tissue microenvironment.",946
pannuke_f2_0947,2,Thyroid,Neoplastic;Connective_Soft_tissue,Mark neoplastic and connective soft tissue cytological features.,947
pannuke_f2_0948,2,Thyroid,Connective_Soft_tissue,Mark all connective soft tissue cells.,948
pannuke_f2_0949,2,Thyroid,Neoplastic;Connective_Soft_tissue,Emphasize neoplastic and connective soft tissue presence.,949
pannuke_f2_0950,2,Thyroid,Neoplastic,"In this Thyroid histology, identify neoplastic cells.",950
pannuke_f2_0951,2,Thyroid,Neoplastic,Delineate present neoplastic cells.,951
pannuke_f2_0952,2,Skin,Neoplastic;Inflammatory,Circle the neoplastic and inflammatory regions.,952
pannuke_f2_0953,2,Skin,Neoplastic;Connective_Soft_tissue,Segment neoplastic and connective soft tissue in this histology image.,953
pannuke_f2_0954,2,Skin,Neoplastic;Connective_Soft_tissue,"In this Skin tissue, segment neoplastic and connective soft tissue.",954
pannuke_f2_0955,2,Skin,Neoplastic;Inflammatory;Connective_Soft_tissue,"Find neoplastic, inflammatory and connective soft tissue in this Skin sample.",955
pannuke_f2_0956,2,Skin,Neoplastic;Inflammatory;Connective_Soft_tissue,"Segment clusters of neoplastic, inflammatory and connective soft tissue.",956
pannuke_f2_0957,2,Skin,Neoplastic;Inflammatory;Connective_Soft_tissue,"In this Skin tissue, segment neoplastic, inflammatory and connective soft tissue.",957
pannuke_f2_0958,2,Skin,Neoplastic;Inflammatory;Connective_Soft_tissue,"Segment neoplastic, inflammatory and connective soft tissue for feature extraction.",958
pannuke_f2_0959,2,Skin,Neoplastic;Inflammatory;Connective_Soft_tissue,"Distinguish neoplastic, inflammatory and connective soft tissue cells.",959
pannuke_f2_0960,2,Skin,Inflammatory;Connective_Soft_tissue,What parts are inflammatory and connective soft tissue?,960
pannuke_f2_0961,2,Skin,Neoplastic;Inflammatory;Connective_Soft_tissue,"neoplastic, inflammatory and connective soft tissue is visible. Segment the regions.",961
pannuke_f2_0962,2,Skin,Inflammatory;Connective_Soft_tissue,Segment visible inflammatory and connective soft tissue areas.,962
pannuke_f2_0963,2,Skin,Inflammatory;Connective_Soft_tissue,Mark inflammatory and connective soft tissue tissue architecture.,963
pannuke_f2_0964,2,Skin,Connective_Soft_tissue;Epithelial,Segment the connective soft tissue and epithelial regions in the image.,964
pannuke_f2_0965,2,Skin,Epithelial,Show me epithelial cells.,965
pannuke_f2_0966,2,Skin,Inflammatory;Connective_Soft_tissue;Epithelial,"Segment the inflammatory, connective soft tissue and epithelial structures.",966
pannuke_f2_0967,2,Skin,Inflammatory;Connective_Soft_tissue;Epithelial,"Identify inflammatory, connective soft tissue and epithelial for spatial analysis.",967
pannuke_f2_0968,2,Cervix,Epithelial,Highlight present epithelial areas.,968
pannuke_f2_0969,2,Cervix,Inflammatory;Connective_Soft_tissue;Epithelial,"This is a Cervix image. Segment inflammatory, connective soft tissue and epithelial.",969
pannuke_f2_0970,2,Cervix,Inflammatory;Connective_Soft_tissue;Epithelial,"Output inflammatory, connective soft tissue and epithelial mask.",970
pannuke_f2_0971,2,Cervix,Inflammatory;Connective_Soft_tissue;Epithelial,"Segment inflammatory, connective soft tissue and epithelial in this tissue specimen.",971
pannuke_f2_0972,2,Thyroid,Inflammatory;Connective_Soft_tissue,Highlight visible inflammatory and connective soft tissue areas.,972
pannuke_f2_0973,2,Thyroid,Inflammatory;Connective_Soft_tissue,Segment inflammatory and connective soft tissue tissue.,973
pannuke_f2_0974,2,Thyroid,Inflammatory;Connective_Soft_tissue,Circle the inflammatory and connective soft tissue structures.,974
pannuke_f2_0975,2,Thyroid,Inflammatory;Connective_Soft_tissue,Segment present inflammatory and connective soft tissue regions.,975
pannuke_f2_0976,2,Thyroid,Connective_Soft_tissue,Recognize visible connective soft tissue.,976
pannuke_f2_0977,2,Thyroid,Connective_Soft_tissue,Segment connective soft tissue tissue.,977
pannuke_f2_0978,2,Thyroid,Connective_Soft_tissue,Where can you find connective soft tissue?,978
pannuke_f2_0979,2,Thyroid,Connective_Soft_tissue,Which structures are connective soft tissue?,979
pannuke_f2_0980,2,Thyroid,Connective_Soft_tissue,Segment any connective soft tissue cells visible.,980
pannuke_f2_0981,2,Thyroid,Neoplastic;Inflammatory;Connective_Soft_tissue,"Discern neoplastic, inflammatory and connective soft tissue cells.",981
pannuke_f2_0982,2,Thyroid,Neoplastic;Inflammatory;Connective_Soft_tissue,"Highlight visible neoplastic, inflammatory and connective soft tissue areas.",982
pannuke_f2_0983,2,Thyroid,Neoplastic;Inflammatory;Connective_Soft_tissue,"Define neoplastic, inflammatory and connective soft tissue regions.",983
pannuke_f2_0984,2,Thyroid,Neoplastic;Inflammatory;Connective_Soft_tissue,"Mark the neoplastic, inflammatory and connective soft tissue areas.",984
pannuke_f2_0985,2,Thyroid,Neoplastic;Connective_Soft_tissue,Map neoplastic and connective soft tissue locations.,985
pannuke_f2_0986,2,Thyroid,Neoplastic;Connective_Soft_tissue,Mark the neoplastic and connective soft tissue tissue compartment.,986
pannuke_f2_0987,2,Thyroid,Neoplastic;Inflammatory;Connective_Soft_tissue,"Across the Thyroid section, segment neoplastic, inflammatory and connective soft tissue.",987
pannuke_f2_0988,2,Thyroid,Neoplastic;Connective_Soft_tissue,Identify visible neoplastic and connective soft tissue structures.,988
pannuke_f2_0989,2,Thyroid,Neoplastic;Connective_Soft_tissue,Segment all neoplastic and connective soft tissue cells.,989
pannuke_f2_0990,2,Esophagus,Connective_Soft_tissue,connective soft tissue appears in this image. Segment all instances.,990
pannuke_f2_0991,2,Esophagus,Connective_Soft_tissue,Segment all visible connective soft tissue.,991
pannuke_f2_0992,2,Esophagus,Connective_Soft_tissue,Segment connective soft tissue histopathological features.,992
pannuke_f2_0993,2,Esophagus,Connective_Soft_tissue,Label connective soft tissue cells.,993
pannuke_f2_0994,2,Esophagus,Connective_Soft_tissue,Find visible connective soft tissue.,994
pannuke_f2_0995,2,Esophagus,Connective_Soft_tissue,Purpose: delineate connective soft tissue boundaries.,995
pannuke_f2_0996,2,Esophagus,Connective_Soft_tissue,Analyze this Esophagus and segment connective soft tissue.,996
pannuke_f2_0997,2,Esophagus,Connective_Soft_tissue,Map connective soft tissue locations.,997
pannuke_f2_0998,2,Esophagus,Connective_Soft_tissue,Target class: connective soft tissue.,998
pannuke_f2_0999,2,Esophagus,Connective_Soft_tissue,Recognize all connective soft tissue areas.,999
pannuke_f2_1000,2,Esophagus,Connective_Soft_tissue,Trace connective soft tissue boundaries.,1000
pannuke_f2_1001,2,Esophagus,Connective_Soft_tissue,"Examining this slide, mark all connective soft tissue regions.",1001
pannuke_f2_1002,2,Esophagus,Connective_Soft_tissue,Identify connective soft tissue nuclear characteristics.,1002
pannuke_f2_1003,2,Esophagus,Connective_Soft_tissue,Consider only connective soft tissue areas.,1003
pannuke_f2_1004,2,Esophagus,Connective_Soft_tissue,Partition connective soft tissue regions.,1004
pannuke_f2_1005,2,Esophagus,Connective_Soft_tissue,Delineate present connective soft tissue tissue.,1005
pannuke_f2_1006,2,Esophagus,Connective_Soft_tissue,Determine connective soft tissue presence.,1006
pannuke_f2_1007,2,Esophagus,Neoplastic;Connective_Soft_tissue,Where are the neoplastic and connective soft tissue regions?,1007
pannuke_f2_1008,2,Esophagus,Neoplastic;Connective_Soft_tissue,Identify visible neoplastic and connective soft tissue tissue.,1008
pannuke_f2_1009,2,Esophagus,Neoplastic;Connective_Soft_tissue;Dead,"Highlight all neoplastic, connective soft tissue and dead structures.",1009
pannuke_f2_1010,2,Esophagus,Neoplastic;Connective_Soft_tissue;Dead,"Highlight neoplastic, connective soft tissue and dead in this Esophagus slide.",1010
pannuke_f2_1011,2,Esophagus,Neoplastic;Connective_Soft_tissue,Delineate neoplastic and connective soft tissue areas.,1011
pannuke_f2_1012,2,Esophagus,Neoplastic;Connective_Soft_tissue,Segment intratumoral neoplastic and connective soft tissue.,1012
pannuke_f2_1013,2,Esophagus,Neoplastic;Connective_Soft_tissue,neoplastic and connective soft tissue is visible. Segment the regions.,1013
pannuke_f2_1014,2,Esophagus,Neoplastic;Connective_Soft_tissue,Mark present neoplastic and connective soft tissue cells.,1014
pannuke_f2_1015,2,Esophagus,Neoplastic;Connective_Soft_tissue,Focus on neoplastic and connective soft tissue in this image.,1015
pannuke_f2_1016,2,Esophagus,Neoplastic;Inflammatory;Connective_Soft_tissue,"Mark visible neoplastic, inflammatory and connective soft tissue tissue.",1016
pannuke_f2_1017,2,Esophagus,Neoplastic;Inflammatory;Connective_Soft_tissue,"Segment the neoplastic, inflammatory and connective soft tissue infiltration.",1017
pannuke_f2_1018,2,Esophagus,Neoplastic;Inflammatory;Connective_Soft_tissue,"Label the neoplastic, inflammatory and connective soft tissue tissue.",1018
pannuke_f2_1019,2,Esophagus,Neoplastic;Connective_Soft_tissue,Meticulously outline the neoplastic and connective soft tissue regions for analysis.,1019
pannuke_f2_1020,2,Esophagus,Connective_Soft_tissue,Outline connective soft tissue in the Esophagus image.,1020
pannuke_f2_1021,2,Esophagus,Connective_Soft_tissue,Identify connective soft tissue including all visible instances.,1021
pannuke_f2_1022,2,Esophagus,Neoplastic;Inflammatory;Connective_Soft_tissue,"Sketch neoplastic, inflammatory and connective soft tissue boundaries.",1022
pannuke_f2_1023,2,Cervix,Inflammatory,Segment all inflammatory structures.,1023
pannuke_f2_1024,2,Cervix,Inflammatory,inflammatory is present in this slide. Segment it.,1024
pannuke_f2_1025,2,Cervix,Inflammatory;Connective_Soft_tissue,Delineate all inflammatory and connective soft tissue tissue.,1025
pannuke_f2_1026,2,Cervix,Inflammatory,Segment any inflammatory present.,1026
pannuke_f2_1027,2,Cervix,Connective_Soft_tissue,Segment extent of connective soft tissue.,1027
pannuke_f2_1028,2,Cervix,,,1028
pannuke_f2_1029,2,Cervix,,,1029
pannuke_f2_1030,2,Cervix,Inflammatory;Connective_Soft_tissue,The tissue shows inflammatory and connective soft tissue. Mark the areas.,1030
pannuke_f2_1031,2,Adrenal_gland,Neoplastic;Connective_Soft_tissue,Can you locate neoplastic and connective soft tissue?,1031
pannuke_f2_1032,2,Adrenal_gland,Neoplastic;Connective_Soft_tissue,neoplastic and connective soft tissue is evident. Highlight the areas.,1032
pannuke_f2_1033,2,Adrenal_gland,Neoplastic;Connective_Soft_tissue,Identify neoplastic and connective soft tissue for diagnostic purposes.,1033
pannuke_f2_1034,2,Adrenal_gland,Neoplastic;Connective_Soft_tissue,Mark all neoplastic and connective soft tissue structures.,1034
pannuke_f2_1035,2,Adrenal_gland,Neoplastic;Inflammatory;Connective_Soft_tissue,"Detect and segment neoplastic, inflammatory and connective soft tissue areas.",1035
pannuke_f2_1036,2,Adrenal_gland,Neoplastic;Connective_Soft_tissue,Identify neoplastic and connective soft tissue spatial arrangement.,1036
pannuke_f2_1037,2,Adrenal_gland,Neoplastic;Inflammatory;Connective_Soft_tissue,"Highlight neoplastic, inflammatory and connective soft tissue cells.",1037
pannuke_f2_1038,2,Adrenal_gland,Neoplastic;Inflammatory;Connective_Soft_tissue,"Circle visible neoplastic, inflammatory and connective soft tissue.",1038
pannuke_f2_1039,2,Adrenal_gland,Neoplastic;Connective_Soft_tissue,neoplastic and connective soft tissue can be seen. Identify and segment.,1039
pannuke_f2_1040,2,Adrenal_gland,Neoplastic;Connective_Soft_tissue,Identify neoplastic and connective soft tissue in this histology section.,1040
pannuke_f2_1041,2,Adrenal_gland,Neoplastic;Connective_Soft_tissue,Recognize visible neoplastic and connective soft tissue.,1041
pannuke_f2_1042,2,Adrenal_gland,Neoplastic,Identify neoplastic for spatial analysis.,1042
pannuke_f2_1043,2,Adrenal_gland,Neoplastic;Connective_Soft_tissue,Segment neoplastic and connective soft tissue in this microscopy image.,1043
pannuke_f2_1044,2,Adrenal_gland,Neoplastic,"In this Adrenal gland tissue, segment neoplastic.",1044
pannuke_f2_1045,2,Adrenal_gland,Neoplastic;Connective_Soft_tissue,Segment neoplastic and connective soft tissue in the Adrenal gland section.,1045
pannuke_f2_1046,2,Adrenal_gland,Connective_Soft_tissue,Segment all connective soft tissue structures.,1046
pannuke_f2_1047,2,Adrenal_gland,Neoplastic;Inflammatory;Connective_Soft_tissue,"Where are neoplastic, inflammatory and connective soft tissue cells visible?",1047
pannuke_f2_1048,2,Adrenal_gland,Neoplastic,Mark visible neoplastic cells.,1048
pannuke_f2_1049,2,Adrenal_gland,Neoplastic;Connective_Soft_tissue,Sketch neoplastic and connective soft tissue boundaries.,1049
pannuke_f2_1050,2,Adrenal_gland,Neoplastic;Inflammatory;Connective_Soft_tissue,"Determine neoplastic, inflammatory and connective soft tissue location.",1050
pannuke_f2_1051,2,Adrenal_gland,Neoplastic;Connective_Soft_tissue,Annotate visible neoplastic and connective soft tissue.,1051
pannuke_f2_1052,2,Adrenal_gland,Neoplastic;Connective_Soft_tissue,Identify clusters of neoplastic and connective soft tissue cells.,1052
pannuke_f2_1053,2,Adrenal_gland,Neoplastic,Segment neoplastic to enable cell counting.,1053
pannuke_f2_1054,2,Adrenal_gland,Neoplastic;Connective_Soft_tissue,Pinpoint all neoplastic and connective soft tissue areas.,1054
pannuke_f2_1055,2,Adrenal_gland,Neoplastic;Connective_Soft_tissue,Identify visible neoplastic and connective soft tissue structures.,1055
pannuke_f2_1056,2,Adrenal_gland,Neoplastic;Inflammatory;Connective_Soft_tissue,"Circle the neoplastic, inflammatory and connective soft tissue structures.",1056
pannuke_f2_1057,2,Adrenal_gland,Neoplastic;Connective_Soft_tissue,Emphasize neoplastic and connective soft tissue presence.,1057
pannuke_f2_1058,2,Adrenal_gland,Neoplastic;Connective_Soft_tissue,Create segmentation of neoplastic and connective soft tissue.,1058
pannuke_f2_1059,2,Adrenal_gland,Neoplastic;Connective_Soft_tissue,Distinguish the neoplastic and connective soft tissue regions.,1059
pannuke_f2_1060,2,Adrenal_gland,Neoplastic;Inflammatory;Connective_Soft_tissue,"Given this Adrenal gland sample, mark neoplastic, inflammatory and connective soft tissue regions.",1060
pannuke_f2_1061,2,Adrenal_gland,Neoplastic;Connective_Soft_tissue,Delineate all neoplastic and connective soft tissue structures.,1061
pannuke_f2_1062,2,Adrenal_gland,Neoplastic,Target neoplastic regions.,1062
pannuke_f2_1063,2,Adrenal_gland,Neoplastic;Connective_Soft_tissue,What regions contain neoplastic and connective soft tissue?,1063
pannuke_f2_1064,2,Adrenal_gland,Neoplastic;Connective_Soft_tissue,Segment neoplastic and connective soft tissue elements.,1064
pannuke_f2_1065,2,Adrenal_gland,Neoplastic;Connective_Soft_tissue,Segment microscopic neoplastic and connective soft tissue features.,1065
pannuke_f2_1066,2,Adrenal_gland,Neoplastic;Connective_Soft_tissue,Goal: mark all neoplastic and connective soft tissue cells.,1066
pannuke_f2_1067,2,Adrenal_gland,Neoplastic;Inflammatory;Connective_Soft_tissue,"Classes to segment: neoplastic, inflammatory and connective soft tissue.",1067
pannuke_f2_1068,2,Adrenal_gland,Neoplastic;Inflammatory;Connective_Soft_tissue,"Target neoplastic, inflammatory and connective soft tissue cells.",1068
pannuke_f2_1069,2,Adrenal_gland,Neoplastic,Highlight present neoplastic cells.,1069
pannuke_f2_1070,2,Adrenal_gland,Neoplastic;Connective_Soft_tissue,Segment visible neoplastic and connective soft tissue regions.,1070
pannuke_f2_1071,2,Adrenal_gland,Neoplastic;Connective_Soft_tissue,Mark stromal neoplastic and connective soft tissue regions.,1071
pannuke_f2_1072,2,Adrenal_gland,Neoplastic;Connective_Soft_tissue,Identify all neoplastic and connective soft tissue nuclei.,1072
pannuke_f2_1073,2,Adrenal_gland,Neoplastic,Segment locations of neoplastic.,1073
pannuke_f2_1074,2,Adrenal_gland,Neoplastic,Note neoplastic presence in Adrenal gland tissue.,1074
pannuke_f2_1075,2,Esophagus,Neoplastic,Segment locations of neoplastic.,1075
pannuke_f2_1076,2,Esophagus,Neoplastic;Connective_Soft_tissue,Can you identify neoplastic and connective soft tissue?,1076
pannuke_f2_1077,2,Esophagus,Neoplastic,Segment boundaries of neoplastic.,1077
pannuke_f2_1078,2,Esophagus,Neoplastic,Identify nuclear neoplastic features.,1078
pannuke_f2_1079,2,Esophagus,Neoplastic,Annotate visible neoplastic.,1079
pannuke_f2_1080,2,Esophagus,Neoplastic;Connective_Soft_tissue,Map neoplastic and connective soft tissue distribution.,1080
pannuke_f2_1081,2,Esophagus,Neoplastic,Segment any neoplastic present.,1081
pannuke_f2_1082,2,Esophagus,Neoplastic,Mark neoplastic tissue architecture.,1082
pannuke_f2_1083,2,Esophagus,Neoplastic;Connective_Soft_tissue,Segment locations of neoplastic and connective soft tissue.,1083
pannuke_f2_1084,2,Esophagus,Neoplastic;Inflammatory;Connective_Soft_tissue,"Mark regions of neoplastic, inflammatory and connective soft tissue accumulation.",1084
pannuke_f2_1085,2,Esophagus,Neoplastic;Inflammatory;Connective_Soft_tissue,"Distinguish all neoplastic, inflammatory and connective soft tissue areas.",1085
pannuke_f2_1086,2,Esophagus,Neoplastic;Inflammatory;Connective_Soft_tissue,"Where can you find neoplastic, inflammatory and connective soft tissue?",1086
pannuke_f2_1087,2,Esophagus,Neoplastic;Connective_Soft_tissue,Define neoplastic and connective soft tissue regions.,1087
pannuke_f2_1088,2,Esophagus,Inflammatory;Connective_Soft_tissue;Epithelial,"Annotate all inflammatory, connective soft tissue and epithelial areas.",1088
pannuke_f2_1089,2,Esophagus,Epithelial,Identify epithelial components.,1089
pannuke_f2_1090,2,Esophagus,Inflammatory;Connective_Soft_tissue;Epithelial,"Draw inflammatory, connective soft tissue and epithelial boundaries.",1090
pannuke_f2_1091,2,Esophagus,Inflammatory;Connective_Soft_tissue;Epithelial,"Mark inflammatory, connective soft tissue and epithelial cytoplasmic features.",1091
pannuke_f2_1092,2,Esophagus,Connective_Soft_tissue;Epithelial,Identify visible connective soft tissue and epithelial areas.,1092
pannuke_f2_1093,2,Esophagus,Neoplastic,Mark neoplastic for area measurement.,1093
pannuke_f2_1094,2,Esophagus,Neoplastic;Connective_Soft_tissue,Where are neoplastic and connective soft tissue cells visible?,1094
pannuke_f2_1095,2,Esophagus,Neoplastic;Inflammatory;Connective_Soft_tissue,"Segment neoplastic, inflammatory and connective soft tissue membrane patterns.",1095
pannuke_f2_1096,2,Esophagus,Neoplastic;Connective_Soft_tissue,Inspect this Esophagus sample for neoplastic and connective soft tissue.,1096
pannuke_f2_1097,2,Esophagus,Neoplastic;Connective_Soft_tissue,Identify and mark neoplastic and connective soft tissue.,1097
pannuke_f2_1098,2,Esophagus,Neoplastic;Connective_Soft_tissue,Segment zones of neoplastic and connective soft tissue presence.,1098
pannuke_f2_1099,2,Esophagus,Neoplastic;Connective_Soft_tissue,Identify the neoplastic and connective soft tissue regions.,1099
pannuke_f2_1100,2,Esophagus,Neoplastic;Inflammatory;Connective_Soft_tissue,"Delineate present neoplastic, inflammatory and connective soft tissue structures.",1100
pannuke_f2_1101,2,Esophagus,Neoplastic;Connective_Soft_tissue,"Across the Esophagus section, segment neoplastic and connective soft tissue.",1101
pannuke_f2_1102,2,Esophagus,Neoplastic;Connective_Soft_tissue,Identify clusters of neoplastic and connective soft tissue cells.,1102
pannuke_f2_1103,2,Esophagus,Neoplastic;Connective_Soft_tissue,Discern all neoplastic and connective soft tissue areas.,1103
pannuke_f2_1104,2,Esophagus,Neoplastic;Connective_Soft_tissue,Identify visible neoplastic and connective soft tissue structures.,1104
pannuke_f2_1105,2,Esophagus,Neoplastic,Segment neoplastic to enable cell counting.,1105
pannuke_f2_1106,2,Esophagus,Connective_Soft_tissue,Where is connective soft tissue located?,1106
pannuke_f2_1107,2,Esophagus,Neoplastic;Connective_Soft_tissue,Identify visible neoplastic and connective soft tissue regions.,1107
pannuke_f2_1108,2,Adrenal_gland,Inflammatory;Connective_Soft_tissue;Epithelial,"Mark all inflammatory, connective soft tissue and epithelial cells.",1108
pannuke_f2_1109,2,Adrenal_gland,Connective_Soft_tissue;Epithelial,Generate connective soft tissue and epithelial segmentation.,1109
pannuke_f2_1110,2,Adrenal_gland,Inflammatory;Connective_Soft_tissue;Epithelial,"Identify present inflammatory, connective soft tissue and epithelial tissue.",1110
pannuke_f2_1111,2,Adrenal_gland,Connective_Soft_tissue;Epithelial,Create mask for connective soft tissue and epithelial.,1111
pannuke_f2_1112,2,Adrenal_gland,Connective_Soft_tissue;Epithelial,Segment each connective soft tissue and epithelial region.,1112
pannuke_f2_1113,2,Adrenal_gland,Inflammatory;Connective_Soft_tissue;Epithelial,"Pay attention to inflammatory, connective soft tissue and epithelial areas.",1113
pannuke_f2_1114,2,Adrenal_gland,Inflammatory;Connective_Soft_tissue;Epithelial,"Segment inflammatory, connective soft tissue and epithelial in this Adrenal gland tissue.",1114
pannuke_f2_1115,2,Adrenal_gland,Inflammatory;Connective_Soft_tissue;Epithelial,"Mark inflammatory, connective soft tissue and epithelial cytoplasmic features.",1115
pannuke_f2_1116,2,Adrenal_gland,Connective_Soft_tissue;Epithelial,"Viewing this section, segment connective soft tissue and epithelial.",1116
pannuke_f2_1117,2,Adrenal_gland,Inflammatory;Connective_Soft_tissue;Epithelial,"Provide mask for inflammatory, connective soft tissue and epithelial.",1117
pannuke_f2_1118,2,Adrenal_gland,Inflammatory;Connective_Soft_tissue;Epithelial,"Identify inflammatory, connective soft tissue and epithelial components.",1118
pannuke_f2_1119,2,Adrenal_gland,Inflammatory;Connective_Soft_tissue;Epithelial,"Accurately identify and mark all inflammatory, connective soft tissue and epithelial areas present in the slide.",1119
pannuke_f2_1120,2,Adrenal_gland,Inflammatory;Connective_Soft_tissue;Epithelial,"Review this Adrenal gland slide and identify inflammatory, connective soft tissue and epithelial.",1120
pannuke_f2_1121,2,Adrenal_gland,Inflammatory;Connective_Soft_tissue;Epithelial,"Segment any inflammatory, connective soft tissue and epithelial cells visible.",1121
pannuke_f2_1122,2,Adrenal_gland,Inflammatory;Connective_Soft_tissue;Epithelial,"Recognize the inflammatory, connective soft tissue and epithelial regions.",1122
pannuke_f2_1123,2,Adrenal_gland,Inflammatory;Epithelial,"From this Adrenal gland slide, segment inflammatory and epithelial.",1123
pannuke_f2_1124,2,Pancreatic,Inflammatory;Connective_Soft_tissue;Epithelial,"Segment inflammatory, connective soft tissue and epithelial in this microscopy image.",1124
pannuke_f2_1125,2,Pancreatic,Inflammatory;Connective_Soft_tissue,Identify inflammatory and connective soft tissue in the tissue microenvironment.,1125
pannuke_f2_1126,2,Pancreatic,Inflammatory;Connective_Soft_tissue;Epithelial,"Within Pancreatic tissue, annotate inflammatory, connective soft tissue and epithelial.",1126
pannuke_f2_1127,2,Pancreatic,Connective_Soft_tissue,Segment zones of connective soft tissue.,1127
pannuke_f2_1128,2,Pancreatic,Connective_Soft_tissue,Segment tissue showing connective soft tissue.,1128
pannuke_f2_1129,2,Pancreatic,Connective_Soft_tissue,Precisely delineate the boundaries of connective soft tissue cells in this tissue section.,1129
pannuke_f2_1130,2,Pancreatic,Connective_Soft_tissue,Locate the connective soft tissue areas.,1130
pannuke_f2_1131,2,Pancreatic,Inflammatory;Connective_Soft_tissue,Highlight all inflammatory and connective soft tissue structures.,1131
pannuke_f2_1132,2,Pancreatic,Connective_Soft_tissue,Segment connective soft tissue elements.,1132
pannuke_f2_1133,2,Pancreatic,Inflammatory;Connective_Soft_tissue,Identify inflammatory and connective soft tissue in the tissue microenvironment.,1133
pannuke_f2_1134,2,Pancreatic,Neoplastic;Connective_Soft_tissue,Mark neoplastic and connective soft tissue cytoplasmic features.,1134
pannuke_f2_1135,2,Pancreatic,Connective_Soft_tissue,Delineate connective soft tissue with accurate boundary detection.,1135
pannuke_f2_1136,2,Pancreatic,Neoplastic;Connective_Soft_tissue,Target neoplastic and connective soft tissue cells.,1136
pannuke_f2_1137,2,Pancreatic,Connective_Soft_tissue,"Looking at this tissue section, identify connective soft tissue.",1137
pannuke_f2_1138,2,Pancreatic,Neoplastic;Inflammatory;Connective_Soft_tissue,"Analyze neoplastic, inflammatory and connective soft tissue presence.",1138
pannuke_f2_1139,2,Pancreatic,Neoplastic;Connective_Soft_tissue,Segment the neoplastic and connective soft tissue portions.,1139
pannuke_f2_1140,2,Pancreatic,Neoplastic;Connective_Soft_tissue,Define neoplastic and connective soft tissue extent.,1140
pannuke_f2_1141,2,Pancreatic,Neoplastic;Connective_Soft_tissue,Mark all neoplastic and connective soft tissue regions.,1141
pannuke_f2_1142,2,Pancreatic,Inflammatory;Connective_Soft_tissue,Identify present inflammatory and connective soft tissue tissue.,1142
pannuke_f2_1143,2,Pancreatic,Neoplastic;Connective_Soft_tissue,Mark neoplastic and connective soft tissue cells in this Pancreatic sample.,1143
pannuke_f2_1144,2,Pancreatic,Neoplastic;Connective_Soft_tissue,Precisely delineate the boundaries of neoplastic and connective soft tissue cells in this tissue section.,1144
pannuke_f2_1145,2,Pancreatic,Connective_Soft_tissue,Locate all connective soft tissue cells.,1145
pannuke_f2_1146,2,Pancreatic,Neoplastic;Connective_Soft_tissue,Mark present neoplastic and connective soft tissue structures.,1146
pannuke_f2_1147,2,Pancreatic,Neoplastic;Inflammatory;Connective_Soft_tissue,"What parts are neoplastic, inflammatory and connective soft tissue?",1147
pannuke_f2_1148,2,Pancreatic,Inflammatory;Connective_Soft_tissue,Analyze this Pancreatic and segment inflammatory and connective soft tissue.,1148
pannuke_f2_1149,2,Pancreatic,Inflammatory;Connective_Soft_tissue,This is a Pancreatic image. Segment inflammatory and connective soft tissue.,1149
pannuke_f2_1150,2,Adrenal_gland,Neoplastic;Connective_Soft_tissue,Provide a complete segmentation of neoplastic and connective soft tissue regions.,1150
pannuke_f2_1151,2,Adrenal_gland,Neoplastic;Inflammatory;Connective_Soft_tissue,"Shown this histology, mark neoplastic, inflammatory and connective soft tissue.",1151
pannuke_f2_1152,2,Adrenal_gland,Neoplastic;Inflammatory;Connective_Soft_tissue,"Segment visible neoplastic, inflammatory and connective soft tissue.",1152
pannuke_f2_1153,2,Adrenal_gland,Neoplastic;Connective_Soft_tissue,Mark visible neoplastic and connective soft tissue cells.,1153
pannuke_f2_1154,2,Adrenal_gland,Neoplastic;Inflammatory,You need to segment neoplastic and inflammatory.,1154
pannuke_f2_1155,2,Adrenal_gland,Neoplastic;Inflammatory;Connective_Soft_tissue,"Identify the neoplastic, inflammatory and connective soft tissue regions.",1155
pannuke_f2_1156,2,Adrenal_gland,Neoplastic;Inflammatory;Connective_Soft_tissue,"The objective is to mark neoplastic, inflammatory and connective soft tissue.",1156
pannuke_f2_1157,2,Adrenal_gland,Neoplastic;Inflammatory;Connective_Soft_tissue,"Trace all neoplastic, inflammatory and connective soft tissue areas.",1157
pannuke_f2_1158,2,Adrenal_gland,Neoplastic,Mark present neoplastic tissue.,1158
pannuke_f2_1159,2,Adrenal_gland,Inflammatory;Connective_Soft_tissue,Provide mask for inflammatory and connective soft tissue.,1159
pannuke_f2_1160,2,Adrenal_gland,Neoplastic;Connective_Soft_tissue,Outline neoplastic and connective soft tissue architectural patterns.,1160
pannuke_f2_1161,2,Adrenal_gland,Neoplastic;Inflammatory;Connective_Soft_tissue,"Circle neoplastic, inflammatory and connective soft tissue cells.",1161
pannuke_f2_1162,2,Adrenal_gland,Neoplastic,Mark present neoplastic tissue.,1162
pannuke_f2_1163,2,Adrenal_gland,Neoplastic;Inflammatory;Connective_Soft_tissue,"Provide a complete segmentation of neoplastic, inflammatory and connective soft tissue regions.",1163
pannuke_f2_1164,2,Adrenal_gland,Neoplastic,Mark neoplastic structures in Adrenal gland.,1164
pannuke_f2_1165,2,Adrenal_gland,Neoplastic;Inflammatory;Connective_Soft_tissue,"Delineate present neoplastic, inflammatory and connective soft tissue tissue.",1165
pannuke_f2_1166,2,Adrenal_gland,Neoplastic;Inflammatory;Connective_Soft_tissue,"Isolate neoplastic, inflammatory and connective soft tissue from background.",1166
pannuke_f2_1167,2,Adrenal_gland,Neoplastic;Inflammatory;Connective_Soft_tissue,"Annotate all neoplastic, inflammatory and connective soft tissue areas.",1167
pannuke_f2_1168,2,Adrenal_gland,Neoplastic;Inflammatory;Connective_Soft_tissue,"Mark present neoplastic, inflammatory and connective soft tissue regions.",1168
pannuke_f2_1169,2,Adrenal_gland,Neoplastic;Connective_Soft_tissue,Segment neoplastic and connective soft tissue zones.,1169
pannuke_f2_1170,2,Adrenal_gland,Neoplastic;Connective_Soft_tissue,"In this histopathology image, please segment neoplastic and connective soft tissue.",1170
pannuke_f2_1171,2,Cervix,Neoplastic;Inflammatory;Connective_Soft_tissue,"Mark present neoplastic, inflammatory and connective soft tissue structures.",1171
pannuke_f2_1172,2,Cervix,Neoplastic;Inflammatory,Label the neoplastic and inflammatory tissue.,1172
pannuke_f2_1173,2,Cervix,Neoplastic;Inflammatory,"For Cervix pathology, outline neoplastic and inflammatory.",1173
pannuke_f2_1174,2,Cervix,Neoplastic;Inflammatory;Connective_Soft_tissue,"Mark neoplastic, inflammatory and connective soft tissue cells in this Cervix sample.",1174
pannuke_f2_1175,2,Cervix,Neoplastic;Inflammatory,Segment the neoplastic and inflammatory spread.,1175
pannuke_f2_1176,2,Cervix,Neoplastic;Inflammatory,Delineate all neoplastic and inflammatory structures.,1176
pannuke_f2_1177,2,Cervix,Neoplastic;Inflammatory,Segment each neoplastic and inflammatory region.,1177
pannuke_f2_1178,2,Cervix,Neoplastic;Inflammatory,Segment neoplastic and inflammatory to enable cell counting.,1178
pannuke_f2_1179,2,Cervix,Neoplastic;Inflammatory;Connective_Soft_tissue,"Segment neoplastic, inflammatory and connective soft tissue for feature extraction.",1179
pannuke_f2_1180,2,Cervix,Neoplastic;Inflammatory;Connective_Soft_tissue,"Which regions show neoplastic, inflammatory and connective soft tissue?",1180
pannuke_f2_1181,2,Cervix,Neoplastic;Inflammatory;Connective_Soft_tissue,"Your task: segment neoplastic, inflammatory and connective soft tissue in this image.",1181
pannuke_f2_1182,2,Cervix,Neoplastic;Inflammatory,Outline neoplastic and inflammatory in the Cervix image.,1182
pannuke_f2_1183,2,Cervix,Neoplastic;Inflammatory;Connective_Soft_tissue;Dead,"Outline the neoplastic, inflammatory, connective soft tissue and dead boundaries.",1183
pannuke_f2_1184,2,Cervix,Neoplastic;Inflammatory;Connective_Soft_tissue,"Segment tissue showing neoplastic, inflammatory and connective soft tissue.",1184
pannuke_f2_1185,2,Cervix,Neoplastic;Connective_Soft_tissue,Highlight visible neoplastic and connective soft tissue cells.,1185
pannuke_f2_1186,2,Cervix,Neoplastic;Dead,Pinpoint the neoplastic and dead regions.,1186
pannuke_f2_1187,2,Cervix,Neoplastic,Mark the neoplastic tissue compartment.,1187
pannuke_f2_1188,2,Cervix,Neoplastic;Inflammatory;Connective_Soft_tissue,"Segment present neoplastic, inflammatory and connective soft tissue regions.",1188
pannuke_f2_1189,2,Cervix,Neoplastic,Highlight neoplastic in this Cervix slide.,1189
pannuke_f2_1190,2,Cervix,Inflammatory;Connective_Soft_tissue,There is inflammatory and connective soft tissue present. Mark it.,1190
pannuke_f2_1191,2,Cervix,Inflammatory;Connective_Soft_tissue,"Looking at this tissue section, identify inflammatory and connective soft tissue.",1191
pannuke_f2_1192,2,Cervix,Inflammatory;Connective_Soft_tissue,Delineate all inflammatory and connective soft tissue structures.,1192
pannuke_f2_1193,2,Cervix,Inflammatory;Connective_Soft_tissue,Segment inflammatory and connective soft tissue for pathological assessment.,1193
pannuke_f2_1194,2,Bile-duct,Neoplastic;Connective_Soft_tissue,Segment neoplastic and connective soft tissue in relation to stroma.,1194
pannuke_f2_1195,2,Bile-duct,Neoplastic;Connective_Soft_tissue,Recognize neoplastic and connective soft tissue cells.,1195
pannuke_f2_1196,2,Bile-duct,Neoplastic;Inflammatory,Annotate all neoplastic and inflammatory areas.,1196
pannuke_f2_1197,2,Bile-duct,Neoplastic;Inflammatory;Connective_Soft_tissue,"Segment the neoplastic, inflammatory and connective soft tissue sections.",1197
pannuke_f2_1198,2,Bile-duct,Neoplastic;Inflammatory;Connective_Soft_tissue,"Delineate neoplastic, inflammatory and connective soft tissue in Bile-duct pathology.",1198
pannuke_f2_1199,2,Bile-duct,Neoplastic;Inflammatory;Connective_Soft_tissue,"Identify the neoplastic, inflammatory and connective soft tissue regions.",1199
pannuke_f2_1200,2,Bile-duct,Neoplastic;Connective_Soft_tissue,Pinpoint the neoplastic and connective soft tissue tissue.,1200
pannuke_f2_1201,2,Bile-duct,Neoplastic;Inflammatory;Connective_Soft_tissue,"Segment the neoplastic, inflammatory and connective soft tissue components.",1201
pannuke_f2_1202,2,Bile-duct,Neoplastic,Spot neoplastic cells.,1202
pannuke_f2_1203,2,Bile-duct,Neoplastic,Please mark neoplastic areas.,1203
pannuke_f2_1204,2,Bile-duct,Neoplastic,Detect neoplastic in Bile-duct histology.,1204
pannuke_f2_1205,2,Bile-duct,Neoplastic,Segment neoplastic tissue morphology.,1205
pannuke_f2_1206,2,Bile-duct,Neoplastic;Connective_Soft_tissue,Identify and segment neoplastic and connective soft tissue.,1206
pannuke_f2_1207,2,Bile-duct,Neoplastic,Please identify neoplastic cells.,1207
pannuke_f2_1208,2,Bile-duct,Neoplastic,Find the neoplastic areas.,1208
pannuke_f2_1209,2,Bile-duct,Neoplastic,Mark the neoplastic regions.,1209
pannuke_f2_1210,2,Bile-duct,Neoplastic;Connective_Soft_tissue,Output neoplastic and connective soft tissue mask.,1210
pannuke_f2_1211,2,Bile-duct,Neoplastic;Connective_Soft_tissue,Delineate neoplastic and connective soft tissue areas.,1211
pannuke_f2_1212,2,Bile-duct,Neoplastic;Connective_Soft_tissue,Please locate neoplastic and connective soft tissue.,1212
pannuke_f2_1213,2,Testis,Neoplastic;Inflammatory;Connective_Soft_tissue,"Examine neoplastic, inflammatory and connective soft tissue distribution.",1213
pannuke_f2_1214,2,Testis,Neoplastic,Provide a complete segmentation of neoplastic regions.,1214
pannuke_f2_1215,2,Testis,Neoplastic,Segment the entire neoplastic population.,1215
pannuke_f2_1216,2,Testis,Neoplastic,Point out visible neoplastic.,1216
pannuke_f2_1217,2,Testis,Neoplastic;Inflammatory,Chart neoplastic and inflammatory distribution.,1217
pannuke_f2_1218,2,Testis,Neoplastic;Inflammatory;Connective_Soft_tissue,"Segment neoplastic, inflammatory and connective soft tissue throughout the image.",1218
pannuke_f2_1219,2,Testis,Neoplastic,Sketch neoplastic boundaries.,1219
pannuke_f2_1220,2,Testis,Neoplastic,Segment neoplastic elements.,1220
pannuke_f2_1221,2,Testis,Neoplastic;Inflammatory;Connective_Soft_tissue,"Define neoplastic, inflammatory and connective soft tissue regions.",1221
pannuke_f2_1222,2,Testis,Neoplastic;Connective_Soft_tissue,Delineate neoplastic and connective soft tissue with accurate boundary detection.,1222
pannuke_f2_1223,2,Testis,Neoplastic;Inflammatory;Connective_Soft_tissue,"Identify neoplastic, inflammatory and connective soft tissue in this histology section.",1223
pannuke_f2_1224,2,Testis,Neoplastic;Inflammatory;Connective_Soft_tissue,"Delineate neoplastic, inflammatory and connective soft tissue for clinical evaluation.",1224
pannuke_f2_1225,2,Testis,Neoplastic;Inflammatory;Connective_Soft_tissue,"Pinpoint neoplastic, inflammatory and connective soft tissue in this Testis.",1225
pannuke_f2_1226,2,Testis,Neoplastic;Connective_Soft_tissue,The tissue shows neoplastic and connective soft tissue. Mark the areas.,1226
pannuke_f2_1227,2,Testis,Neoplastic;Connective_Soft_tissue,This image contains neoplastic and connective soft tissue. Segment it.,1227
pannuke_f2_1228,2,Testis,Neoplastic;Inflammatory;Connective_Soft_tissue,"Locate and segment neoplastic, inflammatory and connective soft tissue.",1228
pannuke_f2_1229,2,Testis,Neoplastic;Inflammatory;Connective_Soft_tissue,"Mark the neoplastic, inflammatory and connective soft tissue areas.",1229
pannuke_f2_1230,2,Testis,Neoplastic;Inflammatory;Connective_Soft_tissue,"Segment only neoplastic, inflammatory and connective soft tissue.",1230
pannuke_f2_1231,2,Testis,Connective_Soft_tissue,"Observing this sample, delineate connective soft tissue.",1231
pannuke_f2_1232,2,Testis,Neoplastic;Inflammatory;Connective_Soft_tissue,"Identify nuclear neoplastic, inflammatory and connective soft tissue features.",1232
pannuke_f2_1233,2,Testis,Inflammatory;Connective_Soft_tissue,Mark all inflammatory and connective soft tissue structures.,1233
pannuke_f2_1234,2,Testis,Inflammatory;Connective_Soft_tissue,Circle all inflammatory and connective soft tissue areas.,1234
pannuke_f2_1235,2,Testis,Neoplastic;Inflammatory;Connective_Soft_tissue,"Mark present neoplastic, inflammatory and connective soft tissue tissue.",1235
pannuke_f2_1236,2,Testis,Inflammatory;Connective_Soft_tissue,Delineate all inflammatory and connective soft tissue structures.,1236
pannuke_f2_1237,2,Testis,Inflammatory;Connective_Soft_tissue;Epithelial,"inflammatory, connective soft tissue and epithelial appears in this image. Segment all instances.",1237
pannuke_f2_1238,2,Testis,Connective_Soft_tissue;Epithelial,Where are the connective soft tissue and epithelial regions?,1238
pannuke_f2_1239,2,Testis,Inflammatory;Connective_Soft_tissue;Epithelial,"Segment inflammatory, connective soft tissue and epithelial in the tumor stroma.",1239
pannuke_f2_1240,2,Testis,Inflammatory;Connective_Soft_tissue;Epithelial,"Segment all visible inflammatory, connective soft tissue and epithelial.",1240
pannuke_f2_1241,2,Testis,,,1241
pannuke_f2_1242,2,Testis,Connective_Soft_tissue;Epithelial,Mark visible connective soft tissue and epithelial areas.,1242
pannuke_f2_1243,2,Testis,Epithelial,Review this Testis slide and identify epithelial.,1243
pannuke_f2_1244,2,Testis,Epithelial,Highlight present epithelial areas.,1244
pannuke_f2_1245,2,Testis,Connective_Soft_tissue;Epithelial,Highlight all connective soft tissue and epithelial structures.,1245
pannuke_f2_1246,2,Testis,Inflammatory;Connective_Soft_tissue;Epithelial,"Indicate the inflammatory, connective soft tissue and epithelial regions.",1246
pannuke_f2_1247,2,Testis,Inflammatory;Connective_Soft_tissue;Epithelial,"Shown this histology, mark inflammatory, connective soft tissue and epithelial.",1247
pannuke_f2_1248,2,Testis,,,1248
pannuke_f2_1249,2,Testis,,,1249
pannuke_f2_1250,2,Testis,Epithelial,Mark all epithelial tissue.,1250
pannuke_f2_1251,2,Testis,Inflammatory;Connective_Soft_tissue;Epithelial,"Highlight inflammatory, connective soft tissue and epithelial in this Testis slide.",1251
pannuke_f2_1252,2,Testis,Inflammatory;Connective_Soft_tissue;Epithelial,"Segment inflammatory, connective soft tissue and epithelial for feature extraction.",1252
pannuke_f2_1253,2,Testis,Inflammatory;Connective_Soft_tissue,Delineate present inflammatory and connective soft tissue structures.,1253
pannuke_f2_1254,2,Testis,Connective_Soft_tissue;Epithelial,Locate all connective soft tissue and epithelial cells.,1254
pannuke_f2_1255,2,Testis,Epithelial,Can you locate epithelial?,1255
pannuke_f2_1256,2,Testis,Connective_Soft_tissue;Epithelial,Mark connective soft tissue and epithelial in this Testis specimen.,1256
pannuke_f2_1257,2,Testis,Inflammatory;Connective_Soft_tissue;Epithelial,"Identify present inflammatory, connective soft tissue and epithelial tissue.",1257
pannuke_f2_1258,2,Testis,Inflammatory;Connective_Soft_tissue,"Presented with this tissue, identify inflammatory and connective soft tissue.",1258
pannuke_f2_1259,2,Testis,Neoplastic;Inflammatory;Connective_Soft_tissue,"Find the neoplastic, inflammatory and connective soft tissue areas.",1259
pannuke_f2_1260,2,Testis,Inflammatory;Connective_Soft_tissue,Spot the inflammatory and connective soft tissue regions.,1260
pannuke_f2_1261,2,Testis,Neoplastic;Inflammatory;Connective_Soft_tissue,"Point out the neoplastic, inflammatory and connective soft tissue regions.",1261
pannuke_f2_1262,2,Testis,Inflammatory;Connective_Soft_tissue,Find inflammatory and connective soft tissue in this image.,1262
pannuke_f2_1263,2,Testis,Connective_Soft_tissue;Epithelial,Recognize connective soft tissue and epithelial in Testis pathology.,1263
pannuke_f2_1264,2,Testis,Connective_Soft_tissue;Epithelial,Mark present connective soft tissue and epithelial structures.,1264
pannuke_f2_1265,2,Bile-duct,Neoplastic;Connective_Soft_tissue;Dead,"In the Bile-duct microstructure, find neoplastic, connective soft tissue and dead.",1265
pannuke_f2_1266,2,Bile-duct,Neoplastic;Connective_Soft_tissue;Dead,"Identify present neoplastic, connective soft tissue and dead tissue.",1266
pannuke_f2_1267,2,Bile-duct,Connective_Soft_tissue,Identify the connective soft tissue regions.,1267
pannuke_f2_1268,2,Bile-duct,Neoplastic;Connective_Soft_tissue,Delineate visible neoplastic and connective soft tissue regions.,1268
pannuke_f2_1269,2,Bile-duct,Neoplastic;Connective_Soft_tissue,Identify all neoplastic and connective soft tissue structures.,1269
pannuke_f2_1270,2,Bile-duct,Neoplastic;Connective_Soft_tissue,Please show neoplastic and connective soft tissue regions.,1270
pannuke_f2_1271,2,Bile-duct,Neoplastic;Connective_Soft_tissue,Generate mask for neoplastic and connective soft tissue.,1271
pannuke_f2_1272,2,Bile-duct,Connective_Soft_tissue,"In the Bile-duct specimen, label connective soft tissue.",1272
pannuke_f2_1273,2,Bile-duct,Neoplastic;Connective_Soft_tissue,Purpose: delineate neoplastic and connective soft tissue boundaries.,1273
pannuke_f2_1274,2,Bile-duct,Neoplastic;Connective_Soft_tissue,Indicate where neoplastic and connective soft tissue is present.,1274
pannuke_f2_1275,2,Bile-duct,Connective_Soft_tissue,Highlight all connective soft tissue areas.,1275
pannuke_f2_1276,2,Bile-duct,Neoplastic;Connective_Soft_tissue,Mark neoplastic and connective soft tissue ensuring complete coverage of affected areas.,1276
pannuke_f2_1277,2,Bile-duct,Connective_Soft_tissue,Identify the connective soft tissue microenvironment.,1277
pannuke_f2_1278,2,Bile-duct,Connective_Soft_tissue,Mark all connective soft tissue cells.,1278
pannuke_f2_1279,2,Bile-duct,Connective_Soft_tissue,You should identify connective soft tissue.,1279
pannuke_f2_1280,2,Bile-duct,Connective_Soft_tissue,Locate the connective soft tissue areas.,1280
pannuke_f2_1281,2,Bile-duct,Inflammatory;Connective_Soft_tissue,Delineate the inflammatory and connective soft tissue tissue.,1281
pannuke_f2_1282,2,Bile-duct,Neoplastic;Inflammatory;Connective_Soft_tissue,"Identify neoplastic, inflammatory and connective soft tissue for diagnostic purposes.",1282
pannuke_f2_1283,2,Bile-duct,Neoplastic;Inflammatory;Connective_Soft_tissue,"Mark present neoplastic, inflammatory and connective soft tissue regions.",1283
pannuke_f2_1284,2,Bile-duct,Neoplastic;Inflammatory;Connective_Soft_tissue,"Delineate neoplastic, inflammatory and connective soft tissue boundaries.",1284
pannuke_f2_1285,2,Bile-duct,Inflammatory;Connective_Soft_tissue,Segment the inflammatory and connective soft tissue regions in the image.,1285
pannuke_f2_1286,2,Bile-duct,Neoplastic;Inflammatory,Generate neoplastic and inflammatory segmentation.,1286
pannuke_f2_1287,2,Bile-duct,Neoplastic;Inflammatory;Connective_Soft_tissue,"Highlight present neoplastic, inflammatory and connective soft tissue regions.",1287
pannuke_f2_1288,2,Bile-duct,Neoplastic;Inflammatory;Connective_Soft_tissue,"Locate the neoplastic, inflammatory and connective soft tissue regions.",1288
pannuke_f2_1289,2,Bile-duct,Neoplastic;Connective_Soft_tissue,Identify neoplastic and connective soft tissue in this pathology slide.,1289
pannuke_f2_1290,2,Bile-duct,Neoplastic;Inflammatory;Connective_Soft_tissue,"Identify present neoplastic, inflammatory and connective soft tissue cells.",1290
pannuke_f2_1291,2,Bile-duct,Neoplastic;Inflammatory;Connective_Soft_tissue,"In the Bile-duct specimen, label neoplastic, inflammatory and connective soft tissue.",1291
pannuke_f2_1292,2,Bile-duct,Inflammatory;Connective_Soft_tissue,Which parts have inflammatory and connective soft tissue?,1292
pannuke_f2_1293,2,Bile-duct,Inflammatory;Connective_Soft_tissue,inflammatory and connective soft tissue is visible. Segment the regions.,1293
pannuke_f2_1294,2,Bile-duct,Neoplastic;Inflammatory;Connective_Soft_tissue,"Please highlight neoplastic, inflammatory and connective soft tissue.",1294
pannuke_f2_1295,2,Colon,Inflammatory;Connective_Soft_tissue;Epithelial,"inflammatory, connective soft tissue and epithelial is visible. Segment the regions.",1295
pannuke_f2_1296,2,Colon,Inflammatory;Connective_Soft_tissue;Epithelial,"Delineate all inflammatory, connective soft tissue and epithelial structures.",1296
pannuke_f2_1297,2,Colon,Neoplastic;Inflammatory,Mark the neoplastic and inflammatory tissue compartment.,1297
pannuke_f2_1298,2,Colon,Neoplastic;Dead,"Observing this sample, delineate neoplastic and dead.",1298
pannuke_f2_1299,2,Colon,Neoplastic;Inflammatory;Connective_Soft_tissue;Dead,"Identify neoplastic, inflammatory, connective soft tissue and dead tissue regions.",1299
pannuke_f2_1300,2,Colon,Epithelial,Highlight visible epithelial regions.,1300
pannuke_f2_1301,2,Colon,Inflammatory;Connective_Soft_tissue;Epithelial,"Segment all inflammatory, connective soft tissue and epithelial regions.",1301
pannuke_f2_1302,2,Colon,Inflammatory;Connective_Soft_tissue,Highlight the inflammatory and connective soft tissue regions.,1302
pannuke_f2_1303,2,Colon,Inflammatory;Connective_Soft_tissue,Target inflammatory and connective soft tissue cells.,1303
pannuke_f2_1304,2,Colon,Inflammatory;Connective_Soft_tissue,Focus on inflammatory and connective soft tissue in this image.,1304
pannuke_f2_1305,2,Colon,Inflammatory;Connective_Soft_tissue,Sketch inflammatory and connective soft tissue regions.,1305
pannuke_f2_1306,2,Colon,Neoplastic;Inflammatory,Recognize visible neoplastic and inflammatory.,1306
pannuke_f2_1307,2,Colon,Neoplastic;Inflammatory;Connective_Soft_tissue,"Mark stromal neoplastic, inflammatory and connective soft tissue regions.",1307
pannuke_f2_1308,2,Colon,Neoplastic;Inflammatory;Connective_Soft_tissue,"Partition neoplastic, inflammatory and connective soft tissue areas.",1308
pannuke_f2_1309,2,Colon,Inflammatory;Connective_Soft_tissue,Recognize the inflammatory and connective soft tissue regions.,1309
pannuke_f2_1310,2,Colon,Inflammatory;Connective_Soft_tissue,Objective: identify inflammatory and connective soft tissue regions.,1310
pannuke_f2_1311,2,Colon,Inflammatory;Connective_Soft_tissue,Pinpoint the inflammatory and connective soft tissue regions.,1311
pannuke_f2_1312,2,Colon,Neoplastic;Dead,Segment neoplastic and dead for feature extraction.,1312
pannuke_f2_1313,2,Colon,Neoplastic;Inflammatory;Connective_Soft_tissue,"Mark present neoplastic, inflammatory and connective soft tissue regions.",1313
pannuke_f2_1314,2,Colon,Neoplastic,Segment all neoplastic regions.,1314
pannuke_f2_1315,2,Colon,Neoplastic,Delineate neoplastic in Colon pathology.,1315
pannuke_f2_1316,2,Colon,Neoplastic;Dead,Map neoplastic and dead distribution.,1316
pannuke_f2_1317,2,Colon,Neoplastic;Inflammatory,Indicate all neoplastic and inflammatory cells.,1317
pannuke_f2_1318,2,Colon,Neoplastic;Inflammatory;Connective_Soft_tissue,"Locate and segment neoplastic, inflammatory and connective soft tissue.",1318
pannuke_f2_1319,2,Colon,Neoplastic;Inflammatory;Connective_Soft_tissue,"Segment neoplastic, inflammatory and connective soft tissue membrane patterns.",1319
pannuke_f2_1320,2,Colon,Inflammatory;Connective_Soft_tissue,Mark visible inflammatory and connective soft tissue structures.,1320
pannuke_f2_1321,2,Colon,Inflammatory;Connective_Soft_tissue,Segment inflammatory and connective soft tissue for feature extraction.,1321
pannuke_f2_1322,2,Colon,Inflammatory;Connective_Soft_tissue,Highlight visible inflammatory and connective soft tissue regions.,1322
pannuke_f2_1323,2,Colon,Inflammatory;Connective_Soft_tissue,Isolate inflammatory and connective soft tissue cells.,1323
pannuke_f2_1324,2,Colon,Inflammatory;Connective_Soft_tissue,Circle inflammatory and connective soft tissue cells.,1324
pannuke_f2_1325,2,Colon,Connective_Soft_tissue,Segment present connective soft tissue cells.,1325
pannuke_f2_1326,2,Colon,Neoplastic,Recognize neoplastic cells.,1326
pannuke_f2_1327,2,Colon,Neoplastic,Extract all neoplastic areas.,1327
pannuke_f2_1328,2,Colon,Neoplastic,Mark cellular neoplastic regions.,1328
pannuke_f2_1329,2,Colon,Inflammatory;Connective_Soft_tissue,Locate inflammatory and connective soft tissue in Colon tissue.,1329
pannuke_f2_1330,2,Colon,Inflammatory;Connective_Soft_tissue,Sketch inflammatory and connective soft tissue regions.,1330
pannuke_f2_1331,2,Colon,Inflammatory;Connective_Soft_tissue,Produce a detailed outline of inflammatory and connective soft tissue structures.,1331
pannuke_f2_1332,2,Adrenal_gland,Neoplastic;Connective_Soft_tissue,Pinpoint the neoplastic and connective soft tissue tissue.,1332
pannuke_f2_1333,2,Adrenal_gland,Neoplastic;Connective_Soft_tissue,Can you identify neoplastic and connective soft tissue?,1333
pannuke_f2_1334,2,Adrenal_gland,Neoplastic;Inflammatory,Mark visible neoplastic and inflammatory.,1334
pannuke_f2_1335,2,Adrenal_gland,Neoplastic,Can you find neoplastic?,1335
pannuke_f2_1336,2,Adrenal_gland,Neoplastic;Connective_Soft_tissue,Segment neoplastic and connective soft tissue in this histology image.,1336
pannuke_f2_1337,2,Adrenal_gland,Inflammatory;Connective_Soft_tissue,Provide mask for inflammatory and connective soft tissue.,1337
pannuke_f2_1338,2,Adrenal_gland,Inflammatory;Connective_Soft_tissue,Delineate inflammatory and connective soft tissue for clinical evaluation.,1338
pannuke_f2_1339,2,Adrenal_gland,Connective_Soft_tissue,Highlight connective soft tissue cellular characteristics.,1339
pannuke_f2_1340,2,Adrenal_gland,Inflammatory,Evaluate inflammatory areas.,1340
pannuke_f2_1341,2,Adrenal_gland,Connective_Soft_tissue,Detect connective soft tissue in Adrenal gland histology.,1341
pannuke_f2_1342,2,Adrenal_gland,Neoplastic,"In the Adrenal gland specimen, label neoplastic.",1342
pannuke_f2_1343,2,Adrenal_gland,Neoplastic,Can you segment neoplastic?,1343
pannuke_f2_1344,2,Adrenal_gland,Neoplastic;Connective_Soft_tissue,Goal: mark all neoplastic and connective soft tissue cells.,1344
pannuke_f2_1345,2,Adrenal_gland,Neoplastic;Connective_Soft_tissue,Please show neoplastic and connective soft tissue regions.,1345
pannuke_f2_1346,2,Adrenal_gland,Neoplastic,Mark all neoplastic cells.,1346
pannuke_f2_1347,2,Adrenal_gland,Neoplastic,The objective is to mark neoplastic.,1347
pannuke_f2_1348,2,Adrenal_gland,Neoplastic,Recognize neoplastic cells.,1348
pannuke_f2_1349,2,Adrenal_gland,Neoplastic,Label the neoplastic regions.,1349
pannuke_f2_1350,2,Adrenal_gland,Neoplastic,Find neoplastic in this Adrenal gland sample.,1350
pannuke_f2_1351,2,Adrenal_gland,Neoplastic;Connective_Soft_tissue,Identify neoplastic and connective soft tissue components.,1351
pannuke_f2_1352,2,Adrenal_gland,Epithelial,Segment epithelial in the Adrenal gland section.,1352
pannuke_f2_1353,2,Adrenal_gland,Epithelial,Delineate all epithelial structures.,1353
pannuke_f2_1354,2,Adrenal_gland,Connective_Soft_tissue;Epithelial,Delineate connective soft tissue and epithelial boundaries.,1354
pannuke_f2_1355,2,Adrenal_gland,Connective_Soft_tissue;Epithelial,What areas show connective soft tissue and epithelial?,1355
pannuke_f2_1356,2,Adrenal_gland,Connective_Soft_tissue,Segment extent of connective soft tissue.,1356
pannuke_f2_1357,2,Adrenal_gland,Connective_Soft_tissue,Segment visible connective soft tissue regions.,1357
pannuke_f2_1358,2,Adrenal_gland,Connective_Soft_tissue,You need to segment connective soft tissue.,1358
pannuke_f2_1359,2,Adrenal_gland,Connective_Soft_tissue,Identify connective soft tissue in this image.,1359
pannuke_f2_1360,2,Adrenal_gland,Connective_Soft_tissue,Delineate visible connective soft tissue cells.,1360
pannuke_f2_1361,2,Adrenal_gland,Connective_Soft_tissue,Provide mask for connective soft tissue.,1361
pannuke_f2_1362,2,Adrenal_gland,Connective_Soft_tissue,Point out the connective soft tissue regions.,1362
pannuke_f2_1363,2,Adrenal_gland,Connective_Soft_tissue,Identify connective soft tissue cellular morphology.,1363
pannuke_f2_1364,2,Adrenal_gland,Neoplastic,Segment the neoplastic regions in the image.,1364
pannuke_f2_1365,2,Adrenal_gland,Neoplastic;Connective_Soft_tissue,Show me where neoplastic and connective soft tissue is.,1365
pannuke_f2_1366,2,Adrenal_gland,Neoplastic;Connective_Soft_tissue,Highlight visible neoplastic and connective soft tissue structures.,1366
pannuke_f2_1367,2,Adrenal_gland,Neoplastic;Connective_Soft_tissue,Find neoplastic and connective soft tissue in this image.,1367
pannuke_f2_1368,2,Adrenal_gland,Neoplastic,Target neoplastic regions.,1368
pannuke_f2_1369,2,Adrenal_gland,Connective_Soft_tissue,Highlight all connective soft tissue cells.,1369
pannuke_f2_1370,2,Adrenal_gland,Neoplastic;Connective_Soft_tissue,"Given this Adrenal gland sample, mark neoplastic and connective soft tissue regions.",1370
pannuke_f2_1371,2,Adrenal_gland,Neoplastic;Inflammatory,"For this Adrenal gland sample, mark neoplastic and inflammatory.",1371
pannuke_f2_1372,2,Adrenal_gland,Neoplastic;Inflammatory;Connective_Soft_tissue,"You need to segment neoplastic, inflammatory and connective soft tissue.",1372
pannuke_f2_1373,2,Adrenal_gland,Neoplastic;Connective_Soft_tissue,Show me the neoplastic and connective soft tissue regions.,1373
pannuke_f2_1374,2,Adrenal_gland,Neoplastic,Please mark neoplastic areas.,1374
pannuke_f2_1375,2,Adrenal_gland,Neoplastic;Inflammatory;Connective_Soft_tissue,"Please identify neoplastic, inflammatory and connective soft tissue cells.",1375
pannuke_f2_1376,2,Adrenal_gland,Neoplastic;Connective_Soft_tissue,Indicate the neoplastic and connective soft tissue tissue.,1376
pannuke_f2_1377,2,Adrenal_gland,Neoplastic,Can you segment neoplastic?,1377
pannuke_f2_1378,2,Adrenal_gland,Neoplastic;Inflammatory;Connective_Soft_tissue,"Locate the neoplastic, inflammatory and connective soft tissue regions.",1378
pannuke_f2_1379,2,Adrenal_gland,Neoplastic;Inflammatory;Connective_Soft_tissue,"Identify neoplastic, inflammatory and connective soft tissue spatial arrangement.",1379
pannuke_f2_1380,2,Adrenal_gland,Neoplastic;Connective_Soft_tissue,Focus solely on neoplastic and connective soft tissue.,1380
pannuke_f2_1381,2,Adrenal_gland,Neoplastic;Connective_Soft_tissue,Segment neoplastic and connective soft tissue in this tissue specimen.,1381
pannuke_f2_1382,2,Adrenal_gland,Neoplastic;Inflammatory;Connective_Soft_tissue,"Segment the neoplastic, inflammatory and connective soft tissue nuclei.",1382
pannuke_f2_1383,2,Adrenal_gland,Neoplastic;Connective_Soft_tissue,Delineate all neoplastic and connective soft tissue structures.,1383
pannuke_f2_1384,2,Adrenal_gland,Neoplastic;Connective_Soft_tissue,Mark present neoplastic and connective soft tissue regions.,1384
pannuke_f2_1385,2,Adrenal_gland,Neoplastic;Connective_Soft_tissue,Delineate present neoplastic and connective soft tissue cells.,1385
pannuke_f2_1386,2,Adrenal_gland,Neoplastic;Inflammatory;Connective_Soft_tissue,"Annotate neoplastic, inflammatory and connective soft tissue cells.",1386
pannuke_f2_1387,2,Adrenal_gland,Neoplastic;Inflammatory;Connective_Soft_tissue,"Define neoplastic, inflammatory and connective soft tissue boundaries.",1387
pannuke_f2_1388,2,Adrenal_gland,Neoplastic;Connective_Soft_tissue,Identify neoplastic and connective soft tissue for spatial analysis.,1388
pannuke_f2_1389,2,Adrenal_gland,Inflammatory;Connective_Soft_tissue,Segment inflammatory and connective soft tissue in this histology image.,1389
pannuke_f2_1390,2,Adrenal_gland,Inflammatory,Segment inflammatory in this image.,1390
pannuke_f2_1391,2,Adrenal_gland,Inflammatory;Connective_Soft_tissue,Locate visible inflammatory and connective soft tissue.,1391
pannuke_f2_1392,2,Adrenal_gland,Inflammatory;Connective_Soft_tissue,Identify inflammatory and connective soft tissue for spatial analysis.,1392
pannuke_f2_1393,2,Adrenal_gland,Neoplastic;Connective_Soft_tissue,Segment foci of neoplastic and connective soft tissue.,1393
pannuke_f2_1394,2,Adrenal_gland,Neoplastic;Inflammatory;Connective_Soft_tissue,"Define neoplastic, inflammatory and connective soft tissue regions.",1394
pannuke_f2_1395,2,Adrenal_gland,Neoplastic;Connective_Soft_tissue,Determine neoplastic and connective soft tissue presence.,1395
pannuke_f2_1396,2,Adrenal_gland,Connective_Soft_tissue,Locate connective soft tissue in Adrenal gland tissue.,1396
pannuke_f2_1397,2,Adrenal_gland,Neoplastic,Mark regions of neoplastic accumulation.,1397
pannuke_f2_1398,2,Adrenal_gland,Neoplastic;Connective_Soft_tissue,Segment only neoplastic and connective soft tissue.,1398
pannuke_f2_1399,2,Bile-duct,Connective_Soft_tissue,connective soft tissue appears in this image. Segment all instances.,1399
pannuke_f2_1400,2,Bile-duct,Connective_Soft_tissue,Highlight all connective soft tissue tissue.,1400
pannuke_f2_1401,2,Bile-duct,Connective_Soft_tissue,Highlight visible connective soft tissue tissue.,1401
pannuke_f2_1402,2,Bile-duct,Connective_Soft_tissue,Mark visible connective soft tissue areas.,1402
pannuke_f2_1403,2,Bile-duct,,,1403
pannuke_f2_1404,2,Bile-duct,,,1404
pannuke_f2_1405,2,Bile-duct,Inflammatory;Connective_Soft_tissue,Provide mask for inflammatory and connective soft tissue.,1405
pannuke_f2_1406,2,Bile-duct,Inflammatory;Connective_Soft_tissue;Epithelial,"Mark present inflammatory, connective soft tissue and epithelial structures.",1406
pannuke_f2_1407,2,Bile-duct,Inflammatory;Connective_Soft_tissue;Epithelial,"Delineate present inflammatory, connective soft tissue and epithelial areas.",1407
pannuke_f2_1408,2,Bile-duct,Inflammatory;Connective_Soft_tissue;Epithelial,"Shown this histology, mark inflammatory, connective soft tissue and epithelial.",1408
pannuke_f2_1409,2,Bile-duct,Inflammatory;Connective_Soft_tissue;Epithelial,"The objective is to mark inflammatory, connective soft tissue and epithelial.",1409
pannuke_f2_1410,2,Bile-duct,Inflammatory;Connective_Soft_tissue,Segment the inflammatory and connective soft tissue histological features.,1410
pannuke_f2_1411,2,Bile-duct,Inflammatory;Connective_Soft_tissue,Please identify inflammatory and connective soft tissue cells.,1411
pannuke_f2_1412,2,Bile-duct,Inflammatory;Connective_Soft_tissue,Provide inflammatory and connective soft tissue segmentation.,1412
pannuke_f2_1413,2,Bile-duct,Neoplastic;Inflammatory;Connective_Soft_tissue,"Circle the neoplastic, inflammatory and connective soft tissue structures.",1413
pannuke_f2_1414,2,Bile-duct,Neoplastic;Inflammatory;Connective_Soft_tissue,"Delineate the neoplastic, inflammatory and connective soft tissue regions.",1414
pannuke_f2_1415,2,Bile-duct,Neoplastic;Inflammatory;Connective_Soft_tissue,"Segment the neoplastic, inflammatory and connective soft tissue portions.",1415
pannuke_f2_1416,2,Bile-duct,Neoplastic;Inflammatory;Connective_Soft_tissue,"Output neoplastic, inflammatory and connective soft tissue mask.",1416
pannuke_f2_1417,2,Bile-duct,Neoplastic;Connective_Soft_tissue,Annotate the neoplastic and connective soft tissue tissue.,1417
pannuke_f2_1418,2,Bile-duct,Inflammatory;Connective_Soft_tissue,"Observing this sample, delineate inflammatory and connective soft tissue.",1418
pannuke_f2_1419,2,Bile-duct,Connective_Soft_tissue,Identify clusters of connective soft tissue cells.,1419
pannuke_f2_1420,2,Bile-duct,Connective_Soft_tissue,Mark connective soft tissue distribution pattern.,1420
pannuke_f2_1421,2,Bile-duct,Inflammatory;Connective_Soft_tissue;Epithelial,"Distinguish inflammatory, connective soft tissue and epithelial cells.",1421
pannuke_f2_1422,2,Bile-duct,Inflammatory;Connective_Soft_tissue;Epithelial,"Delineate all inflammatory, connective soft tissue and epithelial.",1422
pannuke_f2_1423,2,Bile-duct,Inflammatory;Connective_Soft_tissue;Epithelial,"Extract inflammatory, connective soft tissue and epithelial cell boundaries.",1423
pannuke_f2_1424,2,Bile-duct,Connective_Soft_tissue,Identify the connective soft tissue structures.,1424
pannuke_f2_1425,2,Bile-duct,Inflammatory;Connective_Soft_tissue,Which cells are inflammatory and connective soft tissue?,1425
pannuke_f2_1426,2,Bile-duct,Inflammatory;Connective_Soft_tissue,"In this Bile-duct histology, identify inflammatory and connective soft tissue cells.",1426
pannuke_f2_1427,2,Bile-duct,Inflammatory;Connective_Soft_tissue,Identify present inflammatory and connective soft tissue regions.,1427
pannuke_f2_1428,2,Bile-duct,Inflammatory;Connective_Soft_tissue,Your goal is to identify inflammatory and connective soft tissue.,1428
pannuke_f2_1429,2,Bile-duct,Inflammatory;Connective_Soft_tissue,Produce segmentation of inflammatory and connective soft tissue.,1429
pannuke_f2_1430,2,Bile-duct,Neoplastic;Connective_Soft_tissue,Required: neoplastic and connective soft tissue segmentation.,1430
pannuke_f2_1431,2,Bile-duct,Neoplastic;Inflammatory;Connective_Soft_tissue,"Segment neoplastic, inflammatory and connective soft tissue zones.",1431
pannuke_f2_1432,2,Bile-duct,Neoplastic;Inflammatory;Connective_Soft_tissue,"The task is to segment neoplastic, inflammatory and connective soft tissue.",1432
pannuke_f2_1433,2,Bile-duct,Neoplastic;Inflammatory;Connective_Soft_tissue,"For this Bile-duct sample, mark neoplastic, inflammatory and connective soft tissue.",1433
pannuke_f2_1434,2,Bile-duct,,,1434
pannuke_f2_1435,2,Bile-duct,,,1435
pannuke_f2_1436,2,Bile-duct,,,1436
pannuke_f2_1437,2,Bile-duct,Neoplastic;Inflammatory;Connective_Soft_tissue,"Spot the neoplastic, inflammatory and connective soft tissue regions.",1437
pannuke_f2_1438,2,Bile-duct,Neoplastic;Inflammatory;Connective_Soft_tissue,"Concentrate on neoplastic, inflammatory and connective soft tissue regions.",1438
pannuke_f2_1439,2,Bile-duct,Neoplastic;Inflammatory,Segment neoplastic and inflammatory in this microscopy image.,1439
pannuke_f2_1440,2,Bile-duct,,,1440
pannuke_f2_1441,2,Bile-duct,Connective_Soft_tissue,Segment visible connective soft tissue.,1441
pannuke_f2_1442,2,Bile-duct,Connective_Soft_tissue,Segment present connective soft tissue regions.,1442
pannuke_f2_1443,2,Bile-duct,Inflammatory;Connective_Soft_tissue,Pay attention to inflammatory and connective soft tissue areas.,1443
pannuke_f2_1444,2,Bile-duct,Connective_Soft_tissue,Segment all connective soft tissue areas.,1444
pannuke_f2_1445,2,Bile-duct,Neoplastic;Inflammatory;Connective_Soft_tissue,"Note neoplastic, inflammatory and connective soft tissue presence in Bile-duct tissue.",1445
pannuke_f2_1446,2,Bile-duct,Neoplastic;Inflammatory;Connective_Soft_tissue,"Mark all neoplastic, inflammatory and connective soft tissue areas.",1446
pannuke_f2_1447,2,Bile-duct,Neoplastic;Inflammatory;Connective_Soft_tissue,"Can you segment neoplastic, inflammatory and connective soft tissue?",1447
pannuke_f2_1448,2,Bile-duct,Neoplastic;Inflammatory;Connective_Soft_tissue,"In this Bile-duct tissue, segment neoplastic, inflammatory and connective soft tissue.",1448
pannuke_f2_1449,2,Bile-duct,Inflammatory;Connective_Soft_tissue,Identify visible inflammatory and connective soft tissue structures.,1449
pannuke_f2_1450,2,Bile-duct,Inflammatory;Connective_Soft_tissue;Epithelial,"Discern all inflammatory, connective soft tissue and epithelial areas.",1450
pannuke_f2_1451,2,Bile-duct,Inflammatory;Connective_Soft_tissue,Highlight all inflammatory and connective soft tissue tissue.,1451
pannuke_f2_1452,2,Bile-duct,Inflammatory;Connective_Soft_tissue;Epithelial,"Identify inflammatory, connective soft tissue and epithelial in this image.",1452
pannuke_f2_1453,2,Bladder,Neoplastic;Inflammatory;Connective_Soft_tissue,"Analyzing this sample, segment neoplastic, inflammatory and connective soft tissue areas.",1453
pannuke_f2_1454,2,Bladder,Neoplastic;Inflammatory;Connective_Soft_tissue,"Delineate visible neoplastic, inflammatory and connective soft tissue regions.",1454
pannuke_f2_1455,2,Bladder,Neoplastic;Connective_Soft_tissue,Circle the neoplastic and connective soft tissue regions.,1455
pannuke_f2_1456,2,Bladder,Neoplastic;Inflammatory;Connective_Soft_tissue,"Identify visible neoplastic, inflammatory and connective soft tissue tissue.",1456
pannuke_f2_1457,2,Bladder,Neoplastic;Connective_Soft_tissue,Divide neoplastic and connective soft tissue from surroundings.,1457
pannuke_f2_1458,2,Bladder,Neoplastic;Inflammatory;Connective_Soft_tissue,"Where can you find neoplastic, inflammatory and connective soft tissue?",1458
pannuke_f2_1459,2,Bladder,Neoplastic;Inflammatory;Connective_Soft_tissue,"Generate neoplastic, inflammatory and connective soft tissue segmentation.",1459
pannuke_f2_1460,2,Bladder,Connective_Soft_tissue,Can you identify connective soft tissue?,1460
pannuke_f2_1461,2,Bladder,Inflammatory;Connective_Soft_tissue,Target inflammatory and connective soft tissue in this image.,1461
pannuke_f2_1462,2,Bladder,Neoplastic;Inflammatory;Connective_Soft_tissue,"Outline neoplastic, inflammatory and connective soft tissue areas.",1462
pannuke_f2_1463,2,Bladder,Inflammatory;Connective_Soft_tissue,Consider only inflammatory and connective soft tissue areas.,1463
pannuke_f2_1464,2,Bladder,Inflammatory;Connective_Soft_tissue,"In the Bladder section, locate inflammatory and connective soft tissue.",1464
pannuke_f2_1465,2,Bladder,Inflammatory;Connective_Soft_tissue,Segment inflammatory and connective soft tissue diagnostic regions.,1465
pannuke_f2_1466,2,Bladder,Inflammatory;Connective_Soft_tissue,Accurately identify and mark all inflammatory and connective soft tissue areas present in the slide.,1466
pannuke_f2_1467,2,Bladder,Inflammatory;Connective_Soft_tissue,Segment inflammatory and connective soft tissue in this tissue specimen.,1467
pannuke_f2_1468,2,Bladder,Inflammatory;Connective_Soft_tissue,Chart inflammatory and connective soft tissue presence.,1468
pannuke_f2_1469,2,Bladder,Inflammatory;Connective_Soft_tissue,Identify visible inflammatory and connective soft tissue areas.,1469
pannuke_f2_1470,2,Bladder,,,1470
pannuke_f2_1471,2,Bladder,,,1471
pannuke_f2_1472,2,Bladder,,,1472
pannuke_f2_1473,2,Bladder,,,1473
pannuke_f2_1474,2,Bladder,,,1474
pannuke_f2_1475,2,Bladder,,,1475
pannuke_f2_1476,2,Bladder,,,1476
pannuke_f2_1477,2,Bladder,,,1477
pannuke_f2_1478,2,Bladder,,,1478
pannuke_f2_1479,2,Bladder,Inflammatory;Connective_Soft_tissue,Delineate inflammatory and connective soft tissue in Bladder pathology.,1479
pannuke_f2_1480,2,Bladder,Connective_Soft_tissue,Segment all connective soft tissue areas.,1480
pannuke_f2_1481,2,Bladder,Connective_Soft_tissue,This Bladder slide shows connective soft tissue. Segment it.,1481
pannuke_f2_1482,2,Bladder,Inflammatory;Connective_Soft_tissue,Carefully segment all inflammatory and connective soft tissue regions visible in this histopathology image.,1482
pannuke_f2_1483,2,Bladder,Inflammatory;Connective_Soft_tissue,Mark visible inflammatory and connective soft tissue structures.,1483
pannuke_f2_1484,2,Bladder,Connective_Soft_tissue,Focus solely on connective soft tissue.,1484
pannuke_f2_1485,2,Bladder,Inflammatory;Connective_Soft_tissue,Highlight present inflammatory and connective soft tissue tissue.,1485
pannuke_f2_1486,2,Bladder,Inflammatory;Connective_Soft_tissue,Point out all inflammatory and connective soft tissue.,1486
pannuke_f2_1487,2,Bladder,Inflammatory;Connective_Soft_tissue,Label visible inflammatory and connective soft tissue.,1487
pannuke_f2_1488,2,Bladder,Neoplastic,Annotate neoplastic cells.,1488
pannuke_f2_1489,2,Bladder,Neoplastic;Inflammatory;Connective_Soft_tissue,"Segment neoplastic, inflammatory and connective soft tissue cellular composition.",1489
pannuke_f2_1490,2,Bladder,Neoplastic;Inflammatory;Connective_Soft_tissue,"Produce segmentation of neoplastic, inflammatory and connective soft tissue.",1490
pannuke_f2_1491,2,Bladder,Inflammatory;Connective_Soft_tissue,Segment locations of inflammatory and connective soft tissue.,1491
pannuke_f2_1492,2,Bladder,Inflammatory;Connective_Soft_tissue,Annotate visible inflammatory and connective soft tissue.,1492
pannuke_f2_1493,2,Bladder,Neoplastic,Segment neoplastic in this tissue specimen.,1493
pannuke_f2_1494,2,Bladder,Neoplastic;Inflammatory;Connective_Soft_tissue,"Target neoplastic, inflammatory and connective soft tissue regions.",1494
pannuke_f2_1495,2,Bladder,Neoplastic;Inflammatory,Segment the neoplastic and inflammatory regions.,1495
pannuke_f2_1496,2,Bladder,Neoplastic,Isolate neoplastic cells.,1496
pannuke_f2_1497,2,Bladder,Neoplastic;Connective_Soft_tissue,Show me all neoplastic and connective soft tissue.,1497
pannuke_f2_1498,2,Bladder,Neoplastic;Connective_Soft_tissue,Delineate visible neoplastic and connective soft tissue cells.,1498
pannuke_f2_1499,2,Bladder,Neoplastic,Review this Bladder slide and identify neoplastic.,1499
pannuke_f2_1500,2,Bladder,Neoplastic;Connective_Soft_tissue,Annotate neoplastic and connective soft tissue in Bladder microscopy.,1500
pannuke_f2_1501,2,Bladder,Neoplastic;Inflammatory;Connective_Soft_tissue,"Identify neoplastic, inflammatory and connective soft tissue tissue regions.",1501
pannuke_f2_1502,2,Bladder,Neoplastic;Inflammatory;Connective_Soft_tissue,"This Bladder slide shows neoplastic, inflammatory and connective soft tissue. Segment it.",1502
pannuke_f2_1503,2,Bladder,Neoplastic,Segment neoplastic histopathological features.,1503
pannuke_f2_1504,2,Breast,Connective_Soft_tissue,"In this histopathology image, please segment connective soft tissue.",1504
pannuke_f2_1505,2,Breast,Connective_Soft_tissue,Segment connective soft tissue in the Breast section.,1505
pannuke_f2_1506,2,Breast,Connective_Soft_tissue,Emphasize connective soft tissue regions.,1506
pannuke_f2_1507,2,Breast,Inflammatory;Connective_Soft_tissue,"Across the Breast section, segment inflammatory and connective soft tissue.",1507
pannuke_f2_1508,2,Breast,Neoplastic;Inflammatory;Connective_Soft_tissue,"Segment the neoplastic, inflammatory and connective soft tissue tissue regions.",1508
pannuke_f2_1509,2,Breast,Neoplastic;Inflammatory;Connective_Soft_tissue,"Identify neoplastic, inflammatory and connective soft tissue tissue regions.",1509
pannuke_f2_1510,2,Breast,Neoplastic;Inflammatory;Connective_Soft_tissue,"Delineate neoplastic, inflammatory and connective soft tissue for pattern recognition.",1510
pannuke_f2_1511,2,Breast,Neoplastic;Inflammatory;Connective_Soft_tissue,"Segment all neoplastic, inflammatory and connective soft tissue areas.",1511
pannuke_f2_1512,2,Breast,Neoplastic;Inflammatory;Connective_Soft_tissue,"Mark neoplastic, inflammatory and connective soft tissue tissue architecture.",1512
pannuke_f2_1513,2,Breast,Neoplastic;Inflammatory;Connective_Soft_tissue,"Sketch neoplastic, inflammatory and connective soft tissue boundaries.",1513
pannuke_f2_1514,2,Breast,Neoplastic;Connective_Soft_tissue,Where are neoplastic and connective soft tissue cells visible?,1514
pannuke_f2_1515,2,Breast,Neoplastic;Connective_Soft_tissue,Identify neoplastic and connective soft tissue in this histology section.,1515
pannuke_f2_1516,2,Breast,Neoplastic;Inflammatory;Connective_Soft_tissue,"Indicate all neoplastic, inflammatory and connective soft tissue cells.",1516
pannuke_f2_1517,2,Breast,Neoplastic;Inflammatory;Connective_Soft_tissue,"Delineate present neoplastic, inflammatory and connective soft tissue structures.",1517
pannuke_f2_1518,2,Breast,Neoplastic,Segment the neoplastic cells.,1518
pannuke_f2_1519,2,Breast,Inflammatory;Connective_Soft_tissue,Map inflammatory and connective soft tissue distribution in Breast.,1519
pannuke_f2_1520,2,Breast,Inflammatory,Identify parenchymal inflammatory.,1520
pannuke_f2_1521,2,Breast,Connective_Soft_tissue,Please segment connective soft tissue tissue.,1521
pannuke_f2_1522,2,Breast,Inflammatory,Mark only inflammatory regions.,1522
pannuke_f2_1523,2,Breast,Inflammatory;Connective_Soft_tissue,Identify the inflammatory and connective soft tissue structures.,1523
pannuke_f2_1524,2,Breast,,,1524
pannuke_f2_1525,2,Breast,Inflammatory;Connective_Soft_tissue,Locate and segment inflammatory and connective soft tissue.,1525
pannuke_f2_1526,2,Breast,,,1526
pannuke_f2_1527,2,Breast,Neoplastic;Inflammatory,Mark visible neoplastic and inflammatory structures.,1527
pannuke_f2_1528,2,Breast,Neoplastic;Connective_Soft_tissue,Highlight the neoplastic and connective soft tissue tissue.,1528
pannuke_f2_1529,2,Breast,Neoplastic,neoplastic is evident. Highlight the areas.,1529
pannuke_f2_1530,2,Breast,Neoplastic,Detect and segment neoplastic areas.,1530
pannuke_f2_1531,2,Breast,Neoplastic,"In the Breast specimen, label neoplastic.",1531
pannuke_f2_1532,2,Breast,Inflammatory;Connective_Soft_tissue,Delineate inflammatory and connective soft tissue pathology in this section.,1532
pannuke_f2_1533,2,Breast,Connective_Soft_tissue,Mark connective soft tissue in this biopsy sample.,1533
pannuke_f2_1534,2,Breast,Connective_Soft_tissue,Show me connective soft tissue cells.,1534
pannuke_f2_1535,2,Breast,Connective_Soft_tissue,This Breast slide shows connective soft tissue. Segment it.,1535
pannuke_f2_1536,2,Breast,Inflammatory;Connective_Soft_tissue,Mark inflammatory and connective soft tissue cytoplasmic features.,1536
pannuke_f2_1537,2,Breast,Connective_Soft_tissue,This is a Breast image. Segment connective soft tissue.,1537
pannuke_f2_1538,2,Breast,,,1538
pannuke_f2_1539,2,Breast,,,1539
pannuke_f2_1540,2,Breast,,,1540
pannuke_f2_1541,2,Breast,,,1541
pannuke_f2_1542,2,Breast,,,1542
pannuke_f2_1543,2,Breast,,,1543
pannuke_f2_1544,2,Breast,,,1544
pannuke_f2_1545,2,Breast,,,1545
pannuke_f2_1546,2,Breast,,,1546
pannuke_f2_1547,2,Breast,Neoplastic;Connective_Soft_tissue,Goal: mark all neoplastic and connective soft tissue cells.,1547
pannuke_f2_1548,2,Breast,Neoplastic;Connective_Soft_tissue,Mark neoplastic and connective soft tissue in this biopsy sample.,1548
pannuke_f2_1549,2,Breast,Neoplastic;Inflammatory;Connective_Soft_tissue,"Detect neoplastic, inflammatory and connective soft tissue in this slide.",1549
pannuke_f2_1550,2,Breast,Neoplastic;Inflammatory;Connective_Soft_tissue,"Delineate neoplastic, inflammatory and connective soft tissue for pattern recognition.",1550
pannuke_f2_1551,2,Breast,Neoplastic;Connective_Soft_tissue,Segment visible neoplastic and connective soft tissue regions.,1551
pannuke_f2_1552,2,Breast,Neoplastic;Connective_Soft_tissue,Pinpoint the neoplastic and connective soft tissue tissue.,1552
pannuke_f2_1553,2,Breast,Neoplastic;Inflammatory;Connective_Soft_tissue,"The task is to segment neoplastic, inflammatory and connective soft tissue.",1553
pannuke_f2_1554,2,Breast,Neoplastic;Connective_Soft_tissue,Trace neoplastic and connective soft tissue boundaries.,1554
pannuke_f2_1555,2,Breast,Neoplastic;Connective_Soft_tissue,Define neoplastic and connective soft tissue regions.,1555
pannuke_f2_1556,2,Breast,Neoplastic;Connective_Soft_tissue,Can you segment neoplastic and connective soft tissue?,1556
pannuke_f2_1557,2,Breast,Neoplastic;Connective_Soft_tissue,Indicate neoplastic and connective soft tissue areas.,1557
pannuke_f2_1558,2,Cervix,,,1558
pannuke_f2_1559,2,Cervix,,,1559
pannuke_f2_1560,2,Cervix,,,1560
pannuke_f2_1561,2,Cervix,Neoplastic;Inflammatory,Where is the neoplastic and inflammatory in this image?,1561
pannuke_f2_1562,2,Cervix,Neoplastic,Segment neoplastic in this tissue specimen.,1562
pannuke_f2_1563,2,Cervix,Neoplastic,Thoroughly segment every instance of neoplastic in this microscopy image.,1563
pannuke_f2_1564,2,Cervix,Connective_Soft_tissue,Highlight present connective soft tissue tissue.,1564
pannuke_f2_1565,2,Cervix,Inflammatory;Connective_Soft_tissue,Mark visible inflammatory and connective soft tissue areas.,1565
pannuke_f2_1566,2,Cervix,Neoplastic;Inflammatory;Connective_Soft_tissue,"Mark present neoplastic, inflammatory and connective soft tissue regions.",1566
pannuke_f2_1567,2,Cervix,Neoplastic;Inflammatory;Connective_Soft_tissue,"Partition neoplastic, inflammatory and connective soft tissue areas.",1567
pannuke_f2_1568,2,Cervix,Neoplastic;Inflammatory;Connective_Soft_tissue,"You should identify neoplastic, inflammatory and connective soft tissue.",1568
pannuke_f2_1569,2,Cervix,Neoplastic;Inflammatory,Find neoplastic and inflammatory in this Cervix sample.,1569
pannuke_f2_1570,2,Cervix,Inflammatory;Connective_Soft_tissue,Segment inflammatory and connective soft tissue in the tumor stroma.,1570
pannuke_f2_1571,2,Cervix,Neoplastic;Inflammatory;Connective_Soft_tissue,"Segment present neoplastic, inflammatory and connective soft tissue areas.",1571
pannuke_f2_1572,2,Cervix,Neoplastic;Inflammatory,What parts are neoplastic and inflammatory?,1572
pannuke_f2_1573,2,Cervix,Neoplastic;Inflammatory,Meticulously outline the neoplastic and inflammatory regions for analysis.,1573
pannuke_f2_1574,2,Cervix,Neoplastic,Point out visible neoplastic.,1574
pannuke_f2_1575,2,Colon,Epithelial,Detect epithelial in this slide.,1575
pannuke_f2_1576,2,Colon,Connective_Soft_tissue;Epithelial,Segment the connective soft tissue and epithelial regions.,1576
pannuke_f2_1577,2,Colon,Inflammatory;Connective_Soft_tissue;Epithelial,"This image contains inflammatory, connective soft tissue and epithelial. Segment it.",1577
pannuke_f2_1578,2,Colon,Inflammatory;Connective_Soft_tissue;Epithelial,"Given this Colon sample, mark inflammatory, connective soft tissue and epithelial regions.",1578
pannuke_f2_1579,2,Colon,Epithelial,Isolate epithelial regions.,1579
pannuke_f2_1580,2,Colon,Inflammatory;Connective_Soft_tissue;Epithelial,"For this Colon sample, mark inflammatory, connective soft tissue and epithelial.",1580
pannuke_f2_1581,2,Colon,Inflammatory;Connective_Soft_tissue;Epithelial,"Where are inflammatory, connective soft tissue and epithelial cells visible?",1581
pannuke_f2_1582,2,Colon,Epithelial,The objective is to mark epithelial.,1582
pannuke_f2_1583,2,Colon,Inflammatory;Connective_Soft_tissue;Epithelial,"Circle the inflammatory, connective soft tissue and epithelial regions.",1583
pannuke_f2_1584,2,Colon,Inflammatory;Connective_Soft_tissue;Epithelial,"Delineate inflammatory, connective soft tissue and epithelial pathology in this section.",1584
pannuke_f2_1585,2,Colon,Inflammatory;Connective_Soft_tissue;Epithelial,"Pinpoint the inflammatory, connective soft tissue and epithelial tissue.",1585
pannuke_f2_1586,2,Colon,Inflammatory;Connective_Soft_tissue;Epithelial,"Point out all inflammatory, connective soft tissue and epithelial.",1586
pannuke_f2_1587,2,Colon,Inflammatory;Connective_Soft_tissue;Epithelial,"Map the inflammatory, connective soft tissue and epithelial regions.",1587
pannuke_f2_1588,2,Colon,Inflammatory;Connective_Soft_tissue;Epithelial,"For this Colon biopsy, segment inflammatory, connective soft tissue and epithelial areas.",1588
pannuke_f2_1589,2,Colon,Neoplastic;Inflammatory;Connective_Soft_tissue;Epithelial,"Analyze neoplastic, inflammatory, connective soft tissue and epithelial presence.",1589
pannuke_f2_1590,2,Colon,Neoplastic;Inflammatory;Connective_Soft_tissue,"Segment the neoplastic, inflammatory and connective soft tissue structures.",1590
pannuke_f2_1591,2,Colon,Inflammatory;Connective_Soft_tissue;Epithelial,"Study this Colon section and mark inflammatory, connective soft tissue and epithelial.",1591
pannuke_f2_1592,2,Colon,Inflammatory;Epithelial,Trace all inflammatory and epithelial areas.,1592
pannuke_f2_1593,2,Colon,Inflammatory;Connective_Soft_tissue;Epithelial,"inflammatory, connective soft tissue and epithelial is present in this slide. Segment it.",1593
pannuke_f2_1594,2,Colon,Inflammatory;Connective_Soft_tissue;Epithelial,"Identify inflammatory, connective soft tissue and epithelial features in Colon.",1594
pannuke_f2_1595,2,Colon,Connective_Soft_tissue;Epithelial,"Within the Colon, identify connective soft tissue and epithelial.",1595
pannuke_f2_1596,2,Colon,Epithelial,Create mask for epithelial.,1596
pannuke_f2_1597,2,Colon,Neoplastic;Inflammatory;Connective_Soft_tissue;Epithelial,"Show me the neoplastic, inflammatory, connective soft tissue and epithelial regions.",1597
pannuke_f2_1598,2,Colon,Inflammatory;Connective_Soft_tissue;Epithelial,"Delineate visible inflammatory, connective soft tissue and epithelial areas.",1598
pannuke_f2_1599,2,Colon,Inflammatory;Connective_Soft_tissue;Epithelial,"Point out visible inflammatory, connective soft tissue and epithelial.",1599
pannuke_f2_1600,2,Colon,,,1600
pannuke_f2_1601,2,Colon,,,1601
pannuke_f2_1602,2,Colon,Inflammatory;Connective_Soft_tissue;Epithelial,"Shown this histology, mark inflammatory, connective soft tissue and epithelial.",1602
pannuke_f2_1603,2,Colon,Inflammatory;Epithelial,You must mark inflammatory and epithelial regions.,1603
pannuke_f2_1604,2,Colon,Inflammatory;Connective_Soft_tissue;Dead;Epithelial,"Identify present inflammatory, connective soft tissue, dead and epithelial regions.",1604
pannuke_f2_1605,2,Colon,Inflammatory;Connective_Soft_tissue;Dead,"Recognize inflammatory, connective soft tissue and dead in Colon pathology.",1605
pannuke_f2_1606,2,Colon,Inflammatory;Dead;Epithelial,"Delineate inflammatory, dead and epithelial pathology in this section.",1606
pannuke_f2_1607,2,Colon,,,1607
pannuke_f2_1608,2,Colon,Neoplastic;Inflammatory;Connective_Soft_tissue;Dead,"Can you locate neoplastic, inflammatory, connective soft tissue and dead?",1608
pannuke_f2_1609,2,Colon,Inflammatory;Connective_Soft_tissue;Epithelial,"Identify visible inflammatory, connective soft tissue and epithelial regions.",1609
pannuke_f2_1610,2,Colon,Inflammatory;Connective_Soft_tissue;Epithelial,"Recognize all inflammatory, connective soft tissue and epithelial areas.",1610
pannuke_f2_1611,2,Colon,Connective_Soft_tissue;Epithelial,Discern the connective soft tissue and epithelial from background.,1611
pannuke_f2_1612,2,Colon,Connective_Soft_tissue;Epithelial,"Given this pathology slide, segment connective soft tissue and epithelial.",1612
pannuke_f2_1613,2,Colon,Connective_Soft_tissue;Epithelial,Segment the connective soft tissue and epithelial in this tissue sample.,1613
pannuke_f2_1614,2,Colon,Epithelial,Define epithelial boundaries.,1614
pannuke_f2_1615,2,Colon,Inflammatory;Connective_Soft_tissue;Epithelial,"Annotate inflammatory, connective soft tissue and epithelial cells.",1615
pannuke_f2_1616,2,Colon,Connective_Soft_tissue;Epithelial,Segment the connective soft tissue and epithelial cells.,1616
pannuke_f2_1617,2,Colon,Connective_Soft_tissue;Epithelial,What parts are connective soft tissue and epithelial?,1617
pannuke_f2_1618,2,Colon,Connective_Soft_tissue;Epithelial,Mark connective soft tissue and epithelial in this biopsy sample.,1618
pannuke_f2_1619,2,Colon,Connective_Soft_tissue;Epithelial,Highlight connective soft tissue and epithelial cellular characteristics.,1619
pannuke_f2_1620,2,Colon,Connective_Soft_tissue,connective soft tissue is visible. Segment the regions.,1620
pannuke_f2_1621,2,Colon,Connective_Soft_tissue,Identify the connective soft tissue regions.,1621
pannuke_f2_1622,2,Colon,Neoplastic,Plot neoplastic locations.,1622
pannuke_f2_1623,2,Colon,Neoplastic;Connective_Soft_tissue,Mark neoplastic and connective soft tissue in this Colon specimen.,1623
pannuke_f2_1624,2,Colon,Epithelial,Output epithelial regions.,1624
pannuke_f2_1625,2,Colon,Inflammatory;Connective_Soft_tissue;Epithelial,"Identify the inflammatory, connective soft tissue and epithelial structures.",1625
pannuke_f2_1626,2,Colon,Inflammatory;Connective_Soft_tissue;Epithelial,"Emphasize inflammatory, connective soft tissue and epithelial presence.",1626
pannuke_f2_1627,2,Colon,Inflammatory;Connective_Soft_tissue;Epithelial,"Detect the inflammatory, connective soft tissue and epithelial areas.",1627
pannuke_f2_1628,2,Colon,Inflammatory;Connective_Soft_tissue;Epithelial,"Delineate present inflammatory, connective soft tissue and epithelial areas.",1628
pannuke_f2_1629,2,Colon,Inflammatory;Connective_Soft_tissue;Epithelial,"Map all inflammatory, connective soft tissue and epithelial areas.",1629
pannuke_f2_1630,2,Colon,Inflammatory;Connective_Soft_tissue;Epithelial,"Indicate the inflammatory, connective soft tissue and epithelial regions.",1630
pannuke_f2_1631,2,Colon,Epithelial,Segment extent of epithelial.,1631
pannuke_f2_1632,2,Colon,Inflammatory;Connective_Soft_tissue;Epithelial,"Identify inflammatory, connective soft tissue and epithelial tissue regions.",1632
pannuke_f2_1633,2,Colon,Inflammatory;Connective_Soft_tissue;Epithelial,"Which parts have inflammatory, connective soft tissue and epithelial?",1633
pannuke_f2_1634,2,Colon,Connective_Soft_tissue;Epithelial,Mark visible connective soft tissue and epithelial.,1634
pannuke_f2_1635,2,Colon,Connective_Soft_tissue;Epithelial,Sketch connective soft tissue and epithelial boundaries.,1635
pannuke_f2_1636,2,Colon,Inflammatory;Connective_Soft_tissue;Epithelial,"Segment areas containing inflammatory, connective soft tissue and epithelial.",1636
pannuke_f2_1637,2,Colon,Inflammatory;Connective_Soft_tissue;Epithelial,"inflammatory, connective soft tissue and epithelial is evident. Highlight the areas.",1637
pannuke_f2_1638,2,Colon,Inflammatory;Epithelial,Spot the inflammatory and epithelial tissue.,1638
pannuke_f2_1639,2,Colon,Connective_Soft_tissue;Epithelial,Distinguish the connective soft tissue and epithelial regions.,1639
pannuke_f2_1640,2,Colon,Inflammatory;Connective_Soft_tissue;Epithelial,"Pinpoint visible inflammatory, connective soft tissue and epithelial.",1640
pannuke_f2_1641,2,Colon,Inflammatory;Connective_Soft_tissue;Epithelial,"What parts are inflammatory, connective soft tissue and epithelial?",1641
pannuke_f2_1642,2,Colon,Connective_Soft_tissue,Discern the connective soft tissue regions.,1642
pannuke_f2_1643,2,Colon,Connective_Soft_tissue,Identify visible connective soft tissue cells.,1643
pannuke_f2_1644,2,Colon,Epithelial,Segment visible epithelial cells.,1644
pannuke_f2_1645,2,Colon,Inflammatory;Connective_Soft_tissue;Epithelial,"Segment inflammatory, connective soft tissue and epithelial nuclei.",1645
pannuke_f2_1646,2,Colon,Inflammatory;Connective_Soft_tissue;Epithelial,"Delineate inflammatory, connective soft tissue and epithelial boundaries.",1646
pannuke_f2_1647,2,Colon,Inflammatory;Connective_Soft_tissue;Epithelial,"inflammatory, connective soft tissue and epithelial is evident. Highlight the areas.",1647
pannuke_f2_1648,2,Colon,Inflammatory;Connective_Soft_tissue;Epithelial,"Which parts have inflammatory, connective soft tissue and epithelial?",1648
pannuke_f2_1649,2,Colon,Epithelial,Mark visible epithelial cells.,1649
pannuke_f2_1650,2,Colon,Epithelial,Segment present epithelial structures.,1650
pannuke_f2_1651,2,Colon,,,1651
pannuke_f2_1652,2,Colon,Epithelial,Trace epithelial margins.,1652
pannuke_f2_1653,2,Colon,,,1653
pannuke_f2_1654,2,Colon,Inflammatory;Connective_Soft_tissue;Epithelial,"For Colon pathology, outline inflammatory, connective soft tissue and epithelial.",1654
pannuke_f2_1655,2,Colon,Inflammatory;Connective_Soft_tissue;Epithelial,"Segment each inflammatory, connective soft tissue and epithelial region.",1655
pannuke_f2_1656,2,Colon,Inflammatory;Connective_Soft_tissue,Find and segment inflammatory and connective soft tissue regions.,1656
pannuke_f2_1657,2,Colon,,,1657
pannuke_f2_1658,2,Colon,Epithelial,Pay attention to epithelial areas.,1658
pannuke_f2_1659,2,Colon,Neoplastic;Inflammatory;Connective_Soft_tissue;Epithelial,"Develop a precise map of neoplastic, inflammatory, connective soft tissue and epithelial distribution.",1659
pannuke_f2_1660,2,Colon,,,1660
pannuke_f2_1661,2,Colon,,,1661
pannuke_f2_1662,2,Colon,,,1662
pannuke_f2_1663,2,Colon,Inflammatory;Connective_Soft_tissue;Epithelial,"Label visible inflammatory, connective soft tissue and epithelial.",1663
pannuke_f2_1664,2,Colon,Inflammatory;Connective_Soft_tissue;Epithelial,"Segment zones of inflammatory, connective soft tissue and epithelial presence.",1664
pannuke_f2_1665,2,Colon,,,1665
pannuke_f2_1666,2,Colon,Inflammatory;Connective_Soft_tissue;Epithelial,"Trace the inflammatory, connective soft tissue and epithelial regions.",1666
pannuke_f2_1667,2,Colon,Inflammatory;Epithelial,Delineate visible inflammatory and epithelial tissue.,1667
pannuke_f2_1668,2,Colon,Inflammatory;Connective_Soft_tissue;Epithelial,"Segment the inflammatory, connective soft tissue and epithelial infiltration.",1668
pannuke_f2_1669,2,Colon,Epithelial,Label epithelial in this Colon section.,1669
pannuke_f2_1670,2,Colon,Inflammatory;Connective_Soft_tissue;Epithelial,"Segment present inflammatory, connective soft tissue and epithelial regions.",1670
pannuke_f2_1671,2,Colon,Inflammatory;Connective_Soft_tissue;Epithelial,"Trace the inflammatory, connective soft tissue and epithelial regions.",1671
pannuke_f2_1672,2,Colon,Epithelial,Produce a detailed outline of epithelial structures.,1672
pannuke_f2_1673,2,Colon,Inflammatory;Connective_Soft_tissue;Epithelial,"Segment visible inflammatory, connective soft tissue and epithelial.",1673
pannuke_f2_1674,2,Colon,Epithelial,Mark the epithelial regions.,1674
pannuke_f2_1675,2,Colon,Inflammatory;Connective_Soft_tissue;Epithelial,"In Colon histology, delineate inflammatory, connective soft tissue and epithelial.",1675
pannuke_f2_1676,2,Colon,Inflammatory;Connective_Soft_tissue;Epithelial,"Consider only inflammatory, connective soft tissue and epithelial areas.",1676
pannuke_f2_1677,2,Colon,Inflammatory;Epithelial,Highlight all inflammatory and epithelial structures.,1677
pannuke_f2_1678,2,Colon,Epithelial,Delineate visible epithelial areas.,1678
pannuke_f2_1679,2,Colon,Epithelial,Segment patches of epithelial.,1679
pannuke_f2_1680,2,Colon,Inflammatory;Connective_Soft_tissue;Epithelial,"Segment inflammatory, connective soft tissue and epithelial for quantitative analysis.",1680
pannuke_f2_1681,2,Colon,Inflammatory;Connective_Soft_tissue;Epithelial,"Can you find inflammatory, connective soft tissue and epithelial?",1681
pannuke_f2_1682,2,Colon,Inflammatory;Connective_Soft_tissue;Epithelial,"Delineate all inflammatory, connective soft tissue and epithelial cells.",1682
pannuke_f2_1683,2,Colon,Inflammatory;Connective_Soft_tissue;Epithelial,"Segment the inflammatory, connective soft tissue and epithelial tissue regions.",1683
pannuke_f2_1684,2,Colon,,,1684
pannuke_f2_1685,2,Colon,,,1685
pannuke_f2_1686,2,Colon,,,1686
pannuke_f2_1687,2,Colon,,,1687
pannuke_f2_1688,2,Colon,,,1688
pannuke_f2_1689,2,Colon,,,1689
pannuke_f2_1690,2,Colon,,,1690
pannuke_f2_1691,2,Colon,,,1691
pannuke_f2_1692,2,Colon,,,1692
pannuke_f2_1693,2,Colon,,,1693
pannuke_f2_1694,2,Colon,,,1694
pannuke_f2_1695,2,Colon,,,1695
pannuke_f2_1696,2,Colon,,,1696
pannuke_f2_1697,2,Colon,,,1697
pannuke_f2_1698,2,Colon,,,1698
pannuke_f2_1699,2,Colon,,,1699
pannuke_f2_1700,2,Colon,,,1700
pannuke_f2_1701,2,Colon,,,1701
pannuke_f2_1702,2,Colon,,,1702
pannuke_f2_1703,2,Colon,Inflammatory;Connective_Soft_tissue;Epithelial,"Show me where inflammatory, connective soft tissue and epithelial is.",1703
pannuke_f2_1704,2,Colon,Inflammatory;Epithelial,Map inflammatory and epithelial distribution.,1704
pannuke_f2_1705,2,Colon,Inflammatory;Epithelial,Identify and segment inflammatory and epithelial.,1705
pannuke_f2_1706,2,Colon,Inflammatory;Connective_Soft_tissue;Epithelial,"Delineate inflammatory, connective soft tissue and epithelial with accurate boundary detection.",1706
pannuke_f2_1707,2,Colon,Inflammatory;Epithelial,Can you segment inflammatory and epithelial?,1707
pannuke_f2_1708,2,Colon,Inflammatory;Epithelial,Please show inflammatory and epithelial regions.,1708
pannuke_f2_1709,2,Colon,Epithelial,Identify nuclear epithelial features.,1709
pannuke_f2_1710,2,Colon,Inflammatory;Epithelial,Delineate visible inflammatory and epithelial tissue.,1710
pannuke_f2_1711,2,Colon,Inflammatory;Epithelial,Accurately identify and mark all inflammatory and epithelial areas present in the slide.,1711
pannuke_f2_1712,2,Colon,Inflammatory;Epithelial,Please mark inflammatory and epithelial areas.,1712
pannuke_f2_1713,2,Colon,Inflammatory;Connective_Soft_tissue;Epithelial,"Highlight the inflammatory, connective soft tissue and epithelial regions.",1713
pannuke_f2_1714,2,Colon,Inflammatory;Epithelial,The objective is to mark inflammatory and epithelial.,1714
pannuke_f2_1715,2,Colon,Inflammatory;Epithelial,Assignment: segment inflammatory and epithelial tissue.,1715
pannuke_f2_1716,2,Colon,Inflammatory;Connective_Soft_tissue;Epithelial,"Label inflammatory, connective soft tissue and epithelial cells.",1716
pannuke_f2_1717,2,Colon,Inflammatory;Epithelial,Identify clusters of inflammatory and epithelial cells.,1717
pannuke_f2_1718,2,Colon,Inflammatory;Connective_Soft_tissue;Epithelial,"Mark all inflammatory, connective soft tissue and epithelial tissue.",1718
pannuke_f2_1719,2,Colon,Inflammatory;Connective_Soft_tissue;Epithelial,"Mark the pathological inflammatory, connective soft tissue and epithelial regions.",1719
pannuke_f2_1720,2,Colon,Inflammatory;Epithelial,Identify the inflammatory and epithelial structures.,1720
pannuke_f2_1721,2,Colon,Inflammatory;Epithelial,Please segment inflammatory and epithelial.,1721
pannuke_f2_1722,2,Colon,Inflammatory;Connective_Soft_tissue;Epithelial,"Develop a precise map of inflammatory, connective soft tissue and epithelial distribution.",1722
pannuke_f2_1723,2,Colon,Inflammatory;Connective_Soft_tissue;Epithelial,"Delineate all inflammatory, connective soft tissue and epithelial areas.",1723
pannuke_f2_1724,2,Colon,Inflammatory;Connective_Soft_tissue;Epithelial,"For this Colon sample, mark inflammatory, connective soft tissue and epithelial.",1724
pannuke_f2_1725,2,Colon,Inflammatory;Connective_Soft_tissue;Epithelial,"Identify inflammatory, connective soft tissue and epithelial nuclear characteristics.",1725
pannuke_f2_1726,2,Colon,Inflammatory;Epithelial,Determine inflammatory and epithelial distribution.,1726
pannuke_f2_1727,2,Colon,Inflammatory;Connective_Soft_tissue;Epithelial,"Show me the inflammatory, connective soft tissue and epithelial areas.",1727
pannuke_f2_1728,2,Colon,Inflammatory;Epithelial,Can you find inflammatory and epithelial?,1728
pannuke_f2_1729,2,Colon,Inflammatory;Connective_Soft_tissue;Epithelial,"Create mask for inflammatory, connective soft tissue and epithelial.",1729
pannuke_f2_1730,2,Colon,Epithelial,Identify visible epithelial tissue.,1730
pannuke_f2_1731,2,Colon,Inflammatory;Connective_Soft_tissue,Identify visible inflammatory and connective soft tissue tissue.,1731
pannuke_f2_1732,2,Colon,Connective_Soft_tissue;Epithelial,Segment microscopic connective soft tissue and epithelial features.,1732
pannuke_f2_1733,2,Colon,Inflammatory;Connective_Soft_tissue;Epithelial,"What parts are inflammatory, connective soft tissue and epithelial?",1733
pannuke_f2_1734,2,Colon,Epithelial,Indicate the epithelial regions.,1734
pannuke_f2_1735,2,Colon,Inflammatory;Connective_Soft_tissue,Identify inflammatory and connective soft tissue tissue regions.,1735
pannuke_f2_1736,2,Colon,Inflammatory;Connective_Soft_tissue;Epithelial,"Pay attention to inflammatory, connective soft tissue and epithelial areas.",1736
pannuke_f2_1737,2,Colon,Inflammatory;Connective_Soft_tissue;Epithelial,"Highlight present inflammatory, connective soft tissue and epithelial tissue.",1737
pannuke_f2_1738,2,Colon,,,1738
pannuke_f2_1739,2,Colon,Inflammatory;Connective_Soft_tissue;Epithelial,"Label inflammatory, connective soft tissue and epithelial in this Colon section.",1739
pannuke_f2_1740,2,Colon,Connective_Soft_tissue;Epithelial,Isolate connective soft tissue and epithelial cells.,1740
pannuke_f2_1741,2,Colon,,,1741
pannuke_f2_1742,2,Colon,,,1742
pannuke_f2_1743,2,Colon,,,1743
pannuke_f2_1744,2,Colon,Inflammatory;Connective_Soft_tissue;Epithelial,"Delineate inflammatory, connective soft tissue and epithelial areas.",1744
pannuke_f2_1745,2,Colon,Inflammatory;Connective_Soft_tissue,Consider only inflammatory and connective soft tissue areas.,1745
pannuke_f2_1746,2,Colon,,,1746
pannuke_f2_1747,2,Colon,Inflammatory;Connective_Soft_tissue,Segment boundaries of inflammatory and connective soft tissue.,1747
pannuke_f2_1748,2,Colon,Inflammatory;Connective_Soft_tissue;Epithelial,"Segment clusters of inflammatory, connective soft tissue and epithelial.",1748
pannuke_f2_1749,2,Colon,,,1749
pannuke_f2_1750,2,Colon,Epithelial,Find and segment epithelial regions.,1750
pannuke_f2_1751,2,Colon,Connective_Soft_tissue;Epithelial,Identify connective soft tissue and epithelial in this pathology slide.,1751
pannuke_f2_1752,2,Colon,Epithelial,Produce segmentation of epithelial.,1752
pannuke_f2_1753,2,Colon,Connective_Soft_tissue,Distinguish connective soft tissue cells.,1753
pannuke_f2_1754,2,Colon,Inflammatory;Connective_Soft_tissue,Distinguish the inflammatory and connective soft tissue regions.,1754
pannuke_f2_1755,2,Colon,Inflammatory;Connective_Soft_tissue,Segment the inflammatory and connective soft tissue histological features.,1755
pannuke_f2_1756,2,Colon,Connective_Soft_tissue,Identify visible connective soft tissue regions.,1756
pannuke_f2_1757,2,Colon,Connective_Soft_tissue,Show me connective soft tissue cells.,1757
pannuke_f2_1758,2,Colon,Connective_Soft_tissue,Show me connective soft tissue cells.,1758
pannuke_f2_1759,2,Colon,Connective_Soft_tissue,Can you segment connective soft tissue?,1759
pannuke_f2_1760,2,Colon,Connective_Soft_tissue,Segment present connective soft tissue tissue.,1760
pannuke_f2_1761,2,Colon,Connective_Soft_tissue,Segment clusters of connective soft tissue.,1761
pannuke_f2_1762,2,Colon,Inflammatory;Connective_Soft_tissue,Please highlight inflammatory and connective soft tissue.,1762
pannuke_f2_1763,2,Colon,Inflammatory;Connective_Soft_tissue,Identify present inflammatory and connective soft tissue cells.,1763
pannuke_f2_1764,2,Colon,Connective_Soft_tissue,Recognize the connective soft tissue tissue.,1764
pannuke_f2_1765,2,Colon,Connective_Soft_tissue,The task is to segment connective soft tissue.,1765
pannuke_f2_1766,2,Colon,Connective_Soft_tissue,Detect the connective soft tissue areas.,1766
pannuke_f2_1767,2,Colon,Connective_Soft_tissue,Highlight connective soft tissue in this image.,1767
pannuke_f2_1768,2,Colon,Connective_Soft_tissue,Segment locations of connective soft tissue.,1768
pannuke_f2_1769,2,Colon,Connective_Soft_tissue,Segment connective soft tissue diagnostic regions.,1769
pannuke_f2_1770,2,Colon,Connective_Soft_tissue,Delineate connective soft tissue for pattern recognition.,1770
pannuke_f2_1771,2,Colon,Connective_Soft_tissue,There is connective soft tissue present. Mark it.,1771
pannuke_f2_1772,2,Colon,Connective_Soft_tissue,Identify connective soft tissue components.,1772
pannuke_f2_1773,2,Colon,Connective_Soft_tissue,Highlight all connective soft tissue structures.,1773
pannuke_f2_1774,2,Colon,Connective_Soft_tissue,Recognize connective soft tissue in Colon pathology.,1774
pannuke_f2_1775,2,Colon,Inflammatory;Connective_Soft_tissue,Mark inflammatory and connective soft tissue lesion areas.,1775
pannuke_f2_1776,2,Colon,Inflammatory;Connective_Soft_tissue,Trace all inflammatory and connective soft tissue areas.,1776
pannuke_f2_1777,2,Colon,Connective_Soft_tissue;Epithelial,Find all connective soft tissue and epithelial cells.,1777
pannuke_f2_1778,2,Colon,Connective_Soft_tissue;Epithelial,connective soft tissue and epithelial is evident. Highlight the areas.,1778
pannuke_f2_1779,2,Colon,Inflammatory;Connective_Soft_tissue;Epithelial,"Identify parenchymal inflammatory, connective soft tissue and epithelial.",1779
pannuke_f2_1780,2,Colon,Inflammatory;Epithelial,Highlight the inflammatory and epithelial regions.,1780
pannuke_f2_1781,2,Colon,Connective_Soft_tissue;Epithelial,Mark connective soft tissue and epithelial cells in this Colon sample.,1781
pannuke_f2_1782,2,Colon,Connective_Soft_tissue;Epithelial,Identify connective soft tissue and epithelial regions in the Colon.,1782
pannuke_f2_1783,2,Colon,Inflammatory;Connective_Soft_tissue;Epithelial,"Sketch inflammatory, connective soft tissue and epithelial boundaries.",1783
pannuke_f2_1784,2,Colon,Connective_Soft_tissue;Epithelial,Segment the connective soft tissue and epithelial with attention to boundary precision.,1784
pannuke_f2_1785,2,Colon,Inflammatory;Connective_Soft_tissue;Epithelial,"Identify visible inflammatory, connective soft tissue and epithelial cells.",1785
pannuke_f2_1786,2,Colon,Connective_Soft_tissue;Epithelial,"Examining this slide, mark all connective soft tissue and epithelial regions.",1786
pannuke_f2_1787,2,Colon,Connective_Soft_tissue;Epithelial,Identify present connective soft tissue and epithelial regions.,1787
pannuke_f2_1788,2,Colon,Epithelial,Highlight visible epithelial cells.,1788
pannuke_f2_1789,2,Colon,Connective_Soft_tissue;Epithelial,Segment connective soft tissue and epithelial in this Colon tissue.,1789
pannuke_f2_1790,2,Colon,Connective_Soft_tissue;Epithelial,What parts are connective soft tissue and epithelial?,1790
pannuke_f2_1791,2,Colon,Connective_Soft_tissue;Epithelial,Highlight all connective soft tissue and epithelial cells.,1791
pannuke_f2_1792,2,Colon,Connective_Soft_tissue;Epithelial,Segment the connective soft tissue and epithelial distribution.,1792
pannuke_f2_1793,2,Colon,Inflammatory;Connective_Soft_tissue;Epithelial,"Segment inflammatory, connective soft tissue and epithelial tissue morphology.",1793
pannuke_f2_1794,2,Colon,Epithelial,Mark epithelial ensuring complete coverage of affected areas.,1794
pannuke_f2_1795,2,Colon,Connective_Soft_tissue;Epithelial,Identify histological regions showing connective soft tissue and epithelial.,1795
pannuke_f2_1796,2,Colon,Connective_Soft_tissue;Epithelial,Study this Colon section and mark connective soft tissue and epithelial.,1796
pannuke_f2_1797,2,Colon,Connective_Soft_tissue;Epithelial,Look for connective soft tissue and epithelial in this slide.,1797
pannuke_f2_1798,2,Colon,Connective_Soft_tissue;Epithelial,Segment connective soft tissue and epithelial in the tumor stroma.,1798
pannuke_f2_1799,2,Colon,Connective_Soft_tissue;Epithelial,Discern connective soft tissue and epithelial cells.,1799
pannuke_f2_1800,2,Colon,Connective_Soft_tissue,Identify all connective soft tissue tissue.,1800
pannuke_f2_1801,2,Colon,Connective_Soft_tissue,Provide mask for connective soft tissue.,1801
pannuke_f2_1802,2,Colon,Connective_Soft_tissue;Epithelial,Identify and segment connective soft tissue and epithelial.,1802
pannuke_f2_1803,2,Colon,Connective_Soft_tissue;Epithelial,Annotate connective soft tissue and epithelial histological patterns.,1803
pannuke_f2_1804,2,Colon,Inflammatory;Connective_Soft_tissue;Epithelial,"Target class: inflammatory, connective soft tissue and epithelial.",1804
pannuke_f2_1805,2,Colon,Inflammatory;Connective_Soft_tissue;Epithelial,"Locate the inflammatory, connective soft tissue and epithelial regions.",1805
pannuke_f2_1806,2,Colon,Neoplastic,"Observing this sample, delineate neoplastic.",1806
pannuke_f2_1807,2,Colon,Neoplastic,Which cells are neoplastic?,1807
pannuke_f2_1808,2,Colon,Neoplastic;Dead,Segment the neoplastic and dead with attention to boundary precision.,1808
pannuke_f2_1809,2,Colon,Neoplastic;Inflammatory,Target neoplastic and inflammatory regions.,1809
pannuke_f2_1810,2,Colon,Neoplastic,Thoroughly segment every instance of neoplastic in this microscopy image.,1810
pannuke_f2_1811,2,Esophagus,Neoplastic;Inflammatory;Connective_Soft_tissue,"Segment present neoplastic, inflammatory and connective soft tissue areas.",1811
pannuke_f2_1812,2,Esophagus,Neoplastic;Inflammatory;Connective_Soft_tissue,"Segment the neoplastic, inflammatory and connective soft tissue regions.",1812
pannuke_f2_1813,2,Esophagus,Neoplastic;Inflammatory;Connective_Soft_tissue,"Meticulously outline the neoplastic, inflammatory and connective soft tissue regions for analysis.",1813
pannuke_f2_1814,2,Esophagus,Neoplastic,Segment present neoplastic cells.,1814
pannuke_f2_1815,2,Esophagus,Neoplastic;Connective_Soft_tissue,Delineate the neoplastic and connective soft tissue tissue.,1815
pannuke_f2_1816,2,Esophagus,Neoplastic;Connective_Soft_tissue,Map the neoplastic and connective soft tissue regions.,1816
pannuke_f2_1817,2,Esophagus,Inflammatory;Dead,Emphasize inflammatory and dead regions.,1817
pannuke_f2_1818,2,Esophagus,Neoplastic;Inflammatory;Connective_Soft_tissue,"Segment neoplastic, inflammatory and connective soft tissue zones.",1818
pannuke_f2_1819,2,Esophagus,Neoplastic;Connective_Soft_tissue,Separate neoplastic and connective soft tissue from other tissue.,1819
pannuke_f2_1820,2,Esophagus,Neoplastic;Inflammatory;Connective_Soft_tissue,"Focus solely on neoplastic, inflammatory and connective soft tissue.",1820
pannuke_f2_1821,2,Esophagus,Neoplastic;Dead,Segment areas containing neoplastic and dead.,1821
pannuke_f2_1822,2,Esophagus,Neoplastic;Inflammatory,Draw neoplastic and inflammatory boundaries.,1822
pannuke_f2_1823,2,Esophagus,Neoplastic;Inflammatory;Connective_Soft_tissue,"Segment only neoplastic, inflammatory and connective soft tissue.",1823
pannuke_f2_1824,2,Esophagus,Inflammatory;Connective_Soft_tissue,Segment inflammatory and connective soft tissue phenotypic features.,1824
pannuke_f2_1825,2,Esophagus,Neoplastic;Inflammatory;Connective_Soft_tissue,"Indicate where neoplastic, inflammatory and connective soft tissue is present.",1825
pannuke_f2_1826,2,Esophagus,Neoplastic;Inflammatory;Connective_Soft_tissue,"Outline neoplastic, inflammatory and connective soft tissue architectural patterns.",1826
pannuke_f2_1827,2,Esophagus,Neoplastic;Inflammatory;Connective_Soft_tissue,"Highlight present neoplastic, inflammatory and connective soft tissue cells.",1827
pannuke_f2_1828,2,Esophagus,Neoplastic;Inflammatory;Connective_Soft_tissue,"Note neoplastic, inflammatory and connective soft tissue presence in Esophagus tissue.",1828
pannuke_f2_1829,2,Esophagus,Neoplastic;Inflammatory;Connective_Soft_tissue,"Segment neoplastic, inflammatory and connective soft tissue areas in this slide.",1829
pannuke_f2_1830,2,Esophagus,Inflammatory;Connective_Soft_tissue,Outline the inflammatory and connective soft tissue boundaries.,1830
pannuke_f2_1831,2,Esophagus,Inflammatory;Connective_Soft_tissue,Highlight inflammatory and connective soft tissue in this Esophagus slide.,1831
pannuke_f2_1832,2,Esophagus,Inflammatory;Connective_Soft_tissue,Identify inflammatory and connective soft tissue cellular morphology.,1832
pannuke_f2_1833,2,Esophagus,Inflammatory;Connective_Soft_tissue,Identify inflammatory and connective soft tissue in this image.,1833
pannuke_f2_1834,2,Esophagus,Inflammatory;Connective_Soft_tissue,Pay attention to inflammatory and connective soft tissue areas.,1834
pannuke_f2_1835,2,Esophagus,Neoplastic;Inflammatory;Connective_Soft_tissue,"Segment all neoplastic, inflammatory and connective soft tissue cells.",1835
pannuke_f2_1836,2,Esophagus,Inflammatory;Connective_Soft_tissue,Where can you find inflammatory and connective soft tissue?,1836
pannuke_f2_1837,2,Esophagus,Neoplastic;Inflammatory;Connective_Soft_tissue,"Segment neoplastic, inflammatory and connective soft tissue for pathological assessment.",1837
pannuke_f2_1838,2,Esophagus,Neoplastic;Inflammatory;Connective_Soft_tissue,"In this Esophagus tissue, segment neoplastic, inflammatory and connective soft tissue.",1838
pannuke_f2_1839,2,Esophagus,Inflammatory;Connective_Soft_tissue;Dead,"Note inflammatory, connective soft tissue and dead presence in Esophagus tissue.",1839
pannuke_f2_1840,2,Esophagus,Neoplastic;Inflammatory;Connective_Soft_tissue,"Your goal is to identify neoplastic, inflammatory and connective soft tissue.",1840
pannuke_f2_1841,2,Esophagus,Inflammatory;Connective_Soft_tissue,Inspect this Esophagus sample for inflammatory and connective soft tissue.,1841
pannuke_f2_1842,2,Esophagus,Connective_Soft_tissue,Define connective soft tissue extent.,1842
pannuke_f2_1843,2,Esophagus,Connective_Soft_tissue,Produce a detailed outline of connective soft tissue structures.,1843
pannuke_f2_1844,2,Esophagus,Connective_Soft_tissue,Discern the connective soft tissue regions.,1844
pannuke_f2_1845,2,HeadNeck,,,1845
pannuke_f2_1846,2,HeadNeck,,,1846
pannuke_f2_1847,2,HeadNeck,,,1847
pannuke_f2_1848,2,HeadNeck,,,1848
pannuke_f2_1849,2,HeadNeck,,,1849
pannuke_f2_1850,2,HeadNeck,,,1850
pannuke_f2_1851,2,HeadNeck,,,1851
pannuke_f2_1852,2,HeadNeck,,,1852
pannuke_f2_1853,2,HeadNeck,,,1853
pannuke_f2_1854,2,HeadNeck,Neoplastic;Connective_Soft_tissue,Delineate present neoplastic and connective soft tissue areas.,1854
pannuke_f2_1855,2,HeadNeck,Neoplastic;Inflammatory;Connective_Soft_tissue,"What parts are neoplastic, inflammatory and connective soft tissue?",1855
pannuke_f2_1856,2,HeadNeck,Neoplastic;Inflammatory;Connective_Soft_tissue,"Create segmentation of neoplastic, inflammatory and connective soft tissue.",1856
pannuke_f2_1857,2,HeadNeck,Neoplastic;Connective_Soft_tissue,Segment visible neoplastic and connective soft tissue tissue.,1857
pannuke_f2_1858,2,HeadNeck,Connective_Soft_tissue,Segment all connective soft tissue cells.,1858
pannuke_f2_1859,2,HeadNeck,Connective_Soft_tissue,Isolate connective soft tissue regions.,1859
pannuke_f2_1860,2,HeadNeck,Connective_Soft_tissue,This image contains connective soft tissue. Segment it.,1860
pannuke_f2_1861,2,HeadNeck,Connective_Soft_tissue,"Reviewing this image, delineate connective soft tissue boundaries.",1861
pannuke_f2_1862,2,HeadNeck,Neoplastic;Connective_Soft_tissue,"For this HeadNeck biopsy, segment neoplastic and connective soft tissue areas.",1862
pannuke_f2_1863,2,HeadNeck,Inflammatory;Connective_Soft_tissue,Segment the inflammatory and connective soft tissue components.,1863
pannuke_f2_1864,2,HeadNeck,Neoplastic;Inflammatory,Mark visible neoplastic and inflammatory tissue.,1864
pannuke_f2_1865,2,HeadNeck,Inflammatory;Connective_Soft_tissue,Show me where inflammatory and connective soft tissue is.,1865
pannuke_f2_1866,2,HeadNeck,Neoplastic;Inflammatory;Connective_Soft_tissue,"Identify parenchymal neoplastic, inflammatory and connective soft tissue.",1866
pannuke_f2_1867,2,HeadNeck,Inflammatory;Connective_Soft_tissue,Mark present inflammatory and connective soft tissue areas.,1867
pannuke_f2_1868,2,HeadNeck,Inflammatory;Connective_Soft_tissue,Distinguish visible inflammatory and connective soft tissue.,1868
pannuke_f2_1869,2,HeadNeck,Inflammatory;Connective_Soft_tissue,Identify inflammatory and connective soft tissue tissue regions.,1869
pannuke_f2_1870,2,HeadNeck,Neoplastic;Inflammatory;Connective_Soft_tissue,"Delineate all neoplastic, inflammatory and connective soft tissue structures.",1870
pannuke_f2_1871,2,HeadNeck,Inflammatory;Connective_Soft_tissue,Identify the inflammatory and connective soft tissue areas.,1871
pannuke_f2_1872,2,HeadNeck,Inflammatory;Connective_Soft_tissue,Provide inflammatory and connective soft tissue segmentation.,1872
pannuke_f2_1873,2,HeadNeck,Neoplastic;Inflammatory;Connective_Soft_tissue,"Distinguish the neoplastic, inflammatory and connective soft tissue regions.",1873
pannuke_f2_1874,2,HeadNeck,Neoplastic;Inflammatory;Connective_Soft_tissue,"Label the neoplastic, inflammatory and connective soft tissue regions.",1874
pannuke_f2_1875,2,HeadNeck,Inflammatory;Connective_Soft_tissue,Mark inflammatory and connective soft tissue in this biopsy sample.,1875
pannuke_f2_1876,2,HeadNeck,,,1876
pannuke_f2_1877,2,HeadNeck,Inflammatory;Connective_Soft_tissue,Segment inflammatory and connective soft tissue throughout the image.,1877
pannuke_f2_1878,2,HeadNeck,Neoplastic;Inflammatory;Connective_Soft_tissue,"Highlight neoplastic, inflammatory and connective soft tissue cells.",1878
pannuke_f2_1879,2,HeadNeck,Neoplastic;Inflammatory;Connective_Soft_tissue,"Show me where neoplastic, inflammatory and connective soft tissue is.",1879
pannuke_f2_1880,2,HeadNeck,Neoplastic;Inflammatory,Segment all neoplastic and inflammatory in the field.,1880
pannuke_f2_1881,2,HeadNeck,Neoplastic;Inflammatory;Connective_Soft_tissue,"Circle all neoplastic, inflammatory and connective soft tissue areas.",1881
pannuke_f2_1882,2,HeadNeck,Neoplastic;Inflammatory;Connective_Soft_tissue,"Create segmentation of neoplastic, inflammatory and connective soft tissue.",1882
pannuke_f2_1883,2,HeadNeck,Neoplastic,Extract all neoplastic areas.,1883
pannuke_f2_1884,2,HeadNeck,Neoplastic,Partition neoplastic regions.,1884
pannuke_f2_1885,2,HeadNeck,Neoplastic,Highlight neoplastic cellular characteristics.,1885
pannuke_f2_1886,2,HeadNeck,Neoplastic;Connective_Soft_tissue,Mark neoplastic and connective soft tissue in this HeadNeck specimen.,1886
pannuke_f2_1887,2,HeadNeck,Neoplastic;Connective_Soft_tissue,Segment microscopic neoplastic and connective soft tissue features.,1887
pannuke_f2_1888,2,HeadNeck,Neoplastic;Connective_Soft_tissue,Segment the entire neoplastic and connective soft tissue population.,1888
pannuke_f2_1889,2,HeadNeck,,,1889
pannuke_f2_1890,2,HeadNeck,Neoplastic;Connective_Soft_tissue,Analyze this HeadNeck and segment neoplastic and connective soft tissue.,1890
pannuke_f2_1891,2,HeadNeck,Neoplastic;Connective_Soft_tissue,Assess neoplastic and connective soft tissue regions.,1891
pannuke_f2_1892,2,HeadNeck,Neoplastic;Connective_Soft_tissue,Segment all neoplastic and connective soft tissue areas.,1892
pannuke_f2_1893,2,HeadNeck,Neoplastic,Identify present neoplastic tissue.,1893
pannuke_f2_1894,2,HeadNeck,Inflammatory,Segment the inflammatory cell populations.,1894
pannuke_f2_1895,2,HeadNeck,Inflammatory;Connective_Soft_tissue,Annotate visible inflammatory and connective soft tissue.,1895
pannuke_f2_1896,2,HeadNeck,Neoplastic;Inflammatory;Connective_Soft_tissue,"Pinpoint neoplastic, inflammatory and connective soft tissue in this HeadNeck.",1896
pannuke_f2_1897,2,HeadNeck,Neoplastic;Inflammatory;Connective_Soft_tissue,"Partition neoplastic, inflammatory and connective soft tissue regions.",1897
pannuke_f2_1898,2,HeadNeck,Neoplastic;Inflammatory;Connective_Soft_tissue,"Extract neoplastic, inflammatory and connective soft tissue regions from this image.",1898
pannuke_f2_1899,2,HeadNeck,Neoplastic;Connective_Soft_tissue,Highlight all neoplastic and connective soft tissue areas.,1899
pannuke_f2_1900,2,HeadNeck,Neoplastic;Inflammatory,Outline the neoplastic and inflammatory boundaries.,1900
pannuke_f2_1901,2,HeadNeck,Inflammatory;Connective_Soft_tissue,Mark the pathological inflammatory and connective soft tissue regions.,1901
pannuke_f2_1902,2,HeadNeck,Inflammatory;Connective_Soft_tissue,Recognize visible inflammatory and connective soft tissue.,1902
pannuke_f2_1903,2,HeadNeck,Inflammatory;Connective_Soft_tissue,Please find inflammatory and connective soft tissue.,1903
pannuke_f2_1904,2,HeadNeck,Inflammatory;Connective_Soft_tissue,Locate visible inflammatory and connective soft tissue.,1904
pannuke_f2_1905,2,HeadNeck,Inflammatory;Connective_Soft_tissue,Identify inflammatory and connective soft tissue in this histology section.,1905
pannuke_f2_1906,2,HeadNeck,Inflammatory;Connective_Soft_tissue,Mark present inflammatory and connective soft tissue structures.,1906
pannuke_f2_1907,2,HeadNeck,Inflammatory;Connective_Soft_tissue,Trace inflammatory and connective soft tissue margins.,1907
pannuke_f2_1908,2,HeadNeck,Neoplastic;Inflammatory;Connective_Soft_tissue,"Review this HeadNeck slide and identify neoplastic, inflammatory and connective soft tissue.",1908
pannuke_f2_1909,2,HeadNeck,Neoplastic;Inflammatory;Connective_Soft_tissue,"Show me the neoplastic, inflammatory and connective soft tissue regions.",1909
pannuke_f2_1910,2,HeadNeck,Neoplastic;Connective_Soft_tissue,Mark neoplastic and connective soft tissue cytological features.,1910
pannuke_f2_1911,2,HeadNeck,Inflammatory;Connective_Soft_tissue,Analyze this HeadNeck and segment inflammatory and connective soft tissue.,1911
pannuke_f2_1912,2,HeadNeck,Inflammatory;Connective_Soft_tissue,Locate and segment inflammatory and connective soft tissue.,1912
pannuke_f2_1913,2,HeadNeck,Inflammatory;Connective_Soft_tissue,Mark inflammatory and connective soft tissue in this HeadNeck specimen.,1913
pannuke_f2_1914,2,HeadNeck,Inflammatory;Connective_Soft_tissue,Provide inflammatory and connective soft tissue segmentation.,1914
pannuke_f2_1915,2,HeadNeck,Inflammatory;Connective_Soft_tissue,Search for inflammatory and connective soft tissue regions.,1915
pannuke_f2_1916,2,HeadNeck,Inflammatory;Connective_Soft_tissue,Segment the inflammatory and connective soft tissue cell populations.,1916
pannuke_f2_1917,2,HeadNeck,Inflammatory,Isolate inflammatory cells.,1917
pannuke_f2_1918,2,HeadNeck,Inflammatory;Connective_Soft_tissue,Determine inflammatory and connective soft tissue location.,1918
pannuke_f2_1919,2,HeadNeck,Inflammatory;Connective_Soft_tissue,Point out inflammatory and connective soft tissue cells.,1919
pannuke_f2_1920,2,HeadNeck,Epithelial,Where can you find epithelial?,1920
pannuke_f2_1921,2,HeadNeck,,,1921
pannuke_f2_1922,2,HeadNeck,Epithelial,Please segment epithelial tissue.,1922
pannuke_f2_1923,2,HeadNeck,Epithelial,The objective is to mark epithelial.,1923
pannuke_f2_1924,2,HeadNeck,Epithelial,Scan for epithelial cells.,1924
pannuke_f2_1925,2,HeadNeck,Epithelial,Mark epithelial tissue architecture.,1925
pannuke_f2_1926,2,HeadNeck,Epithelial,Mark epithelial lesion areas.,1926
pannuke_f2_1927,2,HeadNeck,Epithelial,Segment the entire epithelial population.,1927
pannuke_f2_1928,2,HeadNeck,,,1928
pannuke_f2_1929,2,HeadNeck,,,1929
pannuke_f2_1930,2,HeadNeck,,,1930
pannuke_f2_1931,2,HeadNeck,,,1931
pannuke_f2_1932,2,HeadNeck,,,1932
pannuke_f2_1933,2,HeadNeck,,,1933
pannuke_f2_1934,2,HeadNeck,Connective_Soft_tissue,"Reviewing this image, delineate connective soft tissue boundaries.",1934
pannuke_f2_1935,2,HeadNeck,Connective_Soft_tissue,Annotate all connective soft tissue areas.,1935
pannuke_f2_1936,2,HeadNeck,,,1936
pannuke_f2_1937,2,HeadNeck,Connective_Soft_tissue,Segment connective soft tissue zones.,1937
pannuke_f2_1938,2,HeadNeck,Connective_Soft_tissue,connective soft tissue can be seen. Identify and segment.,1938
pannuke_f2_1939,2,HeadNeck,Connective_Soft_tissue,Identify connective soft tissue features in HeadNeck.,1939
pannuke_f2_1940,2,HeadNeck,Connective_Soft_tissue,Mark foci of connective soft tissue activity.,1940
pannuke_f2_1941,2,HeadNeck,Connective_Soft_tissue,This is a HeadNeck image. Segment connective soft tissue.,1941
pannuke_f2_1942,2,HeadNeck,Connective_Soft_tissue,Delineate connective soft tissue boundaries.,1942
pannuke_f2_1943,2,HeadNeck,Connective_Soft_tissue,Locate connective soft tissue in HeadNeck tissue.,1943
pannuke_f2_1944,2,HeadNeck,Inflammatory;Connective_Soft_tissue,Find the inflammatory and connective soft tissue areas.,1944
pannuke_f2_1945,2,HeadNeck,Connective_Soft_tissue,Target connective soft tissue cells.,1945
pannuke_f2_1946,2,HeadNeck,Connective_Soft_tissue,Mark regions of connective soft tissue accumulation.,1946
pannuke_f2_1947,2,HeadNeck,Connective_Soft_tissue,Segment microscopic connective soft tissue features.,1947
pannuke_f2_1948,2,HeadNeck,Connective_Soft_tissue,Pinpoint all connective soft tissue areas.,1948
pannuke_f2_1949,2,HeadNeck,Connective_Soft_tissue,Segment connective soft tissue phenotypic features.,1949
pannuke_f2_1950,2,HeadNeck,Connective_Soft_tissue,Identify connective soft tissue chromatin patterns.,1950
pannuke_f2_1951,2,HeadNeck,Connective_Soft_tissue,Mark the pathological connective soft tissue regions.,1951
pannuke_f2_1952,2,HeadNeck,Connective_Soft_tissue,There is connective soft tissue present. Mark it.,1952
pannuke_f2_1953,2,HeadNeck,Connective_Soft_tissue;Epithelial,"In the HeadNeck section, locate connective soft tissue and epithelial.",1953
pannuke_f2_1954,2,HeadNeck,Inflammatory;Connective_Soft_tissue,Which cells are inflammatory and connective soft tissue?,1954
pannuke_f2_1955,2,HeadNeck,Epithelial,Accurately identify and mark all epithelial areas present in the slide.,1955
pannuke_f2_1956,2,HeadNeck,Connective_Soft_tissue,Point out the connective soft tissue regions.,1956
pannuke_f2_1957,2,HeadNeck,Inflammatory;Connective_Soft_tissue,Identify visible inflammatory and connective soft tissue structures.,1957
pannuke_f2_1958,2,HeadNeck,Inflammatory;Connective_Soft_tissue;Epithelial,"Within the HeadNeck, identify inflammatory, connective soft tissue and epithelial.",1958
pannuke_f2_1959,2,HeadNeck,Connective_Soft_tissue;Epithelial,Locate connective soft tissue and epithelial in this slide.,1959
pannuke_f2_1960,2,HeadNeck,Connective_Soft_tissue,Mark connective soft tissue cellular infiltration.,1960
pannuke_f2_1961,2,HeadNeck,Connective_Soft_tissue;Epithelial,Pinpoint connective soft tissue and epithelial cells.,1961
pannuke_f2_1962,2,HeadNeck,Neoplastic;Inflammatory;Connective_Soft_tissue,"Segment the neoplastic, inflammatory and connective soft tissue distribution.",1962
pannuke_f2_1963,2,HeadNeck,Neoplastic;Inflammatory;Connective_Soft_tissue,"Chart neoplastic, inflammatory and connective soft tissue presence.",1963
pannuke_f2_1964,2,HeadNeck,Neoplastic;Inflammatory;Connective_Soft_tissue,"Outline neoplastic, inflammatory and connective soft tissue architectural patterns.",1964
pannuke_f2_1965,2,HeadNeck,Connective_Soft_tissue,Please find connective soft tissue.,1965
pannuke_f2_1966,2,HeadNeck,Inflammatory;Connective_Soft_tissue,Identify inflammatory and connective soft tissue tissue regions.,1966
pannuke_f2_1967,2,HeadNeck,Inflammatory;Connective_Soft_tissue,"Within the HeadNeck, identify inflammatory and connective soft tissue.",1967
pannuke_f2_1968,2,HeadNeck,Inflammatory;Connective_Soft_tissue,Indicate all inflammatory and connective soft tissue cells.,1968
pannuke_f2_1969,2,HeadNeck,Neoplastic,Mark all neoplastic regions.,1969
pannuke_f2_1970,2,HeadNeck,Neoplastic,Plot neoplastic locations.,1970
pannuke_f2_1971,2,HeadNeck,Neoplastic;Connective_Soft_tissue,Isolate neoplastic and connective soft tissue regions.,1971
pannuke_f2_1972,2,HeadNeck,Neoplastic;Connective_Soft_tissue,Highlight neoplastic and connective soft tissue cells.,1972
pannuke_f2_1973,2,HeadNeck,Neoplastic;Connective_Soft_tissue,"On this HeadNeck image, highlight neoplastic and connective soft tissue.",1973
pannuke_f2_1974,2,HeadNeck,Neoplastic;Connective_Soft_tissue,Please segment neoplastic and connective soft tissue.,1974
pannuke_f2_1975,2,HeadNeck,Neoplastic;Connective_Soft_tissue,Segment the neoplastic and connective soft tissue nuclei.,1975
pannuke_f2_1976,2,HeadNeck,Neoplastic,Trace neoplastic margins.,1976
pannuke_f2_1977,2,HeadNeck,Neoplastic;Inflammatory;Connective_Soft_tissue,"Segment all neoplastic, inflammatory and connective soft tissue in the field.",1977
pannuke_f2_1978,2,HeadNeck,Inflammatory;Connective_Soft_tissue,"For HeadNeck pathology, outline inflammatory and connective soft tissue.",1978
pannuke_f2_1979,2,HeadNeck,Neoplastic;Inflammatory;Connective_Soft_tissue,"Locate neoplastic, inflammatory and connective soft tissue in HeadNeck tissue.",1979
pannuke_f2_1980,2,HeadNeck,Neoplastic;Inflammatory;Connective_Soft_tissue,"Identify only neoplastic, inflammatory and connective soft tissue cells.",1980
pannuke_f2_1981,2,HeadNeck,Neoplastic;Inflammatory;Connective_Soft_tissue,"Label neoplastic, inflammatory and connective soft tissue cells.",1981
pannuke_f2_1982,2,HeadNeck,Neoplastic,Generate a comprehensive mask for neoplastic.,1982
pannuke_f2_1983,2,HeadNeck,Neoplastic;Inflammatory,Mark neoplastic and inflammatory lesion areas.,1983
pannuke_f2_1984,2,HeadNeck,Neoplastic;Inflammatory;Connective_Soft_tissue,"Pinpoint visible neoplastic, inflammatory and connective soft tissue.",1984
pannuke_f2_1985,2,HeadNeck,Neoplastic;Connective_Soft_tissue,Segment regions with neoplastic and connective soft tissue.,1985
pannuke_f2_1986,2,HeadNeck,Neoplastic;Inflammatory,Which regions show neoplastic and inflammatory?,1986
pannuke_f2_1987,2,HeadNeck,Neoplastic;Inflammatory,Label visible neoplastic and inflammatory.,1987
pannuke_f2_1988,2,HeadNeck,Neoplastic;Inflammatory;Connective_Soft_tissue,"Segment visible neoplastic, inflammatory and connective soft tissue.",1988
pannuke_f2_1989,2,HeadNeck,Neoplastic;Inflammatory;Connective_Soft_tissue,"Segment neoplastic, inflammatory and connective soft tissue in relation to stroma.",1989
pannuke_f2_1990,2,HeadNeck,Neoplastic;Connective_Soft_tissue,Segment the neoplastic and connective soft tissue regions.,1990
pannuke_f2_1991,2,HeadNeck,Neoplastic;Inflammatory,Delineate all neoplastic and inflammatory regions.,1991
pannuke_f2_1992,2,HeadNeck,Neoplastic;Inflammatory;Dead,"Mark all neoplastic, inflammatory and dead tissue.",1992
pannuke_f2_1993,2,HeadNeck,Neoplastic;Inflammatory;Dead,"Identify visible neoplastic, inflammatory and dead cells.",1993
pannuke_f2_1994,2,HeadNeck,Neoplastic;Inflammatory;Dead,"Find the neoplastic, inflammatory and dead areas.",1994
pannuke_f2_1995,2,HeadNeck,Neoplastic;Inflammatory;Dead,"Delineate all neoplastic, inflammatory and dead cells.",1995
pannuke_f2_1996,2,HeadNeck,Inflammatory;Dead,Document inflammatory and dead in this HeadNeck sample.,1996
pannuke_f2_1997,2,HeadNeck,Neoplastic;Inflammatory;Dead,"Identify neoplastic, inflammatory and dead features in HeadNeck.",1997
pannuke_f2_1998,2,HeadNeck,,,1998
pannuke_f2_1999,2,HeadNeck,,,1999
pannuke_f2_2000,2,HeadNeck,,,2000
pannuke_f2_2001,2,HeadNeck,Connective_Soft_tissue,Segment visible connective soft tissue structures.,2001
pannuke_f2_2002,2,HeadNeck,Inflammatory;Connective_Soft_tissue,Indicate all inflammatory and connective soft tissue cells.,2002
pannuke_f2_2003,2,HeadNeck,,,2003
pannuke_f2_2004,2,HeadNeck,,,2004
pannuke_f2_2005,2,HeadNeck,,,2005
pannuke_f2_2006,2,HeadNeck,Connective_Soft_tissue,Point out connective soft tissue cells.,2006
pannuke_f2_2007,2,HeadNeck,Neoplastic;Connective_Soft_tissue,Please show neoplastic and connective soft tissue regions.,2007
pannuke_f2_2008,2,HeadNeck,Neoplastic;Inflammatory;Connective_Soft_tissue,"Can you mark neoplastic, inflammatory and connective soft tissue?",2008
pannuke_f2_2009,2,HeadNeck,Neoplastic;Inflammatory;Connective_Soft_tissue,"Chart neoplastic, inflammatory and connective soft tissue distribution.",2009
pannuke_f2_2010,2,HeadNeck,Neoplastic;Inflammatory;Connective_Soft_tissue,"Identify the neoplastic, inflammatory and connective soft tissue regions.",2010
pannuke_f2_2011,2,HeadNeck,Neoplastic;Inflammatory;Connective_Soft_tissue,"Show me where neoplastic, inflammatory and connective soft tissue is.",2011
pannuke_f2_2012,2,HeadNeck,Neoplastic;Inflammatory;Connective_Soft_tissue,"Generate a comprehensive mask for neoplastic, inflammatory and connective soft tissue.",2012
pannuke_f2_2013,2,HeadNeck,Neoplastic;Inflammatory,Outline the neoplastic and inflammatory regions.,2013
pannuke_f2_2014,2,Kidney,Neoplastic;Connective_Soft_tissue,Recognize all neoplastic and connective soft tissue areas.,2014
pannuke_f2_2015,2,Kidney,Neoplastic;Connective_Soft_tissue,Segment all neoplastic and connective soft tissue in the field.,2015
pannuke_f2_2016,2,Kidney,Neoplastic;Connective_Soft_tissue,Trace all neoplastic and connective soft tissue areas.,2016
pannuke_f2_2017,2,Kidney,Neoplastic;Connective_Soft_tissue,Segment the neoplastic and connective soft tissue structures.,2017
pannuke_f2_2018,2,Kidney,Neoplastic;Connective_Soft_tissue,Mark present neoplastic and connective soft tissue regions.,2018
pannuke_f2_2019,2,Kidney,,,2019
pannuke_f2_2020,2,Kidney,Inflammatory,"In this Kidney tissue, segment inflammatory.",2020
pannuke_f2_2021,2,Kidney,,,2021
pannuke_f2_2022,2,Kidney,Inflammatory,Segment visible inflammatory areas.,2022
pannuke_f2_2023,2,Kidney,Inflammatory,Segment the inflammatory sections.,2023
pannuke_f2_2024,2,Kidney,Inflammatory,Delineate present inflammatory tissue.,2024
pannuke_f2_2025,2,Kidney,Connective_Soft_tissue,Mark connective soft tissue for area measurement.,2025
pannuke_f2_2026,2,Kidney,Connective_Soft_tissue,Identify present connective soft tissue structures.,2026
pannuke_f2_2027,2,Kidney,Connective_Soft_tissue,Mark visible connective soft tissue areas.,2027
pannuke_f2_2028,2,Kidney,Connective_Soft_tissue,Distinguish visible connective soft tissue.,2028
pannuke_f2_2029,2,Kidney,Connective_Soft_tissue,Delineate all connective soft tissue.,2029
pannuke_f2_2030,2,Kidney,Neoplastic;Inflammatory;Connective_Soft_tissue,"Accurately identify and mark all neoplastic, inflammatory and connective soft tissue areas present in the slide.",2030
pannuke_f2_2031,2,Kidney,Neoplastic;Inflammatory;Connective_Soft_tissue,"neoplastic, inflammatory and connective soft tissue is visible. Segment the regions.",2031
pannuke_f2_2032,2,Kidney,Neoplastic;Inflammatory;Connective_Soft_tissue,"The task is to segment neoplastic, inflammatory and connective soft tissue.",2032
pannuke_f2_2033,2,Kidney,Neoplastic;Inflammatory;Connective_Soft_tissue,"Distinguish neoplastic, inflammatory and connective soft tissue cells.",2033
pannuke_f2_2034,2,Kidney,Neoplastic;Connective_Soft_tissue,Delineate neoplastic and connective soft tissue with accurate boundary detection.,2034
pannuke_f2_2035,2,Kidney,Neoplastic;Inflammatory;Connective_Soft_tissue,"Pay attention to neoplastic, inflammatory and connective soft tissue areas.",2035
pannuke_f2_2036,2,Kidney,Connective_Soft_tissue;Epithelial,Mark connective soft tissue and epithelial ensuring complete coverage of affected areas.,2036
pannuke_f2_2037,2,Kidney,Connective_Soft_tissue;Epithelial,Point out visible connective soft tissue and epithelial.,2037
pannuke_f2_2038,2,Kidney,Connective_Soft_tissue;Epithelial,Provide connective soft tissue and epithelial segmentation.,2038
pannuke_f2_2039,2,Kidney,Connective_Soft_tissue;Epithelial,connective soft tissue and epithelial appears in this image. Segment all instances.,2039
pannuke_f2_2040,2,Kidney,Connective_Soft_tissue;Epithelial,Mark only connective soft tissue and epithelial regions.,2040
pannuke_f2_2041,2,Kidney,Inflammatory;Connective_Soft_tissue;Epithelial,"Segment locations of inflammatory, connective soft tissue and epithelial.",2041
pannuke_f2_2042,2,Liver,Neoplastic;Inflammatory;Connective_Soft_tissue,"Show me the neoplastic, inflammatory and connective soft tissue areas.",2042
pannuke_f2_2043,2,Liver,Neoplastic;Inflammatory;Connective_Soft_tissue,"Segment neoplastic, inflammatory and connective soft tissue in the tissue matrix.",2043
pannuke_f2_2044,2,Liver,Neoplastic;Inflammatory;Connective_Soft_tissue,"From the Liver tissue, extract neoplastic, inflammatory and connective soft tissue regions.",2044
pannuke_f2_2045,2,Liver,Neoplastic;Connective_Soft_tissue,What parts are neoplastic and connective soft tissue?,2045
pannuke_f2_2046,2,Liver,Neoplastic;Connective_Soft_tissue,Segment the neoplastic and connective soft tissue regions.,2046
pannuke_f2_2047,2,Liver,Neoplastic;Connective_Soft_tissue,neoplastic and connective soft tissue appears in this image. Segment all instances.,2047
pannuke_f2_2048,2,Liver,Neoplastic;Connective_Soft_tissue,Classes to segment: neoplastic and connective soft tissue.,2048
pannuke_f2_2049,2,Liver,Neoplastic;Connective_Soft_tissue,Segment neoplastic and connective soft tissue diagnostic regions.,2049
pannuke_f2_2050,2,Liver,Neoplastic,Segment neoplastic areas in Liver tissue.,2050
pannuke_f2_2051,2,Liver,Inflammatory;Connective_Soft_tissue,Indicate inflammatory and connective soft tissue areas.,2051
pannuke_f2_2052,2,Liver,Inflammatory;Connective_Soft_tissue,Segment visible inflammatory and connective soft tissue.,2052
pannuke_f2_2053,2,Liver,Inflammatory;Connective_Soft_tissue,Determine inflammatory and connective soft tissue location.,2053
pannuke_f2_2054,2,Liver,Inflammatory;Connective_Soft_tissue,Segment boundaries of inflammatory and connective soft tissue.,2054
pannuke_f2_2055,2,Liver,Inflammatory;Connective_Soft_tissue,Segment any inflammatory and connective soft tissue present.,2055
pannuke_f2_2056,2,Liver,Inflammatory;Connective_Soft_tissue,Label visible inflammatory and connective soft tissue.,2056
pannuke_f2_2057,2,Liver,Inflammatory;Connective_Soft_tissue,Segment inflammatory and connective soft tissue phenotypic features.,2057
pannuke_f2_2058,2,Liver,Inflammatory;Connective_Soft_tissue,Recognize inflammatory and connective soft tissue in Liver pathology.,2058
pannuke_f2_2059,2,Liver,Inflammatory;Connective_Soft_tissue,"Given this Liver sample, mark inflammatory and connective soft tissue regions.",2059
pannuke_f2_2060,2,Liver,Neoplastic;Inflammatory;Connective_Soft_tissue,"Mark present neoplastic, inflammatory and connective soft tissue regions.",2060
pannuke_f2_2061,2,Liver,Neoplastic,Where is the neoplastic in this image?,2061
pannuke_f2_2062,2,Liver,Inflammatory;Connective_Soft_tissue,"In this Liver tissue, segment inflammatory and connective soft tissue.",2062
pannuke_f2_2063,2,Liver,Neoplastic;Inflammatory;Connective_Soft_tissue,"Isolate neoplastic, inflammatory and connective soft tissue from background.",2063
pannuke_f2_2064,2,Liver,Inflammatory;Connective_Soft_tissue;Epithelial,"Mark inflammatory, connective soft tissue and epithelial in this biopsy sample.",2064
pannuke_f2_2065,2,Liver,Inflammatory;Connective_Soft_tissue;Epithelial,"Identify inflammatory, connective soft tissue and epithelial chromatin patterns.",2065
pannuke_f2_2066,2,Liver,Inflammatory;Connective_Soft_tissue;Epithelial,"Separate inflammatory, connective soft tissue and epithelial cells.",2066
pannuke_f2_2067,2,Liver,Neoplastic;Inflammatory;Connective_Soft_tissue;Epithelial,"Trace neoplastic, inflammatory, connective soft tissue and epithelial boundaries.",2067
pannuke_f2_2068,2,Liver,Inflammatory;Connective_Soft_tissue;Epithelial,"Throughout the Liver tissue, mark inflammatory, connective soft tissue and epithelial.",2068
pannuke_f2_2069,2,Liver,Inflammatory;Connective_Soft_tissue;Epithelial,"Delineate inflammatory, connective soft tissue and epithelial in Liver pathology.",2069
pannuke_f2_2070,2,Liver,Inflammatory;Connective_Soft_tissue;Epithelial,"Partition inflammatory, connective soft tissue and epithelial regions.",2070
pannuke_f2_2071,2,Liver,Inflammatory;Epithelial,Segment inflammatory and epithelial in the Liver section.,2071
pannuke_f2_2072,2,Liver,Connective_Soft_tissue;Epithelial,Classes to segment: connective soft tissue and epithelial.,2072
pannuke_f2_2073,2,Liver,Neoplastic;Connective_Soft_tissue,Segment the neoplastic and connective soft tissue cell population.,2073
pannuke_f2_2074,2,Liver,Neoplastic;Inflammatory;Connective_Soft_tissue,"Detect and segment neoplastic, inflammatory and connective soft tissue areas.",2074
pannuke_f2_2075,2,Liver,Neoplastic;Inflammatory;Connective_Soft_tissue,"Circle the neoplastic, inflammatory and connective soft tissue regions.",2075
pannuke_f2_2076,2,Liver,Neoplastic;Inflammatory;Connective_Soft_tissue,"Segment visible neoplastic, inflammatory and connective soft tissue regions.",2076
pannuke_f2_2077,2,Liver,Inflammatory;Connective_Soft_tissue,inflammatory and connective soft tissue is evident. Highlight the areas.,2077
pannuke_f2_2078,2,Liver,Neoplastic;Inflammatory,Identify all neoplastic and inflammatory structures.,2078
pannuke_f2_2079,2,Liver,Neoplastic;Inflammatory,"In the Liver section, locate neoplastic and inflammatory.",2079
pannuke_f2_2080,2,Liver,Connective_Soft_tissue,Provide mask for connective soft tissue.,2080
pannuke_f2_2081,2,Liver,Connective_Soft_tissue,Locate connective soft tissue in Liver tissue.,2081
pannuke_f2_2082,2,Liver,Inflammatory;Connective_Soft_tissue,Delineate present inflammatory and connective soft tissue regions.,2082
pannuke_f2_2083,2,Liver,Neoplastic,"In the Liver microstructure, find neoplastic.",2083
pannuke_f2_2084,2,Liver,Neoplastic;Inflammatory;Connective_Soft_tissue;Epithelial,"Delineate visible neoplastic, inflammatory, connective soft tissue and epithelial cells.",2084
pannuke_f2_2085,2,Liver,Neoplastic;Inflammatory,Segment any neoplastic and inflammatory present.,2085
pannuke_f2_2086,2,Liver,Connective_Soft_tissue,Mark cellular connective soft tissue regions.,2086
pannuke_f2_2087,2,Liver,Neoplastic;Connective_Soft_tissue,Highlight neoplastic and connective soft tissue in this image.,2087
pannuke_f2_2088,2,Liver,Inflammatory;Connective_Soft_tissue,Target inflammatory and connective soft tissue cells.,2088
pannuke_f2_2089,2,Liver,Neoplastic;Connective_Soft_tissue,Identify all neoplastic and connective soft tissue regions.,2089
pannuke_f2_2090,2,Liver,Epithelial,Show me where epithelial is.,2090
pannuke_f2_2091,2,Liver,Inflammatory;Connective_Soft_tissue;Epithelial,"Isolate inflammatory, connective soft tissue and epithelial cells.",2091
pannuke_f2_2092,2,Liver,Connective_Soft_tissue;Epithelial,Where is connective soft tissue and epithelial located?,2092
pannuke_f2_2093,2,Liver,Inflammatory;Epithelial,Segment any inflammatory and epithelial present.,2093
pannuke_f2_2094,2,Liver,Inflammatory;Connective_Soft_tissue;Epithelial,"Which parts have inflammatory, connective soft tissue and epithelial?",2094
pannuke_f2_2095,2,Liver,Inflammatory;Epithelial,Review this Liver slide and identify inflammatory and epithelial.,2095
pannuke_f2_2096,2,Liver,Inflammatory;Connective_Soft_tissue;Epithelial,"Label inflammatory, connective soft tissue and epithelial cells.",2096
pannuke_f2_2097,2,Liver,Connective_Soft_tissue;Epithelial,Identify connective soft tissue and epithelial in this pathology slide.,2097
pannuke_f2_2098,2,Liver,Inflammatory;Connective_Soft_tissue;Epithelial,"Recognize the inflammatory, connective soft tissue and epithelial regions.",2098
pannuke_f2_2099,2,Liver,Inflammatory;Connective_Soft_tissue,Segment the inflammatory and connective soft tissue nuclei.,2099
pannuke_f2_2100,2,Liver,Neoplastic;Connective_Soft_tissue,Segment all neoplastic and connective soft tissue structures.,2100
pannuke_f2_2101,2,Liver,Neoplastic;Connective_Soft_tissue,Scan for neoplastic and connective soft tissue cells.,2101
pannuke_f2_2102,2,Liver,Neoplastic;Inflammatory;Connective_Soft_tissue,"Concentrate on neoplastic, inflammatory and connective soft tissue regions.",2102
pannuke_f2_2103,2,Liver,Neoplastic;Inflammatory;Connective_Soft_tissue,"Please segment neoplastic, inflammatory and connective soft tissue.",2103
pannuke_f2_2104,2,Liver,Neoplastic,Concentrate on neoplastic regions.,2104
pannuke_f2_2105,2,Liver,Neoplastic;Inflammatory;Connective_Soft_tissue,"Generate neoplastic, inflammatory and connective soft tissue segmentation.",2105
pannuke_f2_2106,2,Liver,Neoplastic,Segment zones of neoplastic presence.,2106
pannuke_f2_2107,2,Liver,Neoplastic;Inflammatory;Connective_Soft_tissue,"Segment the neoplastic, inflammatory and connective soft tissue distribution.",2107
pannuke_f2_2108,2,Lung,Neoplastic,"Reviewing this image, delineate neoplastic boundaries.",2108
pannuke_f2_2109,2,Lung,Neoplastic;Connective_Soft_tissue,Annotate neoplastic and connective soft tissue in Lung microscopy.,2109
pannuke_f2_2110,2,Lung,Neoplastic;Inflammatory;Connective_Soft_tissue,"Point out neoplastic, inflammatory and connective soft tissue cells.",2110
pannuke_f2_2111,2,Lung,Neoplastic;Inflammatory;Connective_Soft_tissue,"Separate neoplastic, inflammatory and connective soft tissue regions.",2111
pannuke_f2_2112,2,Lung,Neoplastic;Inflammatory;Connective_Soft_tissue,"Mark neoplastic, inflammatory and connective soft tissue in this biopsy sample.",2112
pannuke_f2_2113,2,Lung,Neoplastic;Inflammatory;Connective_Soft_tissue,"Highlight the neoplastic, inflammatory and connective soft tissue tissue.",2113
pannuke_f2_2114,2,Lung,Neoplastic;Inflammatory;Connective_Soft_tissue,"Segment present neoplastic, inflammatory and connective soft tissue tissue.",2114
pannuke_f2_2115,2,Lung,Neoplastic;Inflammatory,"Within Lung tissue, annotate neoplastic and inflammatory.",2115
pannuke_f2_2116,2,Lung,Neoplastic;Inflammatory,Identify neoplastic and inflammatory components.,2116
pannuke_f2_2117,2,Ovarian,Inflammatory;Connective_Soft_tissue,Show me the inflammatory and connective soft tissue areas.,2117
pannuke_f2_2118,2,Ovarian,Inflammatory;Connective_Soft_tissue,Mark all inflammatory and connective soft tissue regions.,2118
pannuke_f2_2119,2,Ovarian,Inflammatory;Connective_Soft_tissue,Outline inflammatory and connective soft tissue cells.,2119
pannuke_f2_2120,2,Ovarian,Connective_Soft_tissue,Delineate all connective soft tissue areas.,2120
pannuke_f2_2121,2,Ovarian,Inflammatory;Connective_Soft_tissue,Segment the inflammatory and connective soft tissue spread.,2121
pannuke_f2_2122,2,Ovarian,Inflammatory;Connective_Soft_tissue,Target inflammatory and connective soft tissue in this image.,2122
pannuke_f2_2123,2,Ovarian,Inflammatory;Connective_Soft_tissue,Isolate inflammatory and connective soft tissue cells.,2123
pannuke_f2_2124,2,Ovarian,Inflammatory;Connective_Soft_tissue,Segment inflammatory and connective soft tissue in this Ovarian tissue.,2124
pannuke_f2_2125,2,Ovarian,Inflammatory;Connective_Soft_tissue;Epithelial,"Identify inflammatory, connective soft tissue and epithelial for diagnostic purposes.",2125
pannuke_f2_2126,2,Ovarian,Epithelial,Mark epithelial cytoplasmic features.,2126
pannuke_f2_2127,2,Ovarian,Inflammatory;Connective_Soft_tissue;Epithelial,"Delineate the inflammatory, connective soft tissue and epithelial regions.",2127
pannuke_f2_2128,2,Ovarian,Inflammatory;Connective_Soft_tissue;Epithelial,"Locate inflammatory, connective soft tissue and epithelial in this slide.",2128
pannuke_f2_2129,2,Ovarian,Inflammatory;Connective_Soft_tissue;Epithelial,"Pinpoint all inflammatory, connective soft tissue and epithelial areas.",2129
pannuke_f2_2130,2,Ovarian,Inflammatory;Connective_Soft_tissue,Segment inflammatory and connective soft tissue throughout the image.,2130
pannuke_f2_2131,2,Ovarian,Neoplastic;Connective_Soft_tissue,Pinpoint all neoplastic and connective soft tissue areas.,2131
pannuke_f2_2132,2,Ovarian,Neoplastic;Connective_Soft_tissue,Segment locations of neoplastic and connective soft tissue.,2132
pannuke_f2_2133,2,Ovarian,Neoplastic,Outline all neoplastic structures.,2133
pannuke_f2_2134,2,Ovarian,Neoplastic;Connective_Soft_tissue,Trace the neoplastic and connective soft tissue outlines.,2134
pannuke_f2_2135,2,Ovarian,Neoplastic;Connective_Soft_tissue,Mark cellular neoplastic and connective soft tissue regions.,2135
pannuke_f2_2136,2,Ovarian,Neoplastic;Connective_Soft_tissue,Locate neoplastic and connective soft tissue in Ovarian tissue.,2136
pannuke_f2_2137,2,Ovarian,Neoplastic;Inflammatory;Connective_Soft_tissue,"Identify neoplastic, inflammatory and connective soft tissue tissue regions.",2137
pannuke_f2_2138,2,Ovarian,Neoplastic;Inflammatory;Connective_Soft_tissue,"Delineate neoplastic, inflammatory and connective soft tissue pathology in this section.",2138
pannuke_f2_2139,2,Ovarian,Inflammatory;Connective_Soft_tissue,Goal: mark all inflammatory and connective soft tissue cells.,2139
pannuke_f2_2140,2,Ovarian,Neoplastic;Inflammatory;Connective_Soft_tissue,"Highlight visible neoplastic, inflammatory and connective soft tissue regions.",2140
pannuke_f2_2141,2,Ovarian,Neoplastic;Inflammatory;Connective_Soft_tissue,"Carefully segment all neoplastic, inflammatory and connective soft tissue regions visible in this histopathology image.",2141
pannuke_f2_2142,2,Ovarian,Neoplastic;Inflammatory;Connective_Soft_tissue,"Mark present neoplastic, inflammatory and connective soft tissue structures.",2142
pannuke_f2_2143,2,Ovarian,Neoplastic,"Observing this sample, delineate neoplastic.",2143
pannuke_f2_2144,2,Ovarian,Neoplastic,Where is neoplastic located?,2144
pannuke_f2_2145,2,Ovarian,Neoplastic,Focus on neoplastic in this image.,2145
pannuke_f2_2146,2,Ovarian,Neoplastic;Inflammatory,Highlight the neoplastic and inflammatory regions.,2146
pannuke_f2_2147,2,Ovarian,Neoplastic,Create an accurate segmentation of neoplastic areas.,2147
pannuke_f2_2148,2,Ovarian,Neoplastic,Delineate all neoplastic areas.,2148
pannuke_f2_2149,2,Ovarian,Neoplastic;Inflammatory;Connective_Soft_tissue,"What regions contain neoplastic, inflammatory and connective soft tissue?",2149
pannuke_f2_2150,2,Ovarian,Neoplastic,Delineate present neoplastic regions.,2150
pannuke_f2_2151,2,Ovarian,Neoplastic,Highlight all neoplastic cells.,2151
pannuke_f2_2152,2,Pancreatic,Connective_Soft_tissue;Epithelial,Annotate connective soft tissue and epithelial in Pancreatic microscopy.,2152
pannuke_f2_2153,2,Pancreatic,Inflammatory;Connective_Soft_tissue;Epithelial,"Identify present inflammatory, connective soft tissue and epithelial regions.",2153
pannuke_f2_2154,2,Pancreatic,Inflammatory;Connective_Soft_tissue;Epithelial,"Segment all inflammatory, connective soft tissue and epithelial tissue.",2154
pannuke_f2_2155,2,Pancreatic,Inflammatory;Connective_Soft_tissue;Epithelial,"In this histopathology image, please segment inflammatory, connective soft tissue and epithelial.",2155
pannuke_f2_2156,2,Pancreatic,Connective_Soft_tissue;Epithelial,Annotate connective soft tissue and epithelial cells.,2156
pannuke_f2_2157,2,Pancreatic,Inflammatory;Connective_Soft_tissue;Epithelial,"Which regions show inflammatory, connective soft tissue and epithelial?",2157
pannuke_f2_2158,2,Pancreatic,Connective_Soft_tissue;Epithelial,Segment connective soft tissue and epithelial in relation to stroma.,2158
pannuke_f2_2159,2,Pancreatic,Connective_Soft_tissue;Epithelial,Delineate all connective soft tissue and epithelial tissue.,2159
pannuke_f2_2160,2,Pancreatic,Inflammatory;Connective_Soft_tissue;Epithelial,"Identify inflammatory, connective soft tissue and epithelial for diagnostic purposes.",2160
pannuke_f2_2161,2,Pancreatic,Neoplastic;Connective_Soft_tissue,There is neoplastic and connective soft tissue present. Mark it.,2161
pannuke_f2_2162,2,Pancreatic,Neoplastic,Produce neoplastic mask.,2162
pannuke_f2_2163,2,Pancreatic,Neoplastic;Inflammatory;Connective_Soft_tissue,"This is a Pancreatic image. Segment neoplastic, inflammatory and connective soft tissue.",2163
pannuke_f2_2164,2,Pancreatic,Inflammatory;Connective_Soft_tissue,You need to segment inflammatory and connective soft tissue.,2164
pannuke_f2_2165,2,Pancreatic,Inflammatory;Connective_Soft_tissue,Segment the inflammatory and connective soft tissue portions.,2165
pannuke_f2_2166,2,Pancreatic,Neoplastic;Inflammatory;Connective_Soft_tissue,"Identify areas of neoplastic, inflammatory and connective soft tissue concentration.",2166
pannuke_f2_2167,2,Pancreatic,Neoplastic;Inflammatory;Connective_Soft_tissue,"Document neoplastic, inflammatory and connective soft tissue in this Pancreatic sample.",2167
pannuke_f2_2168,2,Pancreatic,Neoplastic;Inflammatory;Connective_Soft_tissue,"Segment present neoplastic, inflammatory and connective soft tissue tissue.",2168
pannuke_f2_2169,2,Pancreatic,Neoplastic;Inflammatory;Connective_Soft_tissue,"Identify neoplastic, inflammatory and connective soft tissue in this histology section.",2169
pannuke_f2_2170,2,Pancreatic,Neoplastic;Inflammatory;Connective_Soft_tissue,"Emphasize neoplastic, inflammatory and connective soft tissue regions.",2170
pannuke_f2_2171,2,Pancreatic,Neoplastic;Inflammatory;Connective_Soft_tissue,"Highlight present neoplastic, inflammatory and connective soft tissue structures.",2171
pannuke_f2_2172,2,Pancreatic,Neoplastic;Connective_Soft_tissue,Please mark neoplastic and connective soft tissue areas.,2172
pannuke_f2_2173,2,Pancreatic,Inflammatory;Connective_Soft_tissue,Locate inflammatory and connective soft tissue in this slide.,2173
pannuke_f2_2174,2,Pancreatic,Neoplastic;Connective_Soft_tissue,Delineate visible neoplastic and connective soft tissue areas.,2174
pannuke_f2_2175,2,Pancreatic,Connective_Soft_tissue,Inspect this Pancreatic sample for connective soft tissue.,2175
pannuke_f2_2176,2,Pancreatic,Inflammatory;Connective_Soft_tissue,Identify the inflammatory and connective soft tissue microenvironment.,2176
pannuke_f2_2177,2,Pancreatic,Inflammatory;Connective_Soft_tissue,Target class: inflammatory and connective soft tissue.,2177
pannuke_f2_2178,2,Pancreatic,Inflammatory;Connective_Soft_tissue,Segment only inflammatory and connective soft tissue.,2178
pannuke_f2_2179,2,Pancreatic,Connective_Soft_tissue,Identify connective soft tissue spatial arrangement.,2179
pannuke_f2_2180,2,Pancreatic,Connective_Soft_tissue,Which structures are connective soft tissue?,2180
pannuke_f2_2181,2,Pancreatic,Connective_Soft_tissue,"From the Pancreatic tissue, extract connective soft tissue regions.",2181
pannuke_f2_2182,2,Pancreatic,Inflammatory;Connective_Soft_tissue,Produce inflammatory and connective soft tissue mask.,2182
pannuke_f2_2183,2,Pancreatic,Inflammatory;Connective_Soft_tissue,Delineate inflammatory and connective soft tissue morphological features.,2183
pannuke_f2_2184,2,Pancreatic,Inflammatory;Connective_Soft_tissue,Distinguish inflammatory and connective soft tissue from other tissue.,2184
pannuke_f2_2185,2,Pancreatic,Connective_Soft_tissue,Emphasize connective soft tissue regions.,2185
pannuke_f2_2186,2,Pancreatic,Inflammatory;Connective_Soft_tissue,Outline inflammatory and connective soft tissue cells.,2186
pannuke_f2_2187,2,Pancreatic,Inflammatory;Connective_Soft_tissue,inflammatory and connective soft tissue is visible. Segment the regions.,2187
pannuke_f2_2188,2,Pancreatic,Inflammatory;Connective_Soft_tissue,Highlight visible inflammatory and connective soft tissue structures.,2188
pannuke_f2_2189,2,Pancreatic,Inflammatory;Connective_Soft_tissue;Epithelial,"Recognize inflammatory, connective soft tissue and epithelial cells.",2189
pannuke_f2_2190,2,Pancreatic,Epithelial,Pinpoint the epithelial regions.,2190
pannuke_f2_2191,2,Pancreatic,Connective_Soft_tissue,Annotate connective soft tissue in Pancreatic microscopy.,2191
pannuke_f2_2192,2,Pancreatic,Connective_Soft_tissue,Where are the connective soft tissue regions?,2192
pannuke_f2_2193,2,Pancreatic,Connective_Soft_tissue,Pinpoint the connective soft tissue regions.,2193
pannuke_f2_2194,2,Pancreatic,Inflammatory;Connective_Soft_tissue,Segment the entire inflammatory and connective soft tissue population.,2194
pannuke_f2_2195,2,Pancreatic,Inflammatory;Connective_Soft_tissue,Mark inflammatory and connective soft tissue lesion areas.,2195
pannuke_f2_2196,2,Pancreatic,Inflammatory;Connective_Soft_tissue,What parts are inflammatory and connective soft tissue?,2196
pannuke_f2_2197,2,Pancreatic,Inflammatory;Connective_Soft_tissue,Trace the inflammatory and connective soft tissue regions.,2197
pannuke_f2_2198,2,Pancreatic,Connective_Soft_tissue,Segment the connective soft tissue components.,2198
pannuke_f2_2199,2,Pancreatic,Inflammatory;Connective_Soft_tissue,Locate visible inflammatory and connective soft tissue.,2199
pannuke_f2_2200,2,Pancreatic,Connective_Soft_tissue,Divide connective soft tissue from surroundings.,2200
pannuke_f2_2201,2,Pancreatic,Connective_Soft_tissue,Segment the connective soft tissue histological features.,2201
pannuke_f2_2202,2,Pancreatic,Inflammatory;Connective_Soft_tissue,Recognize the inflammatory and connective soft tissue tissue.,2202
pannuke_f2_2203,2,Pancreatic,Connective_Soft_tissue,Mark the connective soft tissue regions.,2203
pannuke_f2_2204,2,Pancreatic,Inflammatory;Connective_Soft_tissue,Annotate the inflammatory and connective soft tissue tissue.,2204
pannuke_f2_2205,2,Pancreatic,Inflammatory;Connective_Soft_tissue,Annotate all inflammatory and connective soft tissue areas.,2205
pannuke_f2_2206,2,Pancreatic,Inflammatory;Connective_Soft_tissue,Segment inflammatory and connective soft tissue areas in this slide.,2206
pannuke_f2_2207,2,Pancreatic,Inflammatory;Connective_Soft_tissue,Trace inflammatory and connective soft tissue boundaries.,2207
pannuke_f2_2208,2,Pancreatic,Inflammatory;Connective_Soft_tissue,Define inflammatory and connective soft tissue boundaries.,2208
pannuke_f2_2209,2,Pancreatic,Inflammatory;Connective_Soft_tissue,Segment inflammatory and connective soft tissue histopathological features.,2209
pannuke_f2_2210,2,Pancreatic,Neoplastic;Inflammatory;Connective_Soft_tissue,"Distinguish neoplastic, inflammatory and connective soft tissue cells.",2210
pannuke_f2_2211,2,Pancreatic,Neoplastic;Inflammatory;Connective_Soft_tissue,"Your goal is to identify neoplastic, inflammatory and connective soft tissue.",2211
pannuke_f2_2212,2,Pancreatic,Neoplastic;Inflammatory;Connective_Soft_tissue,"Segment the neoplastic, inflammatory and connective soft tissue components.",2212
pannuke_f2_2213,2,Prostate,Connective_Soft_tissue;Epithelial,Mark the connective soft tissue and epithelial regions.,2213
pannuke_f2_2214,2,Prostate,Connective_Soft_tissue;Epithelial,Identify connective soft tissue and epithelial in this pathology slide.,2214
pannuke_f2_2215,2,Prostate,Epithelial,"Within Prostate architecture, locate epithelial.",2215
pannuke_f2_2216,2,Prostate,Connective_Soft_tissue;Epithelial,Define connective soft tissue and epithelial regions.,2216
pannuke_f2_2217,2,Prostate,Connective_Soft_tissue;Epithelial,Highlight visible connective soft tissue and epithelial regions.,2217
pannuke_f2_2218,2,Prostate,Epithelial,Examine this Prostate tissue for epithelial.,2218
pannuke_f2_2219,2,Prostate,Neoplastic;Connective_Soft_tissue,Recognize neoplastic and connective soft tissue in Prostate pathology.,2219
pannuke_f2_2220,2,Prostate,Connective_Soft_tissue,Can you find connective soft tissue?,2220
pannuke_f2_2221,2,Prostate,Neoplastic;Connective_Soft_tissue,Identify neoplastic and connective soft tissue tissue regions.,2221
pannuke_f2_2222,2,Prostate,Connective_Soft_tissue,Assess connective soft tissue regions.,2222
pannuke_f2_2223,2,Prostate,Inflammatory;Connective_Soft_tissue,Identify peritumoral inflammatory and connective soft tissue.,2223
pannuke_f2_2224,2,Prostate,Connective_Soft_tissue,Isolate connective soft tissue from background.,2224
pannuke_f2_2225,2,Prostate,Connective_Soft_tissue,Partition connective soft tissue areas.,2225
pannuke_f2_2226,2,Prostate,Inflammatory;Connective_Soft_tissue,Create segmentation of inflammatory and connective soft tissue.,2226
pannuke_f2_2227,2,Prostate,Connective_Soft_tissue,Segment only connective soft tissue.,2227
pannuke_f2_2228,2,Prostate,Inflammatory;Connective_Soft_tissue,Segment all inflammatory and connective soft tissue in the field.,2228
pannuke_f2_2229,2,Prostate,Neoplastic,Delineate present neoplastic areas.,2229
pannuke_f2_2230,2,Prostate,Neoplastic;Connective_Soft_tissue,Segment neoplastic and connective soft tissue membrane patterns.,2230
pannuke_f2_2231,2,Prostate,Neoplastic;Connective_Soft_tissue,Segment regions with neoplastic and connective soft tissue.,2231
pannuke_f2_2232,2,Prostate,Neoplastic;Connective_Soft_tissue,Delineate all neoplastic and connective soft tissue cells.,2232
pannuke_f2_2233,2,Prostate,Connective_Soft_tissue,Annotate visible connective soft tissue.,2233
pannuke_f2_2234,2,Prostate,Connective_Soft_tissue,Segment connective soft tissue areas in Prostate tissue.,2234
pannuke_f2_2235,2,Prostate,Connective_Soft_tissue,Identify parenchymal connective soft tissue.,2235
pannuke_f2_2236,2,Prostate,Connective_Soft_tissue,Extract connective soft tissue cell boundaries.,2236
pannuke_f2_2237,2,Prostate,Neoplastic;Connective_Soft_tissue,The sample contains neoplastic and connective soft tissue. Delineate the regions.,2237
pannuke_f2_2238,2,Prostate,Neoplastic;Connective_Soft_tissue,Recognize all neoplastic and connective soft tissue areas.,2238
pannuke_f2_2239,2,Prostate,Neoplastic;Connective_Soft_tissue,Highlight present neoplastic and connective soft tissue areas.,2239
pannuke_f2_2240,2,Prostate,Neoplastic;Connective_Soft_tissue,Segment all neoplastic and connective soft tissue structures.,2240
pannuke_f2_2241,2,Prostate,Neoplastic;Connective_Soft_tissue,"In the Prostate microstructure, find neoplastic and connective soft tissue.",2241
pannuke_f2_2242,2,Prostate,Neoplastic;Connective_Soft_tissue,"For Prostate pathology, outline neoplastic and connective soft tissue.",2242
pannuke_f2_2243,2,Prostate,Neoplastic,Segment intratumoral neoplastic.,2243
pannuke_f2_2244,2,Prostate,Neoplastic,Detect the neoplastic areas.,2244
pannuke_f2_2245,2,Skin,Neoplastic;Inflammatory,Highlight visible neoplastic and inflammatory areas.,2245
pannuke_f2_2246,2,Skin,Neoplastic;Inflammatory,Identify neoplastic and inflammatory nuclear characteristics.,2246
pannuke_f2_2247,2,Skin,Neoplastic;Inflammatory,Mark stromal neoplastic and inflammatory regions.,2247
pannuke_f2_2248,2,Skin,Neoplastic;Inflammatory,Where is the neoplastic and inflammatory in this image?,2248
pannuke_f2_2249,2,Skin,Neoplastic;Inflammatory,Outline neoplastic and inflammatory areas.,2249
pannuke_f2_2250,2,Skin,Neoplastic;Inflammatory,Pinpoint neoplastic and inflammatory in this Skin.,2250
pannuke_f2_2251,2,Skin,Inflammatory;Connective_Soft_tissue,Find the inflammatory and connective soft tissue regions.,2251
pannuke_f2_2252,2,Skin,Inflammatory;Connective_Soft_tissue,"Examining this slide, mark all inflammatory and connective soft tissue regions.",2252
pannuke_f2_2253,2,Skin,Inflammatory;Connective_Soft_tissue,Highlight visible inflammatory and connective soft tissue tissue.,2253
pannuke_f2_2254,2,Skin,Inflammatory;Connective_Soft_tissue,Segment the inflammatory and connective soft tissue cell population.,2254
pannuke_f2_2255,2,Skin,Inflammatory;Connective_Soft_tissue,Circle all inflammatory and connective soft tissue areas.,2255
pannuke_f2_2256,2,Skin,Inflammatory;Connective_Soft_tissue,Highlight all inflammatory and connective soft tissue regions.,2256
pannuke_f2_2257,2,Skin,Inflammatory;Connective_Soft_tissue,Locate inflammatory and connective soft tissue in Skin tissue.,2257
pannuke_f2_2258,2,Skin,Neoplastic;Inflammatory;Connective_Soft_tissue,"You must mark neoplastic, inflammatory and connective soft tissue regions.",2258
pannuke_f2_2259,2,Skin,Neoplastic;Inflammatory;Connective_Soft_tissue,"This image contains neoplastic, inflammatory and connective soft tissue. Segment it.",2259
pannuke_f2_2260,2,Skin,Neoplastic;Connective_Soft_tissue,The sample contains neoplastic and connective soft tissue. Delineate the regions.,2260
pannuke_f2_2261,2,Skin,Neoplastic;Inflammatory;Connective_Soft_tissue,"Find the neoplastic, inflammatory and connective soft tissue areas.",2261
pannuke_f2_2262,2,Skin,Neoplastic;Inflammatory;Connective_Soft_tissue,"Show me where neoplastic, inflammatory and connective soft tissue is.",2262
pannuke_f2_2263,2,Skin,Neoplastic;Connective_Soft_tissue,Identify visible neoplastic and connective soft tissue tissue.,2263
pannuke_f2_2264,2,Skin,Neoplastic;Inflammatory;Connective_Soft_tissue,"Mark all neoplastic, inflammatory and connective soft tissue regions.",2264
pannuke_f2_2265,2,Skin,Neoplastic;Connective_Soft_tissue,Spot the neoplastic and connective soft tissue regions.,2265
pannuke_f2_2266,2,Skin,Inflammatory;Connective_Soft_tissue;Epithelial,"Identify present inflammatory, connective soft tissue and epithelial cells.",2266
pannuke_f2_2267,2,Skin,Connective_Soft_tissue,Segment connective soft tissue areas in this slide.,2267
pannuke_f2_2268,2,Skin,,,2268
pannuke_f2_2269,2,Skin,,,2269
pannuke_f2_2270,2,Skin,Connective_Soft_tissue,Segment intratumoral connective soft tissue.,2270
pannuke_f2_2271,2,Skin,Connective_Soft_tissue;Epithelial,Produce connective soft tissue and epithelial mask.,2271
pannuke_f2_2272,2,Skin,Inflammatory;Connective_Soft_tissue,"Analyzing this sample, segment inflammatory and connective soft tissue areas.",2272
pannuke_f2_2273,2,Skin,Inflammatory;Connective_Soft_tissue,Find inflammatory and connective soft tissue in this image.,2273
pannuke_f2_2274,2,Skin,Inflammatory;Connective_Soft_tissue,Can you find inflammatory and connective soft tissue?,2274
pannuke_f2_2275,2,Skin,Inflammatory;Connective_Soft_tissue,Divide inflammatory and connective soft tissue from surroundings.,2275
pannuke_f2_2276,2,Skin,Inflammatory;Connective_Soft_tissue,Define inflammatory and connective soft tissue extent.,2276
pannuke_f2_2277,2,Skin,Inflammatory;Connective_Soft_tissue,Segment inflammatory and connective soft tissue tissue morphology.,2277
pannuke_f2_2278,2,Skin,Neoplastic,Detect the neoplastic regions.,2278
pannuke_f2_2279,2,Skin,Neoplastic;Inflammatory,Mark visible neoplastic and inflammatory.,2279
pannuke_f2_2280,2,Skin,Neoplastic;Inflammatory,Partition neoplastic and inflammatory areas.,2280
pannuke_f2_2281,2,Skin,Neoplastic;Inflammatory,Identify visible neoplastic and inflammatory structures.,2281
pannuke_f2_2282,2,Skin,Neoplastic;Inflammatory,Indicate where neoplastic and inflammatory is present.,2282
pannuke_f2_2283,2,Skin,Neoplastic;Inflammatory,"Within the Skin, identify neoplastic and inflammatory.",2283
pannuke_f2_2284,2,Skin,Neoplastic;Inflammatory,Scan for neoplastic and inflammatory cells.,2284
pannuke_f2_2285,2,Skin,Neoplastic;Inflammatory,Which parts have neoplastic and inflammatory?,2285
pannuke_f2_2286,2,Skin,Neoplastic;Inflammatory,Segment present neoplastic and inflammatory structures.,2286
pannuke_f2_2287,2,Skin,Neoplastic,"For this Skin sample, mark neoplastic.",2287
pannuke_f2_2288,2,Skin,Neoplastic;Connective_Soft_tissue,Segment zones of neoplastic and connective soft tissue.,2288
pannuke_f2_2289,2,Skin,Neoplastic;Connective_Soft_tissue,Study this Skin section and mark neoplastic and connective soft tissue.,2289
pannuke_f2_2290,2,Skin,Neoplastic;Connective_Soft_tissue,Divide neoplastic and connective soft tissue from surroundings.,2290
pannuke_f2_2291,2,Skin,Neoplastic;Connective_Soft_tissue,"From this Skin slide, segment neoplastic and connective soft tissue.",2291
pannuke_f2_2292,2,Skin,Neoplastic;Connective_Soft_tissue,Delineate neoplastic and connective soft tissue with accurate boundary detection.,2292
pannuke_f2_2293,2,Skin,Neoplastic;Connective_Soft_tissue,Mark the neoplastic and connective soft tissue areas.,2293
pannuke_f2_2294,2,Skin,Neoplastic,Can you segment neoplastic?,2294
pannuke_f2_2295,2,Skin,Neoplastic;Inflammatory,Assess neoplastic and inflammatory regions.,2295
pannuke_f2_2296,2,Skin,Neoplastic;Inflammatory;Connective_Soft_tissue,"Highlight visible neoplastic, inflammatory and connective soft tissue cells.",2296
pannuke_f2_2297,2,Skin,Neoplastic;Inflammatory,neoplastic and inflammatory is evident. Highlight the areas.,2297
pannuke_f2_2298,2,Skin,Neoplastic;Inflammatory;Connective_Soft_tissue,"Segment neoplastic, inflammatory and connective soft tissue areas in this slide.",2298
pannuke_f2_2299,2,Skin,Neoplastic;Inflammatory;Connective_Soft_tissue,"Delineate all neoplastic, inflammatory and connective soft tissue.",2299
pannuke_f2_2300,2,Skin,Neoplastic;Inflammatory;Connective_Soft_tissue,"Segment any neoplastic, inflammatory and connective soft tissue present.",2300
pannuke_f2_2301,2,Skin,Neoplastic,Pinpoint all neoplastic areas.,2301
pannuke_f2_2302,2,Skin,Neoplastic;Connective_Soft_tissue,Produce segmentation of neoplastic and connective soft tissue.,2302
pannuke_f2_2303,2,Skin,Neoplastic;Inflammatory;Connective_Soft_tissue,"Find the neoplastic, inflammatory and connective soft tissue areas.",2303
pannuke_f2_2304,2,Skin,Neoplastic;Inflammatory,Delineate all neoplastic and inflammatory structures.,2304
pannuke_f2_2305,2,Skin,Neoplastic;Inflammatory;Connective_Soft_tissue,"Segment intratumoral neoplastic, inflammatory and connective soft tissue.",2305
pannuke_f2_2306,2,Skin,Neoplastic;Inflammatory;Connective_Soft_tissue,"Identify neoplastic, inflammatory and connective soft tissue for spatial analysis.",2306
pannuke_f2_2307,2,Skin,Neoplastic;Inflammatory;Connective_Soft_tissue,"Mark visible neoplastic, inflammatory and connective soft tissue areas.",2307
pannuke_f2_2308,2,Skin,Connective_Soft_tissue,Target connective soft tissue cells.,2308
pannuke_f2_2309,2,Skin,Connective_Soft_tissue,Please segment connective soft tissue.,2309
pannuke_f2_2310,2,Skin,,,2310
pannuke_f2_2311,2,Skin,Connective_Soft_tissue,Isolate connective soft tissue cells.,2311
pannuke_f2_2312,2,Skin,Connective_Soft_tissue,Highlight connective soft tissue cells.,2312
pannuke_f2_2313,2,Skin,Connective_Soft_tissue,Annotate connective soft tissue cells.,2313
pannuke_f2_2314,2,Skin,Connective_Soft_tissue,Emphasize connective soft tissue regions.,2314
pannuke_f2_2315,2,Skin,,,2315
pannuke_f2_2316,2,Stomach,Connective_Soft_tissue,Segment the connective soft tissue histological features.,2316
pannuke_f2_2317,2,Stomach,Connective_Soft_tissue,Delineate the connective soft tissue regions.,2317
pannuke_f2_2318,2,Stomach,Connective_Soft_tissue,Identify visible connective soft tissue regions.,2318
pannuke_f2_2319,2,Stomach,Connective_Soft_tissue,Which structures are connective soft tissue?,2319
pannuke_f2_2320,2,Stomach,Neoplastic;Inflammatory;Connective_Soft_tissue;Dead,"Recognize neoplastic, inflammatory, connective soft tissue and dead cells.",2320
pannuke_f2_2321,2,Stomach,Neoplastic;Inflammatory;Connective_Soft_tissue;Dead,"Segment all neoplastic, inflammatory, connective soft tissue and dead regions.",2321
pannuke_f2_2322,2,Stomach,Neoplastic;Inflammatory;Connective_Soft_tissue,"Identify visible neoplastic, inflammatory and connective soft tissue structures.",2322
pannuke_f2_2323,2,Stomach,Neoplastic;Inflammatory;Connective_Soft_tissue,"Highlight present neoplastic, inflammatory and connective soft tissue cells.",2323
pannuke_f2_2324,2,Stomach,Neoplastic;Inflammatory;Connective_Soft_tissue;Dead,"Examine this Stomach tissue for neoplastic, inflammatory, connective soft tissue and dead.",2324
pannuke_f2_2325,2,Stomach,Neoplastic;Inflammatory;Connective_Soft_tissue;Dead,"From the Stomach tissue, extract neoplastic, inflammatory, connective soft tissue and dead regions.",2325
pannuke_f2_2326,2,Stomach,Neoplastic;Inflammatory;Connective_Soft_tissue;Dead,"Delineate neoplastic, inflammatory, connective soft tissue and dead with accurate boundary detection.",2326
pannuke_f2_2327,2,Stomach,Neoplastic;Inflammatory;Connective_Soft_tissue;Dead,"Viewing this section, segment neoplastic, inflammatory, connective soft tissue and dead.",2327
pannuke_f2_2328,2,Stomach,Neoplastic;Dead,Delineate present neoplastic and dead structures.,2328
pannuke_f2_2329,2,Stomach,Neoplastic;Inflammatory,This section has neoplastic and inflammatory. Locate and mark.,2329
pannuke_f2_2330,2,Stomach,Neoplastic;Inflammatory;Connective_Soft_tissue;Dead,"Identify neoplastic, inflammatory, connective soft tissue and dead in this histology section.",2330
pannuke_f2_2331,2,Stomach,Neoplastic;Inflammatory;Connective_Soft_tissue,"Segment neoplastic, inflammatory and connective soft tissue membrane patterns.",2331
pannuke_f2_2332,2,Stomach,Neoplastic;Inflammatory;Connective_Soft_tissue,"Consider only neoplastic, inflammatory and connective soft tissue areas.",2332
pannuke_f2_2333,2,Stomach,Neoplastic;Inflammatory;Connective_Soft_tissue,"Segment neoplastic, inflammatory and connective soft tissue in the Stomach section.",2333
pannuke_f2_2334,2,Stomach,Neoplastic;Inflammatory;Connective_Soft_tissue;Dead,"Objective: identify neoplastic, inflammatory, connective soft tissue and dead regions.",2334
pannuke_f2_2335,2,Stomach,Neoplastic;Inflammatory;Connective_Soft_tissue,"Show me the neoplastic, inflammatory and connective soft tissue areas.",2335
pannuke_f2_2336,2,Stomach,Neoplastic;Inflammatory;Connective_Soft_tissue;Dead,"Detect neoplastic, inflammatory, connective soft tissue and dead in Stomach histology.",2336
pannuke_f2_2337,2,Stomach,Neoplastic;Inflammatory;Connective_Soft_tissue,"Segment neoplastic, inflammatory and connective soft tissue histopathological features.",2337
pannuke_f2_2338,2,Stomach,Neoplastic;Connective_Soft_tissue,Map neoplastic and connective soft tissue distribution in Stomach.,2338
pannuke_f2_2339,2,Stomach,Neoplastic;Inflammatory;Connective_Soft_tissue,"Please segment neoplastic, inflammatory and connective soft tissue.",2339
pannuke_f2_2340,2,Stomach,Neoplastic;Inflammatory;Connective_Soft_tissue;Dead,"Detect the neoplastic, inflammatory, connective soft tissue and dead areas.",2340
pannuke_f2_2341,2,Stomach,Neoplastic;Connective_Soft_tissue;Dead,"Determine neoplastic, connective soft tissue and dead presence.",2341
pannuke_f2_2342,2,Stomach,Neoplastic;Inflammatory;Connective_Soft_tissue,"Segment the entire neoplastic, inflammatory and connective soft tissue population.",2342
pannuke_f2_2343,2,Stomach,Neoplastic;Inflammatory;Connective_Soft_tissue,"Across the Stomach section, segment neoplastic, inflammatory and connective soft tissue.",2343
pannuke_f2_2344,2,Stomach,Neoplastic;Inflammatory;Connective_Soft_tissue,"Identify neoplastic, inflammatory and connective soft tissue chromatin patterns.",2344
pannuke_f2_2345,2,Stomach,Neoplastic;Inflammatory;Connective_Soft_tissue,"Highlight visible neoplastic, inflammatory and connective soft tissue areas.",2345
pannuke_f2_2346,2,Stomach,Neoplastic;Inflammatory;Connective_Soft_tissue,"Mark neoplastic, inflammatory and connective soft tissue for area measurement.",2346
pannuke_f2_2347,2,Stomach,Connective_Soft_tissue,Segment all connective soft tissue tissue.,2347
pannuke_f2_2348,2,Stomach,Neoplastic;Connective_Soft_tissue,Segment zones of neoplastic and connective soft tissue presence.,2348
pannuke_f2_2349,2,Stomach,Connective_Soft_tissue,Recognize connective soft tissue cells.,2349
pannuke_f2_2350,2,Stomach,Connective_Soft_tissue,Focus solely on connective soft tissue.,2350
pannuke_f2_2351,2,Stomach,Connective_Soft_tissue,Scan for connective soft tissue cells.,2351
pannuke_f2_2352,2,Stomach,Neoplastic;Inflammatory;Connective_Soft_tissue;Dead,"Delineate visible neoplastic, inflammatory, connective soft tissue and dead cells.",2352
pannuke_f2_2353,2,Stomach,Neoplastic;Inflammatory;Connective_Soft_tissue;Dead,"Search for neoplastic, inflammatory, connective soft tissue and dead regions.",2353
pannuke_f2_2354,2,Stomach,Neoplastic;Inflammatory;Connective_Soft_tissue;Dead,"Segment zones of neoplastic, inflammatory, connective soft tissue and dead.",2354
pannuke_f2_2355,2,Testis,Inflammatory;Connective_Soft_tissue,Identify the inflammatory and connective soft tissue microenvironment.,2355
pannuke_f2_2356,2,Testis,Inflammatory;Connective_Soft_tissue,Point out inflammatory and connective soft tissue cells.,2356
pannuke_f2_2357,2,Testis,Connective_Soft_tissue,Recognize connective soft tissue cells.,2357
pannuke_f2_2358,2,Testis,Neoplastic;Connective_Soft_tissue,Segment neoplastic and connective soft tissue tissue.,2358
pannuke_f2_2359,2,Testis,Inflammatory;Connective_Soft_tissue,Segment foci of inflammatory and connective soft tissue.,2359
pannuke_f2_2360,2,Testis,Neoplastic;Inflammatory;Connective_Soft_tissue,"Mark neoplastic, inflammatory and connective soft tissue in this slide.",2360
pannuke_f2_2361,2,Testis,Neoplastic;Connective_Soft_tissue,Segment the neoplastic and connective soft tissue cell population.,2361
pannuke_f2_2362,2,Testis,Neoplastic;Inflammatory;Connective_Soft_tissue,"Document neoplastic, inflammatory and connective soft tissue in this Testis sample.",2362
pannuke_f2_2363,2,Testis,Neoplastic;Inflammatory;Connective_Soft_tissue,"Delineate present neoplastic, inflammatory and connective soft tissue tissue.",2363
pannuke_f2_2364,2,Testis,Neoplastic;Connective_Soft_tissue,Find the neoplastic and connective soft tissue regions.,2364
pannuke_f2_2365,2,Testis,Inflammatory;Connective_Soft_tissue,Mark visible inflammatory and connective soft tissue regions.,2365
pannuke_f2_2366,2,Testis,Neoplastic;Inflammatory;Connective_Soft_tissue,"Pinpoint all neoplastic, inflammatory and connective soft tissue areas.",2366
pannuke_f2_2367,2,Testis,Neoplastic;Inflammatory,Locate neoplastic and inflammatory in Testis tissue.,2367
pannuke_f2_2368,2,Testis,Neoplastic,Focus on neoplastic in this image.,2368
pannuke_f2_2369,2,Testis,Neoplastic,Please show neoplastic regions.,2369
pannuke_f2_2370,2,Testis,Neoplastic;Inflammatory;Connective_Soft_tissue,"From this Testis slide, segment neoplastic, inflammatory and connective soft tissue.",2370
pannuke_f2_2371,2,Testis,Neoplastic;Inflammatory;Connective_Soft_tissue,"Mark visible neoplastic, inflammatory and connective soft tissue.",2371
pannuke_f2_2372,2,Testis,Neoplastic;Connective_Soft_tissue,Identify nuclear neoplastic and connective soft tissue features.,2372
pannuke_f2_2373,2,Testis,Neoplastic;Inflammatory;Connective_Soft_tissue,"Identify clusters of neoplastic, inflammatory and connective soft tissue cells.",2373
pannuke_f2_2374,2,Testis,Neoplastic;Inflammatory;Connective_Soft_tissue,"Isolate neoplastic, inflammatory and connective soft tissue cells.",2374
pannuke_f2_2375,2,Testis,Neoplastic;Inflammatory;Connective_Soft_tissue,"Segment the neoplastic, inflammatory and connective soft tissue infiltration.",2375
pannuke_f2_2376,2,Testis,Neoplastic;Inflammatory;Connective_Soft_tissue,"Segment intratumoral neoplastic, inflammatory and connective soft tissue.",2376
pannuke_f2_2377,2,Testis,Neoplastic;Inflammatory;Connective_Soft_tissue,"Indicate neoplastic, inflammatory and connective soft tissue areas.",2377
pannuke_f2_2378,2,Testis,Neoplastic;Inflammatory,Identify visible neoplastic and inflammatory areas.,2378
pannuke_f2_2379,2,Testis,Neoplastic;Inflammatory;Connective_Soft_tissue,"Point out neoplastic, inflammatory and connective soft tissue cells.",2379
pannuke_f2_2380,2,Testis,Neoplastic;Inflammatory;Connective_Soft_tissue,"Distinguish visible neoplastic, inflammatory and connective soft tissue.",2380
pannuke_f2_2381,2,Testis,Neoplastic;Inflammatory;Connective_Soft_tissue,"Within the Testis, identify neoplastic, inflammatory and connective soft tissue.",2381
pannuke_f2_2382,2,Thyroid,Epithelial,Delineate all epithelial structures.,2382
pannuke_f2_2383,2,Thyroid,Connective_Soft_tissue;Epithelial,Segment sites of connective soft tissue and epithelial.,2383
pannuke_f2_2384,2,Thyroid,Inflammatory;Connective_Soft_tissue;Epithelial,"Produce inflammatory, connective soft tissue and epithelial mask.",2384
pannuke_f2_2385,2,Thyroid,Epithelial,"In the Thyroid microstructure, find epithelial.",2385
pannuke_f2_2386,2,Thyroid,Inflammatory;Connective_Soft_tissue;Epithelial,"Accurately identify and mark all inflammatory, connective soft tissue and epithelial areas present in the slide.",2386
pannuke_f2_2387,2,Thyroid,Inflammatory;Connective_Soft_tissue;Epithelial,"Segment locations of inflammatory, connective soft tissue and epithelial.",2387
pannuke_f2_2388,2,Thyroid,Connective_Soft_tissue;Epithelial,Segment the connective soft tissue and epithelial components.,2388
pannuke_f2_2389,2,Thyroid,Inflammatory;Connective_Soft_tissue;Epithelial,"Analyzing this sample, segment inflammatory, connective soft tissue and epithelial areas.",2389
pannuke_f2_2390,2,Thyroid,Inflammatory;Connective_Soft_tissue;Epithelial,"Mark present inflammatory, connective soft tissue and epithelial tissue.",2390
pannuke_f2_2391,2,Thyroid,Connective_Soft_tissue;Epithelial,Classes to segment: connective soft tissue and epithelial.,2391
pannuke_f2_2392,2,Thyroid,Epithelial,Please segment epithelial tissue.,2392
pannuke_f2_2393,2,Thyroid,Inflammatory;Epithelial,Show me the inflammatory and epithelial regions.,2393
pannuke_f2_2394,2,Thyroid,Connective_Soft_tissue;Epithelial,"In Thyroid histology, delineate connective soft tissue and epithelial.",2394
pannuke_f2_2395,2,Thyroid,Connective_Soft_tissue,Segment visible connective soft tissue.,2395
pannuke_f2_2396,2,Thyroid,Epithelial,Generate epithelial segmentation.,2396
pannuke_f2_2397,2,Thyroid,,,2397
pannuke_f2_2398,2,Thyroid,Connective_Soft_tissue;Epithelial,Find the connective soft tissue and epithelial regions.,2398
pannuke_f2_2399,2,Thyroid,Connective_Soft_tissue;Epithelial,Isolate connective soft tissue and epithelial regions.,2399
pannuke_f2_2400,2,Thyroid,Inflammatory;Connective_Soft_tissue;Epithelial,"Label visible inflammatory, connective soft tissue and epithelial.",2400
pannuke_f2_2401,2,Thyroid,Inflammatory;Connective_Soft_tissue;Epithelial,"In this Thyroid tissue, segment inflammatory, connective soft tissue and epithelial.",2401
pannuke_f2_2402,2,Thyroid,Connective_Soft_tissue;Epithelial,Detect visible connective soft tissue and epithelial.,2402
pannuke_f2_2403,2,Thyroid,Connective_Soft_tissue;Epithelial,Delineate all connective soft tissue and epithelial structures.,2403
pannuke_f2_2404,2,Thyroid,Connective_Soft_tissue;Epithelial,Delineate visible connective soft tissue and epithelial cells.,2404
pannuke_f2_2405,2,Thyroid,Inflammatory;Connective_Soft_tissue;Epithelial,"What regions contain inflammatory, connective soft tissue and epithelial?",2405
pannuke_f2_2406,2,Thyroid,Inflammatory;Connective_Soft_tissue;Epithelial,"Target class: inflammatory, connective soft tissue and epithelial.",2406
pannuke_f2_2407,2,Thyroid,Inflammatory;Connective_Soft_tissue;Epithelial,"Delineate all inflammatory, connective soft tissue and epithelial areas.",2407
pannuke_f2_2408,2,Thyroid,Inflammatory;Connective_Soft_tissue;Epithelial,"Mark cellular inflammatory, connective soft tissue and epithelial regions.",2408
pannuke_f2_2409,2,Thyroid,Neoplastic;Connective_Soft_tissue,Classes to segment: neoplastic and connective soft tissue.,2409
pannuke_f2_2410,2,Thyroid,Neoplastic;Connective_Soft_tissue,Map all neoplastic and connective soft tissue areas.,2410
pannuke_f2_2411,2,Thyroid,Neoplastic;Connective_Soft_tissue;Epithelial,"Map all neoplastic, connective soft tissue and epithelial areas.",2411
pannuke_f2_2412,2,Thyroid,Neoplastic;Inflammatory;Connective_Soft_tissue;Epithelial,"Mark present neoplastic, inflammatory, connective soft tissue and epithelial tissue.",2412
pannuke_f2_2413,2,Thyroid,Neoplastic;Connective_Soft_tissue,Segment neoplastic and connective soft tissue to enable cell counting.,2413
pannuke_f2_2414,2,Thyroid,Neoplastic;Connective_Soft_tissue;Epithelial,"Mark neoplastic, connective soft tissue and epithelial ensuring complete coverage of affected areas.",2414
pannuke_f2_2415,2,Thyroid,Neoplastic;Inflammatory;Connective_Soft_tissue,"Segment sites of neoplastic, inflammatory and connective soft tissue.",2415
pannuke_f2_2416,2,Thyroid,Neoplastic;Inflammatory;Connective_Soft_tissue,"Assess neoplastic, inflammatory and connective soft tissue regions.",2416
pannuke_f2_2417,2,Thyroid,Neoplastic;Inflammatory;Connective_Soft_tissue,"Map the neoplastic, inflammatory and connective soft tissue regions.",2417
pannuke_f2_2418,2,Thyroid,Neoplastic;Inflammatory;Connective_Soft_tissue,"neoplastic, inflammatory and connective soft tissue is evident. Highlight the areas.",2418
pannuke_f2_2419,2,Thyroid,Neoplastic;Inflammatory;Connective_Soft_tissue,"Delineate present neoplastic, inflammatory and connective soft tissue cells.",2419
pannuke_f2_2420,2,Thyroid,Neoplastic;Inflammatory;Connective_Soft_tissue,"Please segment neoplastic, inflammatory and connective soft tissue tissue.",2420
pannuke_f2_2421,2,Thyroid,Neoplastic;Connective_Soft_tissue,Identify neoplastic and connective soft tissue for diagnostic purposes.,2421
pannuke_f2_2422,2,Thyroid,Neoplastic;Inflammatory;Connective_Soft_tissue,"Map neoplastic, inflammatory and connective soft tissue distribution in Thyroid.",2422
pannuke_f2_2423,2,Thyroid,Inflammatory;Connective_Soft_tissue;Epithelial,"Annotate inflammatory, connective soft tissue and epithelial cells.",2423
pannuke_f2_2424,2,Thyroid,Inflammatory;Connective_Soft_tissue;Epithelial,"Mark the pathological inflammatory, connective soft tissue and epithelial regions.",2424
pannuke_f2_2425,2,Thyroid,Inflammatory;Connective_Soft_tissue;Epithelial,"Locate all inflammatory, connective soft tissue and epithelial cells.",2425
pannuke_f2_2426,2,Thyroid,Inflammatory;Connective_Soft_tissue;Epithelial,"The sample contains inflammatory, connective soft tissue and epithelial. Delineate the regions.",2426
pannuke_f2_2427,2,Thyroid,Inflammatory;Connective_Soft_tissue;Epithelial,"Can you identify inflammatory, connective soft tissue and epithelial?",2427
pannuke_f2_2428,2,Thyroid,Connective_Soft_tissue;Epithelial,Identify connective soft tissue and epithelial abnormalities.,2428
pannuke_f2_2429,2,Uterus,Neoplastic;Inflammatory;Connective_Soft_tissue,"Identify all neoplastic, inflammatory and connective soft tissue areas.",2429
pannuke_f2_2430,2,Uterus,Neoplastic;Inflammatory,"In the Uterus specimen, label neoplastic and inflammatory.",2430
pannuke_f2_2431,2,Uterus,Neoplastic,Segment microscopic neoplastic features.,2431
pannuke_f2_2432,2,Colon,Inflammatory;Connective_Soft_tissue;Epithelial,"Document inflammatory, connective soft tissue and epithelial in this Colon sample.",2432
pannuke_f2_2433,2,Colon,Inflammatory;Connective_Soft_tissue;Epithelial,"Spot inflammatory, connective soft tissue and epithelial cells.",2433
pannuke_f2_2434,2,Colon,Inflammatory;Connective_Soft_tissue;Epithelial,"Segment inflammatory, connective soft tissue and epithelial phenotypic features.",2434
pannuke_f2_2435,2,Colon,Inflammatory;Connective_Soft_tissue,Identify visible inflammatory and connective soft tissue structures.,2435
pannuke_f2_2436,2,Colon,Connective_Soft_tissue,Mark present connective soft tissue regions.,2436
pannuke_f2_2437,2,Colon,Connective_Soft_tissue,Segment intratumoral connective soft tissue.,2437
pannuke_f2_2438,2,Colon,Connective_Soft_tissue,Circle visible connective soft tissue.,2438
pannuke_f2_2439,2,Colon,Inflammatory;Connective_Soft_tissue,Segment inflammatory and connective soft tissue elements.,2439
pannuke_f2_2440,2,Colon,Inflammatory;Connective_Soft_tissue,Define inflammatory and connective soft tissue extent.,2440
pannuke_f2_2441,2,Colon,Neoplastic;Connective_Soft_tissue,Discern visible neoplastic and connective soft tissue.,2441
pannuke_f2_2442,2,Colon,Neoplastic;Inflammatory;Connective_Soft_tissue,"Highlight visible neoplastic, inflammatory and connective soft tissue structures.",2442
pannuke_f2_2443,2,Colon,Neoplastic;Connective_Soft_tissue,Segment zones of neoplastic and connective soft tissue presence.,2443
pannuke_f2_2444,2,Colon,Neoplastic,Please identify neoplastic cells.,2444
pannuke_f2_2445,2,Colon,Neoplastic,Highlight neoplastic in this Colon slide.,2445
pannuke_f2_2446,2,Colon,Neoplastic;Inflammatory;Connective_Soft_tissue,"Segment present neoplastic, inflammatory and connective soft tissue areas.",2446
pannuke_f2_2447,2,Colon,Neoplastic;Inflammatory;Connective_Soft_tissue,"Mark visible neoplastic, inflammatory and connective soft tissue regions.",2447
pannuke_f2_2448,2,Colon,Neoplastic;Inflammatory;Connective_Soft_tissue,"Segment neoplastic, inflammatory and connective soft tissue nuclei.",2448
pannuke_f2_2449,2,Colon,Inflammatory;Connective_Soft_tissue,Pinpoint the inflammatory and connective soft tissue tissue.,2449
pannuke_f2_2450,2,Colon,,,2450
pannuke_f2_2451,2,Colon,Inflammatory;Connective_Soft_tissue,Partition inflammatory and connective soft tissue areas.,2451
pannuke_f2_2452,2,Colon,Inflammatory;Connective_Soft_tissue,Mark inflammatory and connective soft tissue in this slide.,2452
pannuke_f2_2453,2,Colon,Inflammatory;Connective_Soft_tissue,"In this Colon histology, identify inflammatory and connective soft tissue cells.",2453
pannuke_f2_2454,2,Colon,Inflammatory;Connective_Soft_tissue,Thoroughly segment every instance of inflammatory and connective soft tissue in this microscopy image.,2454
pannuke_f2_2455,2,Colon,Neoplastic;Inflammatory;Connective_Soft_tissue,"Annotate neoplastic, inflammatory and connective soft tissue histological patterns.",2455
pannuke_f2_2456,2,Colon,Neoplastic;Inflammatory;Connective_Soft_tissue,"neoplastic, inflammatory and connective soft tissue is evident. Highlight the areas.",2456
pannuke_f2_2457,2,Colon,Neoplastic,Please show neoplastic regions.,2457
pannuke_f2_2458,2,Colon,Neoplastic;Inflammatory;Connective_Soft_tissue,"Locate neoplastic, inflammatory and connective soft tissue in this slide.",2458
pannuke_f2_2459,2,Colon,Inflammatory;Connective_Soft_tissue,Which structures are inflammatory and connective soft tissue?,2459
pannuke_f2_2460,2,Colon,Inflammatory;Connective_Soft_tissue,Can you segment inflammatory and connective soft tissue?,2460
pannuke_f2_2461,2,Colon,Neoplastic;Connective_Soft_tissue,The objective is to mark neoplastic and connective soft tissue.,2461
pannuke_f2_2462,2,Colon,Neoplastic;Connective_Soft_tissue,You should identify neoplastic and connective soft tissue.,2462
pannuke_f2_2463,2,Colon,Dead,Delineate dead for clinical evaluation.,2463
pannuke_f2_2464,2,Colon,Neoplastic;Connective_Soft_tissue;Dead,"Distinguish neoplastic, connective soft tissue and dead cells.",2464
pannuke_f2_2465,2,Colon,Neoplastic;Connective_Soft_tissue,Document neoplastic and connective soft tissue in this Colon sample.,2465
pannuke_f2_2466,2,Colon,Neoplastic;Dead,Circle visible neoplastic and dead.,2466
pannuke_f2_2467,2,Colon,Neoplastic;Connective_Soft_tissue;Dead,"Analyze neoplastic, connective soft tissue and dead presence.",2467
pannuke_f2_2468,2,Colon,Neoplastic;Inflammatory,Identify visible neoplastic and inflammatory tissue.,2468
pannuke_f2_2469,2,Colon,Neoplastic;Inflammatory;Connective_Soft_tissue,"Within Colon tissue, annotate neoplastic, inflammatory and connective soft tissue.",2469
pannuke_f2_2470,2,Colon,Neoplastic;Inflammatory;Connective_Soft_tissue,"Identify neoplastic, inflammatory and connective soft tissue for diagnostic purposes.",2470
pannuke_f2_2471,2,Colon,Epithelial,What regions contain epithelial?,2471
pannuke_f2_2472,2,Colon,Connective_Soft_tissue;Epithelial,Distinguish the connective soft tissue and epithelial regions.,2472
pannuke_f2_2473,2,Colon,Connective_Soft_tissue;Epithelial,Evaluate connective soft tissue and epithelial areas.,2473
pannuke_f2_2474,2,Colon,Connective_Soft_tissue,Segment zones of connective soft tissue.,2474
pannuke_f2_2475,2,Colon,Connective_Soft_tissue,The tissue shows connective soft tissue. Mark the areas.,2475
pannuke_f2_2476,2,Colon,Inflammatory;Connective_Soft_tissue,Generate inflammatory and connective soft tissue segmentation.,2476
pannuke_f2_2477,2,Colon,Connective_Soft_tissue,Delineate present connective soft tissue tissue.,2477
pannuke_f2_2478,2,Colon,Connective_Soft_tissue,Identify connective soft tissue spatial arrangement.,2478
pannuke_f2_2479,2,Colon,Inflammatory;Connective_Soft_tissue,"For Colon pathology, outline inflammatory and connective soft tissue.",2479
pannuke_f2_2480,2,Colon,Neoplastic;Inflammatory;Connective_Soft_tissue,"Delineate neoplastic, inflammatory and connective soft tissue for clinical evaluation.",2480
pannuke_f2_2481,2,Colon,Inflammatory;Connective_Soft_tissue,Delineate visible inflammatory and connective soft tissue areas.,2481
pannuke_f2_2482,2,Colon,Inflammatory;Connective_Soft_tissue,Assess inflammatory and connective soft tissue regions.,2482
pannuke_f2_2483,2,Colon,Inflammatory;Connective_Soft_tissue,Map the inflammatory and connective soft tissue regions.,2483
pannuke_f2_2484,2,Colon,Inflammatory;Connective_Soft_tissue,Indicate the inflammatory and connective soft tissue regions.,2484
pannuke_f2_2485,2,Colon,Inflammatory;Connective_Soft_tissue,Mark inflammatory and connective soft tissue for morphometric study.,2485
pannuke_f2_2486,2,Colon,Inflammatory;Connective_Soft_tissue,Create mask for inflammatory and connective soft tissue.,2486
pannuke_f2_2487,2,Colon,Inflammatory;Connective_Soft_tissue,Indicate inflammatory and connective soft tissue areas.,2487
pannuke_f2_2488,2,Colon,Connective_Soft_tissue,Detect visible connective soft tissue.,2488
pannuke_f2_2489,2,Colon,Neoplastic;Inflammatory;Connective_Soft_tissue,"Given this pathology slide, segment neoplastic, inflammatory and connective soft tissue.",2489
pannuke_f2_2490,2,Colon,Neoplastic;Inflammatory;Connective_Soft_tissue,"Label neoplastic, inflammatory and connective soft tissue in this Colon section.",2490
pannuke_f2_2491,2,Colon,Neoplastic;Inflammatory;Connective_Soft_tissue,"Segment the neoplastic, inflammatory and connective soft tissue structures.",2491
pannuke_f2_2492,2,Colon,Inflammatory;Connective_Soft_tissue,Sketch inflammatory and connective soft tissue boundaries.,2492
pannuke_f2_2493,2,Colon,Inflammatory;Connective_Soft_tissue,Identify the inflammatory and connective soft tissue structures.,2493
pannuke_f2_2494,2,Colon,,,2494
pannuke_f2_2495,2,Colon,Connective_Soft_tissue,Segment connective soft tissue tissue.,2495
pannuke_f2_2496,2,Colon,Connective_Soft_tissue,Show me connective soft tissue cells.,2496
pannuke_f2_2497,2,Colon,Connective_Soft_tissue,Segment the connective soft tissue nuclei.,2497
pannuke_f2_2498,2,Colon,Connective_Soft_tissue,You need to segment connective soft tissue.,2498
pannuke_f2_2499,2,Colon,Connective_Soft_tissue,Circle the connective soft tissue regions.,2499
pannuke_f2_2500,2,Colon,Connective_Soft_tissue,Analyze this Colon and segment connective soft tissue.,2500
pannuke_f2_2501,2,Colon,Inflammatory,Detect the inflammatory areas.,2501
pannuke_f2_2502,2,Colon,Inflammatory,Identify inflammatory chromatin patterns.,2502
pannuke_f2_2503,2,Colon,Connective_Soft_tissue,Locate visible connective soft tissue.,2503
pannuke_f2_2504,2,Colon,Inflammatory;Connective_Soft_tissue,"Within the Colon, identify inflammatory and connective soft tissue.",2504
pannuke_f2_2505,2,Colon,Inflammatory;Connective_Soft_tissue,Delineate all inflammatory and connective soft tissue.,2505
pannuke_f2_2506,2,Colon,Inflammatory;Connective_Soft_tissue,Delineate inflammatory and connective soft tissue with accurate boundary detection.,2506
pannuke_f2_2507,2,Colon,Neoplastic;Inflammatory;Connective_Soft_tissue,"Identify the neoplastic, inflammatory and connective soft tissue regions.",2507
pannuke_f2_2508,2,Colon,,,2508
pannuke_f2_2509,2,Colon,Connective_Soft_tissue,Produce a detailed outline of connective soft tissue structures.,2509
pannuke_f2_2510,2,Colon,Connective_Soft_tissue,Pinpoint the connective soft tissue tissue.,2510
pannuke_f2_2511,2,Colon,,,2511
pannuke_f2_2512,2,Colon,Connective_Soft_tissue,Generate a comprehensive mask for connective soft tissue.,2512
pannuke_f2_2513,2,Colon,Inflammatory;Connective_Soft_tissue;Epithelial,"Segment present inflammatory, connective soft tissue and epithelial structures.",2513
pannuke_f2_2514,2,Colon,Inflammatory;Connective_Soft_tissue;Epithelial,"Identify inflammatory, connective soft tissue and epithelial in this histology section.",2514
pannuke_f2_2515,2,Colon,Inflammatory;Connective_Soft_tissue;Epithelial,"Provide mask for inflammatory, connective soft tissue and epithelial.",2515
pannuke_f2_2516,2,Colon,Neoplastic;Connective_Soft_tissue,Segment intratumoral neoplastic and connective soft tissue.,2516
pannuke_f2_2517,2,Colon,Neoplastic;Inflammatory,Label neoplastic and inflammatory cells.,2517
pannuke_f2_2518,2,Colon,Neoplastic;Dead,Highlight all neoplastic and dead cells.,2518
pannuke_f2_2519,2,Colon,Neoplastic;Inflammatory;Connective_Soft_tissue,"Identify visible neoplastic, inflammatory and connective soft tissue tissue.",2519
pannuke_f2_2520,2,Colon,Inflammatory;Connective_Soft_tissue,Segment all inflammatory and connective soft tissue structures.,2520
pannuke_f2_2521,2,Colon,Inflammatory;Connective_Soft_tissue,Highlight all inflammatory and connective soft tissue regions.,2521
pannuke_f2_2522,2,Colon,Inflammatory;Connective_Soft_tissue,Create segmentation of inflammatory and connective soft tissue.,2522
pannuke_f3_0000,3,Breast,Neoplastic;Inflammatory;Connective_Soft_tissue,"Mark neoplastic, inflammatory and connective soft tissue for morphometric study.",0
pannuke_f3_0001,3,Breast,Neoplastic;Connective_Soft_tissue,Pinpoint neoplastic and connective soft tissue cells.,1
pannuke_f3_0002,3,Breast,Neoplastic;Inflammatory;Connective_Soft_tissue,"Segment patches of neoplastic, inflammatory and connective soft tissue.",2
pannuke_f3_0003,3,Breast,Neoplastic;Connective_Soft_tissue,Indicate where neoplastic and connective soft tissue is present.,3
pannuke_f3_0004,3,Breast,Neoplastic;Inflammatory;Connective_Soft_tissue,"Highlight visible neoplastic, inflammatory and connective soft tissue regions.",4
pannuke_f3_0005,3,Breast,Neoplastic;Connective_Soft_tissue,Record neoplastic and connective soft tissue regions in Breast.,5
pannuke_f3_0006,3,Breast,Neoplastic,Segment neoplastic histopathological features.,6
pannuke_f3_0007,3,Breast,Neoplastic;Connective_Soft_tissue,Highlight present neoplastic and connective soft tissue regions.,7
pannuke_f3_0008,3,Breast,Neoplastic;Connective_Soft_tissue,Spot neoplastic and connective soft tissue cells.,8
pannuke_f3_0009,3,Breast,Neoplastic;Connective_Soft_tissue,Highlight neoplastic and connective soft tissue in this Breast slide.,9
pannuke_f3_0010,3,Breast,Neoplastic;Inflammatory;Connective_Soft_tissue,"Segment neoplastic, inflammatory and connective soft tissue nuclei.",10
pannuke_f3_0011,3,Breast,Neoplastic;Connective_Soft_tissue,Segment neoplastic and connective soft tissue diagnostic regions.,11
pannuke_f3_0012,3,Breast,Neoplastic;Inflammatory;Connective_Soft_tissue,"Mark neoplastic, inflammatory and connective soft tissue cytoplasmic features.",12
pannuke_f3_0013,3,Breast,Neoplastic;Connective_Soft_tissue,The tissue shows neoplastic and connective soft tissue. Mark the areas.,13
pannuke_f3_0014,3,Breast,Neoplastic;Inflammatory;Connective_Soft_tissue,"Identify areas of neoplastic, inflammatory and connective soft tissue concentration.",14
pannuke_f3_0015,3,Breast,Neoplastic;Connective_Soft_tissue,Identify neoplastic and connective soft tissue for spatial analysis.,15
pannuke_f3_0016,3,Breast,Neoplastic;Inflammatory;Connective_Soft_tissue,"Segment the neoplastic, inflammatory and connective soft tissue nuclei.",16
pannuke_f3_0017,3,Breast,Neoplastic,Identify neoplastic in the tissue microenvironment.,17
pannuke_f3_0018,3,Breast,Neoplastic;Inflammatory;Connective_Soft_tissue,"Delineate visible neoplastic, inflammatory and connective soft tissue regions.",18
pannuke_f3_0019,3,Breast,Neoplastic;Connective_Soft_tissue,Segment any neoplastic and connective soft tissue present.,19
pannuke_f3_0020,3,Breast,Neoplastic,Pinpoint the neoplastic tissue.,20
pannuke_f3_0021,3,Breast,Inflammatory;Connective_Soft_tissue,Indicate the inflammatory and connective soft tissue tissue.,21
pannuke_f3_0022,3,Breast,Neoplastic;Inflammatory;Connective_Soft_tissue,"Within Breast tissue, annotate neoplastic, inflammatory and connective soft tissue.",22
pannuke_f3_0023,3,Breast,Neoplastic,Identify present neoplastic cells.,23
pannuke_f3_0024,3,Breast,Neoplastic,Segment present neoplastic tissue.,24
pannuke_f3_0025,3,Breast,Neoplastic;Inflammatory;Connective_Soft_tissue,"Examine neoplastic, inflammatory and connective soft tissue distribution.",25
pannuke_f3_0026,3,Breast,Connective_Soft_tissue,Provide mask for connective soft tissue.,26
pannuke_f3_0027,3,Breast,Neoplastic;Connective_Soft_tissue,Detect the neoplastic and connective soft tissue regions.,27
pannuke_f3_0028,3,Breast,Neoplastic;Connective_Soft_tissue,Draw neoplastic and connective soft tissue outlines.,28
pannuke_f3_0029,3,Breast,Neoplastic;Inflammatory;Connective_Soft_tissue,"In this Breast histology, identify neoplastic, inflammatory and connective soft tissue cells.",29
pannuke_f3_0030,3,Breast,Neoplastic;Connective_Soft_tissue,Indicate the neoplastic and connective soft tissue tissue.,30
pannuke_f3_0031,3,Breast,Neoplastic;Inflammatory;Connective_Soft_tissue,"Annotate the neoplastic, inflammatory and connective soft tissue tissue.",31
pannuke_f3_0032,3,Breast,Inflammatory;Connective_Soft_tissue,Segment inflammatory and connective soft tissue in relation to stroma.,32
pannuke_f3_0033,3,Breast,Neoplastic;Inflammatory;Connective_Soft_tissue,"Locate neoplastic, inflammatory and connective soft tissue in this slide.",33
pannuke_f3_0034,3,Breast,Neoplastic;Connective_Soft_tissue,Locate neoplastic and connective soft tissue in Breast tissue.,34
pannuke_f3_0035,3,Breast,Connective_Soft_tissue;Epithelial,Segment areas containing connective soft tissue and epithelial.,35
pannuke_f3_0036,3,Breast,Connective_Soft_tissue;Epithelial,Segment connective soft tissue and epithelial in this tissue specimen.,36
pannuke_f3_0037,3,Breast,Connective_Soft_tissue;Epithelial,What regions contain connective soft tissue and epithelial?,37
pannuke_f3_0038,3,Breast,Connective_Soft_tissue;Epithelial,Map connective soft tissue and epithelial locations.,38
pannuke_f3_0039,3,Breast,Epithelial,Focus on epithelial in this image.,39
pannuke_f3_0040,3,Breast,Inflammatory;Connective_Soft_tissue,Scan for inflammatory and connective soft tissue cells.,40
pannuke_f3_0041,3,Breast,Connective_Soft_tissue,Segment connective soft tissue areas in Breast tissue.,41
pannuke_f3_0042,3,Breast,Connective_Soft_tissue;Epithelial,Identify nuclear connective soft tissue and epithelial features.,42
pannuke_f3_0043,3,Breast,Neoplastic;Inflammatory,Locate and segment neoplastic and inflammatory.,43
pannuke_f3_0044,3,Breast,Neoplastic;Inflammatory;Connective_Soft_tissue,"Segment neoplastic, inflammatory and connective soft tissue in the tissue matrix.",44
pannuke_f3_0045,3,Breast,Neoplastic;Inflammatory;Connective_Soft_tissue,"Highlight visible neoplastic, inflammatory and connective soft tissue regions.",45
pannuke_f3_0046,3,Breast,Neoplastic;Connective_Soft_tissue,Identify neoplastic and connective soft tissue chromatin patterns.,46
pannuke_f3_0047,3,Breast,Neoplastic;Inflammatory;Connective_Soft_tissue,"Segment zones of neoplastic, inflammatory and connective soft tissue presence.",47
pannuke_f3_0048,3,Breast,Neoplastic;Connective_Soft_tissue,There is neoplastic and connective soft tissue present. Mark it.,48
pannuke_f3_0049,3,Breast,Inflammatory;Connective_Soft_tissue,Mark regions of inflammatory and connective soft tissue accumulation.,49
pannuke_f3_0050,3,Breast,Inflammatory;Connective_Soft_tissue;Epithelial,"Show me inflammatory, connective soft tissue and epithelial cells.",50
pannuke_f3_0051,3,Breast,Connective_Soft_tissue;Epithelial,"From this Breast slide, segment connective soft tissue and epithelial.",51
pannuke_f3_0052,3,Breast,Connective_Soft_tissue;Epithelial,Annotate connective soft tissue and epithelial cells.,52
pannuke_f3_0053,3,Breast,Connective_Soft_tissue;Epithelial,Find connective soft tissue and epithelial in this Breast sample.,53
pannuke_f3_0054,3,Breast,Connective_Soft_tissue;Epithelial,Segment the connective soft tissue and epithelial infiltration.,54
pannuke_f3_0055,3,Breast,Inflammatory;Connective_Soft_tissue;Epithelial,"Isolate inflammatory, connective soft tissue and epithelial from background.",55
pannuke_f3_0056,3,Breast,Connective_Soft_tissue;Epithelial,Segment intratumoral connective soft tissue and epithelial.,56
pannuke_f3_0057,3,Breast,Connective_Soft_tissue;Epithelial,Divide connective soft tissue and epithelial from surroundings.,57
pannuke_f3_0058,3,Breast,Connective_Soft_tissue;Epithelial,"Given this Breast sample, mark connective soft tissue and epithelial regions.",58
pannuke_f3_0059,3,Breast,Connective_Soft_tissue;Epithelial,What regions contain connective soft tissue and epithelial?,59
pannuke_f3_0060,3,Breast,Inflammatory;Connective_Soft_tissue;Epithelial,"Please segment inflammatory, connective soft tissue and epithelial tissue.",60
pannuke_f3_0061,3,Breast,Connective_Soft_tissue;Epithelial,Outline all connective soft tissue and epithelial structures.,61
pannuke_f3_0062,3,Breast,Inflammatory;Connective_Soft_tissue;Epithelial,"Chart inflammatory, connective soft tissue and epithelial presence.",62
pannuke_f3_0063,3,Breast,Inflammatory;Connective_Soft_tissue;Epithelial,"Develop a precise map of inflammatory, connective soft tissue and epithelial distribution.",63
pannuke_f3_0064,3,Breast,Connective_Soft_tissue;Epithelial,Delineate all connective soft tissue and epithelial.,64
pannuke_f3_0065,3,Breast,Neoplastic;Inflammatory;Connective_Soft_tissue,"Mark all neoplastic, inflammatory and connective soft tissue regions.",65
pannuke_f3_0066,3,Breast,Inflammatory;Connective_Soft_tissue,Segment inflammatory and connective soft tissue patterns in Breast.,66
pannuke_f3_0067,3,Breast,Neoplastic;Inflammatory;Connective_Soft_tissue;Epithelial,"Sketch neoplastic, inflammatory, connective soft tissue and epithelial boundaries.",67
pannuke_f3_0068,3,Breast,Inflammatory;Connective_Soft_tissue;Epithelial,"Given this pathology slide, segment inflammatory, connective soft tissue and epithelial.",68
pannuke_f3_0069,3,Breast,Neoplastic;Connective_Soft_tissue,Detect the neoplastic and connective soft tissue regions.,69
pannuke_f3_0070,3,Breast,Neoplastic;Connective_Soft_tissue,Mark foci of neoplastic and connective soft tissue activity.,70
pannuke_f3_0071,3,Breast,Neoplastic;Inflammatory;Connective_Soft_tissue,"Identify histological regions showing neoplastic, inflammatory and connective soft tissue.",71
pannuke_f3_0072,3,Breast,Neoplastic;Inflammatory;Connective_Soft_tissue;Epithelial,"Precisely delineate the boundaries of neoplastic, inflammatory, connective soft tissue and epithelial cells in this tissue section.",72
pannuke_f3_0073,3,Breast,Neoplastic;Inflammatory;Connective_Soft_tissue;Epithelial,"Segment all visible neoplastic, inflammatory, connective soft tissue and epithelial.",73
pannuke_f3_0074,3,Breast,Neoplastic;Inflammatory;Connective_Soft_tissue,"Indicate the neoplastic, inflammatory and connective soft tissue regions.",74
pannuke_f3_0075,3,Breast,Connective_Soft_tissue;Epithelial,Highlight all connective soft tissue and epithelial regions.,75
pannuke_f3_0076,3,Breast,Connective_Soft_tissue;Epithelial,Identify all connective soft tissue and epithelial regions.,76
pannuke_f3_0077,3,Breast,Inflammatory;Connective_Soft_tissue;Epithelial,"Segment inflammatory, connective soft tissue and epithelial elements.",77
pannuke_f3_0078,3,Breast,Connective_Soft_tissue;Epithelial,Mark all connective soft tissue and epithelial tissue.,78
pannuke_f3_0079,3,Breast,Connective_Soft_tissue;Epithelial,Scan for connective soft tissue and epithelial cells.,79
pannuke_f3_0080,3,Breast,Neoplastic;Connective_Soft_tissue,Mark stromal neoplastic and connective soft tissue regions.,80
pannuke_f3_0081,3,Breast,Neoplastic;Inflammatory;Connective_Soft_tissue,"Trace the neoplastic, inflammatory and connective soft tissue regions.",81
pannuke_f3_0082,3,Breast,Connective_Soft_tissue,This section has connective soft tissue. Locate and mark.,82
pannuke_f3_0083,3,Breast,Neoplastic;Connective_Soft_tissue,Highlight neoplastic and connective soft tissue in this Breast slide.,83
pannuke_f3_0084,3,Breast,Neoplastic;Connective_Soft_tissue,Highlight visible neoplastic and connective soft tissue structures.,84
pannuke_f3_0085,3,Breast,Neoplastic;Connective_Soft_tissue,Distinguish neoplastic and connective soft tissue cells.,85
pannuke_f3_0086,3,Breast,Neoplastic;Inflammatory,Locate visible neoplastic and inflammatory.,86
pannuke_f3_0087,3,Breast,Neoplastic;Connective_Soft_tissue,Segment present neoplastic and connective soft tissue cells.,87
pannuke_f3_0088,3,Breast,Neoplastic;Inflammatory;Connective_Soft_tissue,"Identify visible neoplastic, inflammatory and connective soft tissue regions.",88
pannuke_f3_0089,3,Breast,Neoplastic;Inflammatory;Connective_Soft_tissue,"Label visible neoplastic, inflammatory and connective soft tissue.",89
pannuke_f3_0090,3,Breast,Neoplastic;Connective_Soft_tissue,Search for neoplastic and connective soft tissue regions.,90
pannuke_f3_0091,3,Breast,Inflammatory;Connective_Soft_tissue;Epithelial,"Observe inflammatory, connective soft tissue and epithelial distribution in Breast.",91
pannuke_f3_0092,3,Breast,Connective_Soft_tissue;Epithelial,"In Breast histology, delineate connective soft tissue and epithelial.",92
pannuke_f3_0093,3,Breast,Inflammatory;Connective_Soft_tissue;Epithelial,"Study this Breast section and mark inflammatory, connective soft tissue and epithelial.",93
pannuke_f3_0094,3,Breast,Connective_Soft_tissue;Epithelial,Map the connective soft tissue and epithelial regions.,94
pannuke_f3_0095,3,Breast,Connective_Soft_tissue;Epithelial,Analyze this Breast and segment connective soft tissue and epithelial.,95
pannuke_f3_0096,3,Breast,Inflammatory;Connective_Soft_tissue;Epithelial,"Your goal is to identify inflammatory, connective soft tissue and epithelial.",96
pannuke_f3_0097,3,Breast,Connective_Soft_tissue;Epithelial,Find connective soft tissue and epithelial in this image.,97
pannuke_f3_0098,3,Breast,Inflammatory;Connective_Soft_tissue;Epithelial,"Mark visible inflammatory, connective soft tissue and epithelial tissue.",98
pannuke_f3_0099,3,Breast,Connective_Soft_tissue;Epithelial,Segment the connective soft tissue and epithelial nuclei.,99
pannuke_f3_0100,3,Breast,Neoplastic;Inflammatory;Connective_Soft_tissue,"Distinguish visible neoplastic, inflammatory and connective soft tissue.",100
pannuke_f3_0101,3,Breast,Neoplastic,Can you identify neoplastic?,101
pannuke_f3_0102,3,Breast,Neoplastic;Connective_Soft_tissue,Divide neoplastic and connective soft tissue from surroundings.,102
pannuke_f3_0103,3,Breast,Inflammatory;Connective_Soft_tissue,Highlight the inflammatory and connective soft tissue tissue.,103
pannuke_f3_0104,3,Breast,Neoplastic;Inflammatory;Connective_Soft_tissue,"Segment the neoplastic, inflammatory and connective soft tissue with attention to boundary precision.",104
pannuke_f3_0105,3,Breast,Connective_Soft_tissue;Epithelial,Segment foci of connective soft tissue and epithelial.,105
pannuke_f3_0106,3,Breast,Inflammatory;Connective_Soft_tissue;Epithelial,"What parts are inflammatory, connective soft tissue and epithelial?",106
pannuke_f3_0107,3,Breast,Inflammatory;Connective_Soft_tissue;Epithelial,"Draw around inflammatory, connective soft tissue and epithelial.",107
pannuke_f3_0108,3,Breast,Inflammatory;Connective_Soft_tissue;Epithelial,"Find all inflammatory, connective soft tissue and epithelial cells.",108
pannuke_f3_0109,3,Breast,Inflammatory;Connective_Soft_tissue;Epithelial,"In the Breast section, locate inflammatory, connective soft tissue and epithelial.",109
pannuke_f3_0110,3,Breast,Inflammatory;Connective_Soft_tissue;Epithelial,"Outline inflammatory, connective soft tissue and epithelial areas.",110
pannuke_f3_0111,3,Breast,Connective_Soft_tissue;Epithelial,Segment locations of connective soft tissue and epithelial.,111
pannuke_f3_0112,3,Breast,Inflammatory;Connective_Soft_tissue;Epithelial,"Segment inflammatory, connective soft tissue and epithelial phenotypic features.",112
pannuke_f3_0113,3,Breast,Connective_Soft_tissue;Epithelial,Mark visible connective soft tissue and epithelial structures.,113
pannuke_f3_0114,3,Breast,Inflammatory;Connective_Soft_tissue;Epithelial,"Outline inflammatory, connective soft tissue and epithelial areas.",114
pannuke_f3_0115,3,Breast,Inflammatory;Connective_Soft_tissue;Epithelial,"Carefully segment all inflammatory, connective soft tissue and epithelial regions visible in this histopathology image.",115
pannuke_f3_0116,3,Breast,Connective_Soft_tissue;Epithelial,"Examining this slide, mark all connective soft tissue and epithelial regions.",116
pannuke_f3_0117,3,Breast,Inflammatory;Connective_Soft_tissue;Epithelial,"Map inflammatory, connective soft tissue and epithelial distribution.",117
pannuke_f3_0118,3,Breast,Connective_Soft_tissue;Epithelial,Segment the connective soft tissue and epithelial in this tissue sample.,118
pannuke_f3_0119,3,Breast,Connective_Soft_tissue;Epithelial,Show me the connective soft tissue and epithelial areas.,119
pannuke_f3_0120,3,Breast,Inflammatory;Connective_Soft_tissue;Epithelial,"Determine inflammatory, connective soft tissue and epithelial presence.",120
pannuke_f3_0121,3,Breast,Connective_Soft_tissue;Epithelial,Classes to segment: connective soft tissue and epithelial.,121
pannuke_f3_0122,3,Breast,Connective_Soft_tissue;Epithelial,Focus solely on connective soft tissue and epithelial.,122
pannuke_f3_0123,3,Breast,Inflammatory;Connective_Soft_tissue;Epithelial,"Given this pathology slide, segment inflammatory, connective soft tissue and epithelial.",123
pannuke_f3_0124,3,Breast,Connective_Soft_tissue;Epithelial,Segment tissue showing connective soft tissue and epithelial.,124
pannuke_f3_0125,3,Breast,Inflammatory;Connective_Soft_tissue;Epithelial,"Spot inflammatory, connective soft tissue and epithelial cells.",125
pannuke_f3_0126,3,Breast,Connective_Soft_tissue;Epithelial,Which areas contain connective soft tissue and epithelial?,126
pannuke_f3_0127,3,Breast,Inflammatory;Connective_Soft_tissue;Epithelial,"Within Breast architecture, locate inflammatory, connective soft tissue and epithelial.",127
pannuke_f3_0128,3,Breast,Connective_Soft_tissue;Epithelial,Where is the connective soft tissue and epithelial in this image?,128
pannuke_f3_0129,3,Breast,Connective_Soft_tissue;Epithelial,Segment patches of connective soft tissue and epithelial.,129
pannuke_f3_0130,3,Breast,Neoplastic;Inflammatory;Connective_Soft_tissue,"In this histopathology image, please segment neoplastic, inflammatory and connective soft tissue.",130
pannuke_f3_0131,3,Breast,Neoplastic;Connective_Soft_tissue,Identify visible neoplastic and connective soft tissue.,131
pannuke_f3_0132,3,Breast,Inflammatory;Connective_Soft_tissue;Epithelial,"Spot the inflammatory, connective soft tissue and epithelial regions.",132
pannuke_f3_0133,3,Breast,Epithelial,Delineate epithelial in Breast pathology.,133
pannuke_f3_0134,3,Breast,Connective_Soft_tissue;Epithelial,Segment connective soft tissue and epithelial phenotypic features.,134
pannuke_f3_0135,3,Breast,Inflammatory;Connective_Soft_tissue;Epithelial,"Show me the inflammatory, connective soft tissue and epithelial regions.",135
pannuke_f3_0136,3,Breast,Epithelial,Segment epithelial tissue.,136
pannuke_f3_0137,3,Breast,Connective_Soft_tissue;Epithelial,Which structures are connective soft tissue and epithelial?,137
pannuke_f3_0138,3,Breast,Neoplastic;Inflammatory;Connective_Soft_tissue,"Spot all neoplastic, inflammatory and connective soft tissue areas.",138
pannuke_f3_0139,3,Breast,Neoplastic;Inflammatory,Segment neoplastic and inflammatory in this histology image.,139
pannuke_f3_0140,3,Breast,Neoplastic;Inflammatory;Connective_Soft_tissue,"Mark neoplastic, inflammatory and connective soft tissue cellular infiltration.",140
pannuke_f3_0141,3,Breast,Neoplastic;Inflammatory;Connective_Soft_tissue,"Locate neoplastic, inflammatory and connective soft tissue in this slide.",141
pannuke_f3_0142,3,Breast,Neoplastic;Inflammatory;Connective_Soft_tissue,"Segment locations of neoplastic, inflammatory and connective soft tissue.",142
pannuke_f3_0143,3,Breast,Connective_Soft_tissue,Segment intratumoral connective soft tissue.,143
pannuke_f3_0144,3,Breast,Connective_Soft_tissue;Epithelial,Show me the connective soft tissue and epithelial regions.,144
pannuke_f3_0145,3,Breast,Inflammatory;Connective_Soft_tissue;Epithelial,"Identify peritumoral inflammatory, connective soft tissue and epithelial.",145
pannuke_f3_0146,3,Breast,Epithelial,Identify visible epithelial areas.,146
pannuke_f3_0147,3,Breast,Connective_Soft_tissue;Epithelial,Highlight the connective soft tissue and epithelial tissue.,147
pannuke_f3_0148,3,Breast,Inflammatory;Connective_Soft_tissue;Epithelial,"Examine inflammatory, connective soft tissue and epithelial distribution.",148
pannuke_f3_0149,3,Breast,Inflammatory;Connective_Soft_tissue;Epithelial,"Segment the inflammatory, connective soft tissue and epithelial nuclei.",149
pannuke_f3_0150,3,Breast,Connective_Soft_tissue;Epithelial,Define connective soft tissue and epithelial boundaries.,150
pannuke_f3_0151,3,Breast,Neoplastic;Connective_Soft_tissue,Which cells are neoplastic and connective soft tissue?,151
pannuke_f3_0152,3,Breast,Neoplastic;Connective_Soft_tissue,Delineate neoplastic and connective soft tissue for pattern recognition.,152
pannuke_f3_0153,3,Breast,Neoplastic;Connective_Soft_tissue,Annotate visible neoplastic and connective soft tissue.,153
pannuke_f3_0154,3,Breast,Neoplastic;Connective_Soft_tissue,Segment the neoplastic and connective soft tissue distribution.,154
pannuke_f3_0155,3,Breast,Neoplastic,Generate neoplastic segmentation.,155
pannuke_f3_0156,3,Breast,Inflammatory,"In this Breast tissue, segment inflammatory.",156
pannuke_f3_0157,3,Breast,Inflammatory;Connective_Soft_tissue;Epithelial,"Classes to segment: inflammatory, connective soft tissue and epithelial.",157
pannuke_f3_0158,3,Breast,Inflammatory;Connective_Soft_tissue,Annotate the inflammatory and connective soft tissue tissue.,158
pannuke_f3_0159,3,Breast,Neoplastic;Connective_Soft_tissue,"From this Breast slide, segment neoplastic and connective soft tissue.",159
pannuke_f3_0160,3,Breast,Connective_Soft_tissue,Identify all connective soft tissue structures.,160
pannuke_f3_0161,3,Breast,Neoplastic;Connective_Soft_tissue,Map the neoplastic and connective soft tissue regions.,161
pannuke_f3_0162,3,Breast,Connective_Soft_tissue,Identify all connective soft tissue nuclei.,162
pannuke_f3_0163,3,Breast,Inflammatory;Connective_Soft_tissue;Epithelial,"Observing this sample, delineate inflammatory, connective soft tissue and epithelial.",163
pannuke_f3_0164,3,Breast,Inflammatory;Connective_Soft_tissue;Epithelial,"Thoroughly segment every instance of inflammatory, connective soft tissue and epithelial in this microscopy image.",164
pannuke_f3_0165,3,Breast,Inflammatory;Connective_Soft_tissue,Spot all inflammatory and connective soft tissue areas.,165
pannuke_f3_0166,3,Breast,Connective_Soft_tissue;Epithelial,Identify all connective soft tissue and epithelial regions.,166
pannuke_f3_0167,3,Breast,Inflammatory;Connective_Soft_tissue;Epithelial,"Segment all inflammatory, connective soft tissue and epithelial areas.",167
pannuke_f3_0168,3,Breast,Inflammatory;Connective_Soft_tissue;Epithelial,"Recognize the inflammatory, connective soft tissue and epithelial regions.",168
pannuke_f3_0169,3,Breast,Inflammatory;Connective_Soft_tissue;Epithelial,"Draw around inflammatory, connective soft tissue and epithelial.",169
pannuke_f3_0170,3,Breast,Connective_Soft_tissue;Epithelial,Concentrate on connective soft tissue and epithelial regions.,170
pannuke_f3_0171,3,Breast,Connective_Soft_tissue;Epithelial,Please segment connective soft tissue and epithelial tissue.,171
pannuke_f3_0172,3,Breast,Inflammatory;Connective_Soft_tissue;Epithelial,"Mark the pathological inflammatory, connective soft tissue and epithelial regions.",172
pannuke_f3_0173,3,Breast,Inflammatory;Connective_Soft_tissue;Epithelial,"Mark visible inflammatory, connective soft tissue and epithelial regions.",173
pannuke_f3_0174,3,Breast,Connective_Soft_tissue;Epithelial,Assess connective soft tissue and epithelial regions.,174
pannuke_f3_0175,3,Breast,Inflammatory;Connective_Soft_tissue;Epithelial,"Separate inflammatory, connective soft tissue and epithelial regions.",175
pannuke_f3_0176,3,Breast,Inflammatory;Connective_Soft_tissue;Epithelial,"Mark all inflammatory, connective soft tissue and epithelial areas.",176
pannuke_f3_0177,3,Breast,Connective_Soft_tissue;Epithelial,Segment visible connective soft tissue and epithelial regions.,177
pannuke_f3_0178,3,Breast,Connective_Soft_tissue;Epithelial,Segment the entire connective soft tissue and epithelial population.,178
pannuke_f3_0179,3,Breast,Inflammatory;Connective_Soft_tissue;Epithelial,"For this Breast sample, mark inflammatory, connective soft tissue and epithelial.",179
pannuke_f3_0180,3,Breast,Inflammatory;Connective_Soft_tissue;Epithelial,"Plot inflammatory, connective soft tissue and epithelial locations.",180
pannuke_f3_0181,3,Breast,Connective_Soft_tissue;Epithelial,Distinguish connective soft tissue and epithelial from other tissue.,181
pannuke_f3_0182,3,Breast,Inflammatory;Epithelial,Identify inflammatory and epithelial including all visible instances.,182
pannuke_f3_0183,3,Breast,Inflammatory;Connective_Soft_tissue;Epithelial,"Identify all inflammatory, connective soft tissue and epithelial nuclei.",183
pannuke_f3_0184,3,Breast,Connective_Soft_tissue;Epithelial,Identify connective soft tissue and epithelial including all visible instances.,184
pannuke_f3_0185,3,Breast,Neoplastic;Connective_Soft_tissue,Mark neoplastic and connective soft tissue cells in this Breast sample.,185
pannuke_f3_0186,3,Breast,Neoplastic;Connective_Soft_tissue,Segment visible neoplastic and connective soft tissue areas.,186
pannuke_f3_0187,3,Breast,Neoplastic;Connective_Soft_tissue,Create mask for neoplastic and connective soft tissue.,187
pannuke_f3_0188,3,Breast,Connective_Soft_tissue,Segment connective soft tissue in this microscopy image.,188
pannuke_f3_0189,3,Breast,Neoplastic;Inflammatory;Connective_Soft_tissue,"Mark neoplastic, inflammatory and connective soft tissue tissue architecture.",189
pannuke_f3_0190,3,Breast,Connective_Soft_tissue;Epithelial,Examine this Breast tissue for connective soft tissue and epithelial.,190
pannuke_f3_0191,3,Breast,Connective_Soft_tissue;Epithelial,Segment areas containing connective soft tissue and epithelial.,191
pannuke_f3_0192,3,Breast,Inflammatory;Connective_Soft_tissue;Epithelial,"Annotate all inflammatory, connective soft tissue and epithelial areas.",192
pannuke_f3_0193,3,Breast,Connective_Soft_tissue;Epithelial,Identify present connective soft tissue and epithelial cells.,193
pannuke_f3_0194,3,Breast,Inflammatory;Connective_Soft_tissue;Epithelial,"Segment present inflammatory, connective soft tissue and epithelial areas.",194
pannuke_f3_0195,3,Breast,Connective_Soft_tissue;Epithelial,Delineate connective soft tissue and epithelial for pattern recognition.,195
pannuke_f3_0196,3,Breast,Connective_Soft_tissue;Epithelial,Segment tissue showing connective soft tissue and epithelial.,196
pannuke_f3_0197,3,Breast,Connective_Soft_tissue;Epithelial,Identify histological regions showing connective soft tissue and epithelial.,197
pannuke_f3_0198,3,Breast,Inflammatory;Connective_Soft_tissue;Epithelial,"Segment inflammatory, connective soft tissue and epithelial patterns in Breast.",198
pannuke_f3_0199,3,Breast,Inflammatory;Connective_Soft_tissue;Epithelial,"Trace inflammatory, connective soft tissue and epithelial boundaries.",199
pannuke_f3_0200,3,Breast,Inflammatory;Connective_Soft_tissue;Epithelial,"Trace the inflammatory, connective soft tissue and epithelial regions.",200
pannuke_f3_0201,3,Breast,Connective_Soft_tissue;Epithelial,Identify connective soft tissue and epithelial for diagnostic purposes.,201
pannuke_f3_0202,3,Breast,Inflammatory;Connective_Soft_tissue;Epithelial,"Segment inflammatory, connective soft tissue and epithelial in this Breast tissue.",202
pannuke_f3_0203,3,Breast,Inflammatory;Connective_Soft_tissue;Epithelial,"What parts are inflammatory, connective soft tissue and epithelial?",203
pannuke_f3_0204,3,Breast,Inflammatory;Connective_Soft_tissue;Epithelial,"Segment tissue showing inflammatory, connective soft tissue and epithelial.",204
pannuke_f3_0205,3,Breast,Connective_Soft_tissue;Epithelial,Identify and mark connective soft tissue and epithelial.,205
pannuke_f3_0206,3,Breast,Connective_Soft_tissue;Epithelial,Indicate where connective soft tissue and epithelial is present.,206
pannuke_f3_0207,3,Breast,Inflammatory;Connective_Soft_tissue;Epithelial,"Identify inflammatory, connective soft tissue and epithelial including all visible instances.",207
pannuke_f3_0208,3,Breast,Connective_Soft_tissue;Epithelial,Mark visible connective soft tissue and epithelial regions.,208
pannuke_f3_0209,3,Breast,Inflammatory;Connective_Soft_tissue;Epithelial,"Segment inflammatory, connective soft tissue and epithelial in the tumor stroma.",209
pannuke_f3_0210,3,Breast,Inflammatory;Connective_Soft_tissue;Epithelial,"Objective: identify inflammatory, connective soft tissue and epithelial regions.",210
pannuke_f3_0211,3,Breast,Inflammatory;Connective_Soft_tissue;Epithelial,"inflammatory, connective soft tissue and epithelial can be seen. Identify and segment.",211
pannuke_f3_0212,3,Breast,Inflammatory;Connective_Soft_tissue;Epithelial,"Segment the inflammatory, connective soft tissue and epithelial histological features.",212
pannuke_f3_0213,3,Breast,Connective_Soft_tissue;Epithelial,Where are connective soft tissue and epithelial cells visible?,213
pannuke_f3_0214,3,Breast,Inflammatory;Connective_Soft_tissue;Epithelial,"Distinguish inflammatory, connective soft tissue and epithelial from other tissue.",214
pannuke_f3_0215,3,Breast,Connective_Soft_tissue;Epithelial,Focus on connective soft tissue and epithelial in this image.,215
pannuke_f3_0216,3,Breast,Connective_Soft_tissue;Epithelial,Highlight all connective soft tissue and epithelial cells.,216
pannuke_f3_0217,3,Breast,Connective_Soft_tissue;Epithelial,Pinpoint all connective soft tissue and epithelial areas.,217
pannuke_f3_0218,3,Breast,Inflammatory;Connective_Soft_tissue;Epithelial,"Separate inflammatory, connective soft tissue and epithelial regions.",218
pannuke_f3_0219,3,Breast,Connective_Soft_tissue;Epithelial,Find connective soft tissue and epithelial in this image.,219
pannuke_f3_0220,3,Breast,Connective_Soft_tissue;Epithelial,Mark visible connective soft tissue and epithelial cells.,220
pannuke_f3_0221,3,Breast,Inflammatory;Connective_Soft_tissue;Epithelial,"Segment the entire inflammatory, connective soft tissue and epithelial population.",221
pannuke_f3_0222,3,Breast,Inflammatory;Connective_Soft_tissue;Epithelial,"Discern visible inflammatory, connective soft tissue and epithelial.",222
pannuke_f3_0223,3,Breast,Connective_Soft_tissue;Epithelial,Mark visible connective soft tissue and epithelial regions.,223
pannuke_f3_0224,3,Breast,Inflammatory;Connective_Soft_tissue;Epithelial,"Mark inflammatory, connective soft tissue and epithelial adjacent to epithelium.",224
pannuke_f3_0225,3,Breast,Connective_Soft_tissue,Mark connective soft tissue in this Breast specimen.,225
pannuke_f3_0226,3,Breast,Inflammatory;Connective_Soft_tissue;Epithelial,"Segment zones of inflammatory, connective soft tissue and epithelial presence.",226
pannuke_f3_0227,3,Breast,Inflammatory;Connective_Soft_tissue;Epithelial,"Mark cellular inflammatory, connective soft tissue and epithelial regions.",227
pannuke_f3_0228,3,Breast,Inflammatory;Connective_Soft_tissue;Epithelial,"Can you locate inflammatory, connective soft tissue and epithelial?",228
pannuke_f3_0229,3,Breast,Inflammatory;Connective_Soft_tissue,Locate visible inflammatory and connective soft tissue.,229
pannuke_f3_0230,3,Breast,Inflammatory;Connective_Soft_tissue,Segment inflammatory and connective soft tissue in this histology image.,230
pannuke_f3_0231,3,Breast,Inflammatory;Connective_Soft_tissue;Epithelial,"Identify inflammatory, connective soft tissue and epithelial including all visible instances.",231
pannuke_f3_0232,3,Breast,Inflammatory;Connective_Soft_tissue;Epithelial,"Trace inflammatory, connective soft tissue and epithelial boundaries.",232
pannuke_f3_0233,3,Breast,Inflammatory;Connective_Soft_tissue,Mark visible inflammatory and connective soft tissue tissue.,233
pannuke_f3_0234,3,Breast,Neoplastic;Connective_Soft_tissue,The task is to segment neoplastic and connective soft tissue.,234
pannuke_f3_0235,3,Breast,Neoplastic;Connective_Soft_tissue,Identify visible neoplastic and connective soft tissue structures.,235
pannuke_f3_0236,3,Breast,,,236
pannuke_f3_0237,3,Breast,Neoplastic;Connective_Soft_tissue,Recognize visible neoplastic and connective soft tissue.,237
pannuke_f3_0238,3,Breast,Neoplastic;Inflammatory;Connective_Soft_tissue,"Locate and segment neoplastic, inflammatory and connective soft tissue.",238
pannuke_f3_0239,3,Breast,Inflammatory;Connective_Soft_tissue;Epithelial,"Show me inflammatory, connective soft tissue and epithelial cells.",239
pannuke_f3_0240,3,Breast,Inflammatory;Connective_Soft_tissue;Epithelial,"Required: inflammatory, connective soft tissue and epithelial segmentation.",240
pannuke_f3_0241,3,Breast,Inflammatory;Connective_Soft_tissue;Epithelial,"Segment inflammatory, connective soft tissue and epithelial areas in this slide.",241
pannuke_f3_0242,3,Breast,Inflammatory;Connective_Soft_tissue;Epithelial,"Segment inflammatory, connective soft tissue and epithelial in relation to stroma.",242
pannuke_f3_0243,3,Breast,Inflammatory;Connective_Soft_tissue;Epithelial,"Highlight all inflammatory, connective soft tissue and epithelial structures.",243
pannuke_f3_0244,3,Breast,Inflammatory;Connective_Soft_tissue,"For this Breast biopsy, segment inflammatory and connective soft tissue areas.",244
pannuke_f3_0245,3,Breast,Inflammatory;Connective_Soft_tissue;Epithelial,"Segment all inflammatory, connective soft tissue and epithelial structures.",245
pannuke_f3_0246,3,Breast,Inflammatory;Connective_Soft_tissue,Segment each inflammatory and connective soft tissue region.,246
pannuke_f3_0247,3,Breast,Connective_Soft_tissue;Epithelial,Output connective soft tissue and epithelial regions.,247
pannuke_f3_0248,3,Breast,Connective_Soft_tissue;Epithelial,Mark cellular connective soft tissue and epithelial regions.,248
pannuke_f3_0249,3,Breast,Inflammatory;Connective_Soft_tissue;Epithelial,"Your goal is to identify inflammatory, connective soft tissue and epithelial.",249
pannuke_f3_0250,3,Breast,Connective_Soft_tissue;Epithelial,Detect all connective soft tissue and epithelial cells.,250
pannuke_f3_0251,3,Breast,Inflammatory;Connective_Soft_tissue;Epithelial,"Highlight visible inflammatory, connective soft tissue and epithelial cells.",251
pannuke_f3_0252,3,Breast,Inflammatory;Connective_Soft_tissue;Epithelial,"Segment the entire inflammatory, connective soft tissue and epithelial population.",252
pannuke_f3_0253,3,Breast,Inflammatory;Connective_Soft_tissue;Epithelial,"Produce segmentation of inflammatory, connective soft tissue and epithelial.",253
pannuke_f3_0254,3,Breast,Inflammatory;Connective_Soft_tissue;Epithelial,"Highlight inflammatory, connective soft tissue and epithelial in this image.",254
pannuke_f3_0255,3,Breast,Connective_Soft_tissue;Epithelial,What regions contain connective soft tissue and epithelial?,255
pannuke_f3_0256,3,Breast,Connective_Soft_tissue;Epithelial,Carefully segment all connective soft tissue and epithelial regions visible in this histopathology image.,256
pannuke_f3_0257,3,Breast,Inflammatory;Connective_Soft_tissue;Epithelial,"Identify areas of inflammatory, connective soft tissue and epithelial concentration.",257
pannuke_f3_0258,3,Breast,Connective_Soft_tissue;Epithelial,Segment visible connective soft tissue and epithelial structures.,258
pannuke_f3_0259,3,Breast,Inflammatory;Connective_Soft_tissue;Epithelial,"Recognize the inflammatory, connective soft tissue and epithelial tissue.",259
pannuke_f3_0260,3,Breast,Connective_Soft_tissue;Epithelial,Segment connective soft tissue and epithelial diagnostic regions.,260
pannuke_f3_0261,3,Breast,Connective_Soft_tissue;Epithelial,"Viewing this section, segment connective soft tissue and epithelial.",261
pannuke_f3_0262,3,Breast,Neoplastic,Delineate neoplastic with accurate boundary detection.,262
pannuke_f3_0263,3,Breast,Neoplastic;Inflammatory;Connective_Soft_tissue,"Find all neoplastic, inflammatory and connective soft tissue cells.",263
pannuke_f3_0264,3,Breast,Neoplastic;Inflammatory;Connective_Soft_tissue,"Segment present neoplastic, inflammatory and connective soft tissue regions.",264
pannuke_f3_0265,3,Breast,Neoplastic;Inflammatory;Connective_Soft_tissue,"Emphasize neoplastic, inflammatory and connective soft tissue presence.",265
pannuke_f3_0266,3,Breast,Inflammatory;Connective_Soft_tissue,Indicate all inflammatory and connective soft tissue cells.,266
pannuke_f3_0267,3,Breast,Inflammatory;Connective_Soft_tissue,Which areas contain inflammatory and connective soft tissue?,267
pannuke_f3_0268,3,Breast,Neoplastic;Inflammatory;Connective_Soft_tissue,"Identify present neoplastic, inflammatory and connective soft tissue regions.",268
pannuke_f3_0269,3,Breast,Neoplastic,Examine this Breast tissue for neoplastic.,269
pannuke_f3_0270,3,Breast,Neoplastic;Inflammatory;Connective_Soft_tissue,"Chart neoplastic, inflammatory and connective soft tissue presence.",270
pannuke_f3_0271,3,Breast,Neoplastic,Which cells are neoplastic?,271
pannuke_f3_0272,3,Breast,Neoplastic;Connective_Soft_tissue,Segment the neoplastic and connective soft tissue regions in the image.,272
pannuke_f3_0273,3,Breast,Neoplastic;Connective_Soft_tissue,Isolate neoplastic and connective soft tissue from background.,273
pannuke_f3_0274,3,Breast,Inflammatory;Connective_Soft_tissue;Epithelial,"Highlight visible inflammatory, connective soft tissue and epithelial tissue.",274
pannuke_f3_0275,3,Breast,Neoplastic;Inflammatory;Connective_Soft_tissue,"neoplastic, inflammatory and connective soft tissue appears in this image. Segment all instances.",275
pannuke_f3_0276,3,Breast,Neoplastic,Segment any neoplastic present.,276
pannuke_f3_0277,3,Breast,Neoplastic;Inflammatory;Connective_Soft_tissue,"Segment tissue showing neoplastic, inflammatory and connective soft tissue.",277
pannuke_f3_0278,3,Breast,Neoplastic;Inflammatory;Connective_Soft_tissue,"Mark visible neoplastic, inflammatory and connective soft tissue structures.",278
pannuke_f3_0279,3,Breast,Inflammatory;Connective_Soft_tissue,Indicate the inflammatory and connective soft tissue tissue.,279
pannuke_f3_0280,3,Breast,Inflammatory;Connective_Soft_tissue,Mark inflammatory and connective soft tissue for morphometric study.,280
pannuke_f3_0281,3,Breast,Neoplastic;Inflammatory;Connective_Soft_tissue,"Detect visible neoplastic, inflammatory and connective soft tissue.",281
pannuke_f3_0282,3,Breast,Inflammatory;Connective_Soft_tissue,Segment any inflammatory and connective soft tissue cells visible.,282
pannuke_f3_0283,3,Breast,Inflammatory;Connective_Soft_tissue,Identify present inflammatory and connective soft tissue regions.,283
pannuke_f3_0284,3,Breast,Inflammatory;Connective_Soft_tissue,There is inflammatory and connective soft tissue present. Mark it.,284
pannuke_f3_0285,3,Breast,Neoplastic;Connective_Soft_tissue,Which cells are neoplastic and connective soft tissue?,285
pannuke_f3_0286,3,Breast,Neoplastic;Inflammatory;Connective_Soft_tissue,"Locate all neoplastic, inflammatory and connective soft tissue cells.",286
pannuke_f3_0287,3,Breast,Neoplastic;Inflammatory;Connective_Soft_tissue,"Separate neoplastic, inflammatory and connective soft tissue from other tissue.",287
pannuke_f3_0288,3,Breast,Connective_Soft_tissue,Distinguish the connective soft tissue regions.,288
pannuke_f3_0289,3,Breast,Neoplastic;Inflammatory;Connective_Soft_tissue,"Pinpoint neoplastic, inflammatory and connective soft tissue in this Breast.",289
pannuke_f3_0290,3,Breast,Neoplastic;Inflammatory;Connective_Soft_tissue,"Segment neoplastic, inflammatory and connective soft tissue diagnostic regions.",290
pannuke_f3_0291,3,Breast,Connective_Soft_tissue,Mark connective soft tissue cells in this Breast sample.,291
pannuke_f3_0292,3,Breast,Neoplastic;Inflammatory;Connective_Soft_tissue,"Segment neoplastic, inflammatory and connective soft tissue in the Breast section.",292
pannuke_f3_0293,3,Breast,Inflammatory;Connective_Soft_tissue,Delineate present inflammatory and connective soft tissue tissue.,293
pannuke_f3_0294,3,Breast,Neoplastic;Inflammatory;Connective_Soft_tissue,"Segment all neoplastic, inflammatory and connective soft tissue structures.",294
pannuke_f3_0295,3,Breast,Connective_Soft_tissue,Spot connective soft tissue cells.,295
pannuke_f3_0296,3,Breast,Neoplastic;Connective_Soft_tissue,The objective is to mark neoplastic and connective soft tissue.,296
pannuke_f3_0297,3,Breast,Neoplastic;Inflammatory;Connective_Soft_tissue,"Identify neoplastic, inflammatory and connective soft tissue regions in the Breast.",297
pannuke_f3_0298,3,Breast,Neoplastic;Inflammatory;Connective_Soft_tissue,"Identify neoplastic, inflammatory and connective soft tissue tissue regions.",298
pannuke_f3_0299,3,Breast,Connective_Soft_tissue,Spot visible connective soft tissue.,299
pannuke_f3_0300,3,Breast,Inflammatory;Connective_Soft_tissue,Point out all inflammatory and connective soft tissue.,300
pannuke_f3_0301,3,Breast,Neoplastic;Inflammatory;Connective_Soft_tissue,"Presented with this tissue, identify neoplastic, inflammatory and connective soft tissue.",301
pannuke_f3_0302,3,Breast,Neoplastic;Connective_Soft_tissue,Identify present neoplastic and connective soft tissue structures.,302
pannuke_f3_0303,3,Breast,Neoplastic;Inflammatory;Connective_Soft_tissue,"Label the neoplastic, inflammatory and connective soft tissue regions.",303
pannuke_f3_0304,3,Breast,Connective_Soft_tissue,Detect connective soft tissue in this slide.,304
pannuke_f3_0305,3,Breast,Connective_Soft_tissue,Recognize all connective soft tissue areas.,305
pannuke_f3_0306,3,Breast,Connective_Soft_tissue;Epithelial,Segment connective soft tissue and epithelial throughout the image.,306
pannuke_f3_0307,3,Breast,Inflammatory;Connective_Soft_tissue;Epithelial,"For this Breast biopsy, segment inflammatory, connective soft tissue and epithelial areas.",307
pannuke_f3_0308,3,Breast,Inflammatory;Connective_Soft_tissue;Epithelial,"Distinguish inflammatory, connective soft tissue and epithelial from other tissue.",308
pannuke_f3_0309,3,Breast,Inflammatory;Connective_Soft_tissue;Epithelial,"Reviewing this image, delineate inflammatory, connective soft tissue and epithelial boundaries.",309
pannuke_f3_0310,3,Breast,Connective_Soft_tissue,Highlight connective soft tissue cells.,310
pannuke_f3_0311,3,Breast,Connective_Soft_tissue;Epithelial,Generate mask for connective soft tissue and epithelial.,311
pannuke_f3_0312,3,Breast,Inflammatory;Connective_Soft_tissue;Epithelial,"Segment visible inflammatory, connective soft tissue and epithelial tissue.",312
pannuke_f3_0313,3,Breast,Connective_Soft_tissue;Epithelial,Segment connective soft tissue and epithelial membrane patterns.,313
pannuke_f3_0314,3,Breast,Inflammatory;Connective_Soft_tissue;Epithelial,"Segment present inflammatory, connective soft tissue and epithelial regions.",314
pannuke_f3_0315,3,Breast,Neoplastic;Inflammatory,Annotate neoplastic and inflammatory in Breast microscopy.,315
pannuke_f3_0316,3,Breast,Neoplastic;Inflammatory,Create segmentation of neoplastic and inflammatory.,316
pannuke_f3_0317,3,Breast,Neoplastic;Inflammatory,Identify the neoplastic and inflammatory regions.,317
pannuke_f3_0318,3,Breast,Neoplastic;Inflammatory;Connective_Soft_tissue,"Segment neoplastic, inflammatory and connective soft tissue phenotypic features.",318
pannuke_f3_0319,3,Breast,Neoplastic;Inflammatory;Connective_Soft_tissue,"Outline all neoplastic, inflammatory and connective soft tissue structures.",319
pannuke_f3_0320,3,Breast,Neoplastic;Inflammatory;Connective_Soft_tissue,"Mark neoplastic, inflammatory and connective soft tissue ensuring complete coverage of affected areas.",320
pannuke_f3_0321,3,Breast,Neoplastic;Inflammatory,Mark stromal neoplastic and inflammatory regions.,321
pannuke_f3_0322,3,Breast,Neoplastic;Inflammatory;Connective_Soft_tissue,"Indicate all neoplastic, inflammatory and connective soft tissue cells.",322
pannuke_f3_0323,3,Breast,Neoplastic;Inflammatory;Connective_Soft_tissue,"Define neoplastic, inflammatory and connective soft tissue extent.",323
pannuke_f3_0324,3,Breast,Neoplastic;Inflammatory;Connective_Soft_tissue,"Presented with this tissue, identify neoplastic, inflammatory and connective soft tissue.",324
pannuke_f3_0325,3,Breast,Neoplastic;Inflammatory,Precisely delineate the boundaries of neoplastic and inflammatory cells in this tissue section.,325
pannuke_f3_0326,3,Breast,Neoplastic;Inflammatory;Connective_Soft_tissue,"Mark the neoplastic, inflammatory and connective soft tissue tissue compartment.",326
pannuke_f3_0327,3,Breast,Neoplastic;Inflammatory,Delineate neoplastic and inflammatory areas.,327
pannuke_f3_0328,3,Breast,Neoplastic,Segment all neoplastic in the field.,328
pannuke_f3_0329,3,Breast,Neoplastic;Inflammatory;Connective_Soft_tissue,"Circle neoplastic, inflammatory and connective soft tissue cells.",329
pannuke_f3_0330,3,Breast,Neoplastic;Inflammatory;Connective_Soft_tissue,"Isolate neoplastic, inflammatory and connective soft tissue regions.",330
pannuke_f3_0331,3,Breast,Neoplastic;Inflammatory;Connective_Soft_tissue,"Segment neoplastic, inflammatory and connective soft tissue in this image.",331
pannuke_f3_0332,3,Breast,Neoplastic;Inflammatory;Connective_Soft_tissue,"Segment neoplastic, inflammatory and connective soft tissue patterns in Breast.",332
pannuke_f3_0333,3,Breast,Neoplastic;Connective_Soft_tissue,Highlight visible neoplastic and connective soft tissue tissue.,333
pannuke_f3_0334,3,Breast,Neoplastic,Meticulously outline the neoplastic regions for analysis.,334
pannuke_f3_0335,3,Breast,Neoplastic,Segment present neoplastic structures.,335
pannuke_f3_0336,3,Breast,Neoplastic,Show me the neoplastic regions.,336
pannuke_f3_0337,3,Breast,Neoplastic,Segment neoplastic in the Breast section.,337
pannuke_f3_0338,3,Breast,Inflammatory;Connective_Soft_tissue,Delineate the inflammatory and connective soft tissue tissue.,338
pannuke_f3_0339,3,Breast,Inflammatory;Connective_Soft_tissue,"For Breast pathology, outline inflammatory and connective soft tissue.",339
pannuke_f3_0340,3,Breast,Inflammatory;Connective_Soft_tissue,Delineate inflammatory and connective soft tissue areas.,340
pannuke_f3_0341,3,Breast,Inflammatory;Connective_Soft_tissue,Segment inflammatory and connective soft tissue throughout the image.,341
pannuke_f3_0342,3,Breast,Inflammatory;Connective_Soft_tissue,Generate a comprehensive mask for inflammatory and connective soft tissue.,342
pannuke_f3_0343,3,Breast,Inflammatory;Connective_Soft_tissue,This is a Breast image. Segment inflammatory and connective soft tissue.,343
pannuke_f3_0344,3,Breast,Neoplastic;Connective_Soft_tissue,Study this Breast section and mark neoplastic and connective soft tissue.,344
pannuke_f3_0345,3,Breast,Neoplastic;Inflammatory;Connective_Soft_tissue,"Delineate all neoplastic, inflammatory and connective soft tissue regions.",345
pannuke_f3_0346,3,Breast,Neoplastic;Connective_Soft_tissue,Mark the neoplastic and connective soft tissue areas.,346
pannuke_f3_0347,3,Breast,Neoplastic;Inflammatory;Connective_Soft_tissue,"Recognize all neoplastic, inflammatory and connective soft tissue areas.",347
pannuke_f3_0348,3,Breast,Neoplastic;Inflammatory;Connective_Soft_tissue,"Segment foci of neoplastic, inflammatory and connective soft tissue.",348
pannuke_f3_0349,3,Breast,Neoplastic;Inflammatory;Connective_Soft_tissue,"Plot neoplastic, inflammatory and connective soft tissue locations.",349
pannuke_f3_0350,3,Breast,Neoplastic;Inflammatory;Connective_Soft_tissue,"Annotate neoplastic, inflammatory and connective soft tissue cells.",350
pannuke_f3_0351,3,Breast,Neoplastic,Segment neoplastic in this image.,351
pannuke_f3_0352,3,Breast,Neoplastic,Segment patches of neoplastic.,352
pannuke_f3_0353,3,Breast,Neoplastic,Identify neoplastic in Breast histology.,353
pannuke_f3_0354,3,Breast,Neoplastic;Inflammatory;Connective_Soft_tissue,"Segment the neoplastic, inflammatory and connective soft tissue histological features.",354
pannuke_f3_0355,3,Breast,Neoplastic;Inflammatory;Connective_Soft_tissue,"Delineate all neoplastic, inflammatory and connective soft tissue areas.",355
pannuke_f3_0356,3,Breast,Neoplastic,Mark the pathological neoplastic regions.,356
pannuke_f3_0357,3,Breast,Neoplastic;Connective_Soft_tissue,Segment visible neoplastic and connective soft tissue areas.,357
pannuke_f3_0358,3,Breast,Neoplastic,"Given this pathology slide, segment neoplastic.",358
pannuke_f3_0359,3,Breast,Neoplastic,Segment the neoplastic cell population.,359
pannuke_f3_0360,3,Breast,Neoplastic;Inflammatory;Connective_Soft_tissue,"Identify neoplastic, inflammatory and connective soft tissue spatial arrangement.",360
pannuke_f3_0361,3,Breast,Neoplastic,Provide neoplastic segmentation.,361
pannuke_f3_0362,3,Breast,Neoplastic;Connective_Soft_tissue,Segment the neoplastic and connective soft tissue cell population.,362
pannuke_f3_0363,3,Breast,Neoplastic;Connective_Soft_tissue,Map neoplastic and connective soft tissue distribution.,363
pannuke_f3_0364,3,Breast,Neoplastic;Connective_Soft_tissue,Highlight visible neoplastic and connective soft tissue tissue.,364
pannuke_f3_0365,3,Breast,Neoplastic;Connective_Soft_tissue,Segment each neoplastic and connective soft tissue region.,365
pannuke_f3_0366,3,Breast,Neoplastic;Connective_Soft_tissue,"In this Breast tissue, segment neoplastic and connective soft tissue.",366
pannuke_f3_0367,3,Breast,Neoplastic,Identify neoplastic features in Breast.,367
pannuke_f3_0368,3,Breast,Neoplastic,Identify all neoplastic nuclei.,368
pannuke_f3_0369,3,Breast,Neoplastic;Connective_Soft_tissue,Highlight present neoplastic and connective soft tissue structures.,369
pannuke_f3_0370,3,Breast,Neoplastic;Connective_Soft_tissue,Can you segment neoplastic and connective soft tissue?,370
pannuke_f3_0371,3,Breast,Neoplastic;Inflammatory;Connective_Soft_tissue,"Segment regions with neoplastic, inflammatory and connective soft tissue.",371
pannuke_f3_0372,3,Breast,Neoplastic;Inflammatory;Connective_Soft_tissue,"Can you identify neoplastic, inflammatory and connective soft tissue?",372
pannuke_f3_0373,3,Breast,Neoplastic;Inflammatory;Connective_Soft_tissue,"Mark present neoplastic, inflammatory and connective soft tissue tissue.",373
pannuke_f3_0374,3,Breast,Neoplastic;Inflammatory;Connective_Soft_tissue,"Annotate the neoplastic, inflammatory and connective soft tissue regions.",374
pannuke_f3_0375,3,Breast,Neoplastic;Connective_Soft_tissue,neoplastic and connective soft tissue can be seen. Identify and segment.,375
pannuke_f3_0376,3,Breast,Neoplastic,Segment the neoplastic structures.,376
pannuke_f3_0377,3,Breast,Neoplastic;Inflammatory;Connective_Soft_tissue,"Mark visible neoplastic, inflammatory and connective soft tissue cells.",377
pannuke_f3_0378,3,Breast,Neoplastic;Connective_Soft_tissue,Point out neoplastic and connective soft tissue cells.,378
pannuke_f3_0379,3,Breast,Neoplastic;Connective_Soft_tissue,Distinguish neoplastic and connective soft tissue cells.,379
pannuke_f3_0380,3,Breast,Neoplastic;Connective_Soft_tissue,Emphasize neoplastic and connective soft tissue presence.,380
pannuke_f3_0381,3,Breast,Neoplastic;Inflammatory;Connective_Soft_tissue,"Which parts have neoplastic, inflammatory and connective soft tissue?",381
pannuke_f3_0382,3,Breast,Neoplastic;Inflammatory;Connective_Soft_tissue,"Where can you find neoplastic, inflammatory and connective soft tissue?",382
pannuke_f3_0383,3,Breast,Neoplastic;Inflammatory;Connective_Soft_tissue,"Within the Breast, identify neoplastic, inflammatory and connective soft tissue.",383
pannuke_f3_0384,3,Breast,Neoplastic;Inflammatory;Connective_Soft_tissue,"Segment the neoplastic, inflammatory and connective soft tissue components.",384
pannuke_f3_0385,3,Breast,Neoplastic;Inflammatory;Connective_Soft_tissue,"Map all neoplastic, inflammatory and connective soft tissue areas.",385
pannuke_f3_0386,3,Breast,Neoplastic;Connective_Soft_tissue,Trace all neoplastic and connective soft tissue areas.,386
pannuke_f3_0387,3,Breast,Neoplastic;Inflammatory;Connective_Soft_tissue,"Segment each neoplastic, inflammatory and connective soft tissue region.",387
pannuke_f3_0388,3,Breast,Neoplastic;Inflammatory;Connective_Soft_tissue,"Identify visible neoplastic, inflammatory and connective soft tissue areas.",388
pannuke_f3_0389,3,Breast,Inflammatory;Connective_Soft_tissue,Identify all inflammatory and connective soft tissue areas.,389
pannuke_f3_0390,3,Breast,Neoplastic;Inflammatory;Connective_Soft_tissue,"Identify and mark neoplastic, inflammatory and connective soft tissue.",390
pannuke_f3_0391,3,Breast,Inflammatory;Connective_Soft_tissue,Segment zones of inflammatory and connective soft tissue.,391
pannuke_f3_0392,3,Breast,Neoplastic;Inflammatory;Connective_Soft_tissue,"Circle neoplastic, inflammatory and connective soft tissue cells.",392
pannuke_f3_0393,3,Breast,Neoplastic;Inflammatory;Connective_Soft_tissue,"Discern visible neoplastic, inflammatory and connective soft tissue.",393
pannuke_f3_0394,3,Breast,Neoplastic;Inflammatory,Identify present neoplastic and inflammatory structures.,394
pannuke_f3_0395,3,Breast,Neoplastic;Inflammatory;Connective_Soft_tissue,"Segment neoplastic, inflammatory and connective soft tissue in the tumor stroma.",395
pannuke_f3_0396,3,Breast,Inflammatory;Connective_Soft_tissue,Discern the inflammatory and connective soft tissue from background.,396
pannuke_f3_0397,3,Breast,Neoplastic,Identify present neoplastic cells.,397
pannuke_f3_0398,3,Breast,Neoplastic;Connective_Soft_tissue,Outline neoplastic and connective soft tissue in the Breast image.,398
pannuke_f3_0399,3,Breast,Neoplastic;Connective_Soft_tissue,Segment any neoplastic and connective soft tissue present.,399
pannuke_f3_0400,3,Breast,Neoplastic;Inflammatory;Connective_Soft_tissue,"Mark neoplastic, inflammatory and connective soft tissue distribution pattern.",400
pannuke_f3_0401,3,Breast,Neoplastic;Connective_Soft_tissue,Segment the neoplastic and connective soft tissue sections.,401
pannuke_f3_0402,3,Breast,Neoplastic;Connective_Soft_tissue,Where is the neoplastic and connective soft tissue in this image?,402
pannuke_f3_0403,3,Breast,Neoplastic;Inflammatory;Connective_Soft_tissue,"Throughout the Breast tissue, mark neoplastic, inflammatory and connective soft tissue.",403
pannuke_f3_0404,3,Breast,Neoplastic;Inflammatory;Connective_Soft_tissue,"Identify neoplastic, inflammatory and connective soft tissue tissue regions.",404
pannuke_f3_0405,3,Breast,Neoplastic;Inflammatory;Connective_Soft_tissue,"Indicate neoplastic, inflammatory and connective soft tissue areas.",405
pannuke_f3_0406,3,Breast,Neoplastic;Inflammatory;Connective_Soft_tissue,"Please mark neoplastic, inflammatory and connective soft tissue areas.",406
pannuke_f3_0407,3,Breast,Neoplastic;Inflammatory;Connective_Soft_tissue,"Where are the neoplastic, inflammatory and connective soft tissue regions?",407
pannuke_f3_0408,3,Breast,Neoplastic;Connective_Soft_tissue,Mark neoplastic and connective soft tissue cytoplasmic features.,408
pannuke_f3_0409,3,Breast,Neoplastic;Inflammatory;Connective_Soft_tissue,"Provide neoplastic, inflammatory and connective soft tissue segmentation.",409
pannuke_f3_0410,3,Breast,Neoplastic;Inflammatory;Connective_Soft_tissue,"Segment present neoplastic, inflammatory and connective soft tissue cells.",410
pannuke_f3_0411,3,Breast,Neoplastic;Inflammatory;Connective_Soft_tissue,"Find the neoplastic, inflammatory and connective soft tissue regions.",411
pannuke_f3_0412,3,Breast,Neoplastic;Inflammatory,Highlight present neoplastic and inflammatory tissue.,412
pannuke_f3_0413,3,Breast,Neoplastic;Connective_Soft_tissue,What regions contain neoplastic and connective soft tissue?,413
pannuke_f3_0414,3,Breast,Neoplastic;Connective_Soft_tissue,Segment only neoplastic and connective soft tissue.,414
pannuke_f3_0415,3,Breast,Neoplastic;Inflammatory;Connective_Soft_tissue,"You must mark neoplastic, inflammatory and connective soft tissue regions.",415
pannuke_f3_0416,3,Breast,Neoplastic;Connective_Soft_tissue,Find the neoplastic and connective soft tissue areas.,416
pannuke_f3_0417,3,Breast,Neoplastic;Inflammatory;Connective_Soft_tissue,"Segment neoplastic, inflammatory and connective soft tissue patterns in Breast.",417
pannuke_f3_0418,3,Breast,Neoplastic;Connective_Soft_tissue,Identify neoplastic and connective soft tissue abnormalities.,418
pannuke_f3_0419,3,Breast,Neoplastic;Inflammatory;Connective_Soft_tissue,"Isolate neoplastic, inflammatory and connective soft tissue regions.",419
pannuke_f3_0420,3,Breast,Neoplastic;Inflammatory,"Given this Breast sample, mark neoplastic and inflammatory regions.",420
pannuke_f3_0421,3,Breast,Neoplastic;Inflammatory,Identify the neoplastic and inflammatory regions.,421
pannuke_f3_0422,3,Breast,Neoplastic;Inflammatory;Connective_Soft_tissue,"Highlight present neoplastic, inflammatory and connective soft tissue structures.",422
pannuke_f3_0423,3,Breast,Inflammatory;Connective_Soft_tissue,This section has inflammatory and connective soft tissue. Locate and mark.,423
pannuke_f3_0424,3,Breast,Neoplastic,Circle the neoplastic structures.,424
pannuke_f3_0425,3,Breast,Neoplastic;Connective_Soft_tissue,Inspect this Breast sample for neoplastic and connective soft tissue.,425
pannuke_f3_0426,3,Breast,Neoplastic,Review this Breast slide and identify neoplastic.,426
pannuke_f3_0427,3,Breast,Neoplastic;Connective_Soft_tissue,Point out all neoplastic and connective soft tissue.,427
pannuke_f3_0428,3,Breast,Neoplastic,Segment neoplastic diagnostic regions.,428
pannuke_f3_0429,3,Breast,Neoplastic;Connective_Soft_tissue,Find neoplastic and connective soft tissue in this Breast sample.,429
pannuke_f3_0430,3,Breast,Neoplastic;Inflammatory;Connective_Soft_tissue,"Annotate all neoplastic, inflammatory and connective soft tissue areas.",430
pannuke_f3_0431,3,Breast,Neoplastic;Inflammatory;Connective_Soft_tissue,"Identify neoplastic, inflammatory and connective soft tissue cellular morphology.",431
pannuke_f3_0432,3,Breast,Neoplastic;Inflammatory;Connective_Soft_tissue,"Identify all neoplastic, inflammatory and connective soft tissue regions.",432
pannuke_f3_0433,3,Breast,Neoplastic;Inflammatory;Connective_Soft_tissue,"Identify neoplastic, inflammatory and connective soft tissue abnormalities.",433
pannuke_f3_0434,3,Breast,Connective_Soft_tissue,Note connective soft tissue presence in Breast tissue.,434
pannuke_f3_0435,3,Breast,Inflammatory;Connective_Soft_tissue,Separate inflammatory and connective soft tissue from other tissue.,435
pannuke_f3_0436,3,Breast,Inflammatory;Connective_Soft_tissue,Segment all inflammatory and connective soft tissue cells.,436
pannuke_f3_0437,3,Breast,Neoplastic;Inflammatory;Connective_Soft_tissue,"Highlight visible neoplastic, inflammatory and connective soft tissue cells.",437
pannuke_f3_0438,3,Breast,Neoplastic;Inflammatory;Connective_Soft_tissue,"Identify neoplastic, inflammatory and connective soft tissue for diagnostic purposes.",438
pannuke_f3_0439,3,Breast,Neoplastic;Inflammatory;Connective_Soft_tissue,"Point out the neoplastic, inflammatory and connective soft tissue areas.",439
pannuke_f3_0440,3,Breast,Inflammatory;Connective_Soft_tissue,Draw around inflammatory and connective soft tissue.,440
pannuke_f3_0441,3,Breast,Neoplastic;Inflammatory;Connective_Soft_tissue,"Identify neoplastic, inflammatory and connective soft tissue including all visible instances.",441
pannuke_f3_0442,3,Breast,Neoplastic;Inflammatory;Connective_Soft_tissue,"Define neoplastic, inflammatory and connective soft tissue extent.",442
pannuke_f3_0443,3,Breast,Neoplastic;Inflammatory;Connective_Soft_tissue,"Look for neoplastic, inflammatory and connective soft tissue in this slide.",443
pannuke_f3_0444,3,Breast,Neoplastic;Inflammatory;Connective_Soft_tissue,"Segment neoplastic, inflammatory and connective soft tissue throughout the image.",444
pannuke_f3_0445,3,Breast,Neoplastic;Inflammatory;Connective_Soft_tissue,"Segment neoplastic, inflammatory and connective soft tissue in this Breast tissue.",445
pannuke_f3_0446,3,Breast,Inflammatory;Connective_Soft_tissue,Provide inflammatory and connective soft tissue segmentation.,446
pannuke_f3_0447,3,Breast,Neoplastic;Connective_Soft_tissue,Highlight all neoplastic and connective soft tissue structures.,447
pannuke_f3_0448,3,Breast,Inflammatory;Connective_Soft_tissue,Plot inflammatory and connective soft tissue locations.,448
pannuke_f3_0449,3,Breast,Neoplastic;Inflammatory;Connective_Soft_tissue,"For Breast pathology, outline neoplastic, inflammatory and connective soft tissue.",449
pannuke_f3_0450,3,Breast,Neoplastic;Inflammatory;Connective_Soft_tissue,"Observing this sample, delineate neoplastic, inflammatory and connective soft tissue.",450
pannuke_f3_0451,3,Breast,Connective_Soft_tissue,Segment each connective soft tissue region.,451
pannuke_f3_0452,3,Breast,Neoplastic;Inflammatory;Connective_Soft_tissue,"Identify neoplastic, inflammatory and connective soft tissue in the tissue microenvironment.",452
pannuke_f3_0453,3,Breast,Neoplastic;Inflammatory;Connective_Soft_tissue,"Draw neoplastic, inflammatory and connective soft tissue outlines.",453
pannuke_f3_0454,3,Breast,Connective_Soft_tissue,Identify present connective soft tissue regions.,454
pannuke_f3_0455,3,Breast,Neoplastic;Inflammatory;Connective_Soft_tissue,"Segment the entire neoplastic, inflammatory and connective soft tissue population.",455
pannuke_f3_0456,3,Breast,Connective_Soft_tissue,Show me the connective soft tissue areas.,456
pannuke_f3_0457,3,Breast,Neoplastic;Inflammatory;Connective_Soft_tissue,"Emphasize neoplastic, inflammatory and connective soft tissue regions.",457
pannuke_f3_0458,3,Breast,Neoplastic;Inflammatory;Connective_Soft_tissue,"The task is to segment neoplastic, inflammatory and connective soft tissue.",458
pannuke_f3_0459,3,Breast,Neoplastic;Connective_Soft_tissue,Identify visible neoplastic and connective soft tissue cells.,459
pannuke_f3_0460,3,Breast,Connective_Soft_tissue,"Looking at this tissue section, identify connective soft tissue.",460
pannuke_f3_0461,3,Breast,Neoplastic;Inflammatory;Connective_Soft_tissue,"Delineate all neoplastic, inflammatory and connective soft tissue regions.",461
pannuke_f3_0462,3,Breast,Inflammatory;Connective_Soft_tissue,The task is to segment inflammatory and connective soft tissue.,462
pannuke_f3_0463,3,Breast,Neoplastic;Connective_Soft_tissue,Identify neoplastic and connective soft tissue for spatial analysis.,463
pannuke_f3_0464,3,Breast,Neoplastic;Connective_Soft_tissue,Partition neoplastic and connective soft tissue areas.,464
pannuke_f3_0465,3,Breast,Neoplastic;Inflammatory;Connective_Soft_tissue,"Spot all neoplastic, inflammatory and connective soft tissue areas.",465
pannuke_f3_0466,3,Breast,Neoplastic;Inflammatory;Connective_Soft_tissue,"Identify all neoplastic, inflammatory and connective soft tissue cells.",466
pannuke_f3_0467,3,Breast,Neoplastic;Connective_Soft_tissue,Segment neoplastic and connective soft tissue diagnostic regions.,467
pannuke_f3_0468,3,Breast,Neoplastic;Inflammatory;Connective_Soft_tissue,"Segment the entire neoplastic, inflammatory and connective soft tissue population.",468
pannuke_f3_0469,3,Breast,Neoplastic;Connective_Soft_tissue,Annotate neoplastic and connective soft tissue histological patterns.,469
pannuke_f3_0470,3,Breast,Neoplastic;Inflammatory;Connective_Soft_tissue,"Distinguish neoplastic, inflammatory and connective soft tissue from other tissue.",470
pannuke_f3_0471,3,Breast,Neoplastic;Inflammatory;Connective_Soft_tissue,"Viewing this section, segment neoplastic, inflammatory and connective soft tissue.",471
pannuke_f3_0472,3,Breast,Neoplastic;Inflammatory;Connective_Soft_tissue,"Produce segmentation of neoplastic, inflammatory and connective soft tissue.",472
pannuke_f3_0473,3,Breast,Neoplastic;Connective_Soft_tissue,Segment regions with neoplastic and connective soft tissue.,473
pannuke_f3_0474,3,Breast,Neoplastic;Inflammatory;Connective_Soft_tissue,"Identify visible neoplastic, inflammatory and connective soft tissue cells.",474
pannuke_f3_0475,3,Breast,Neoplastic,Segment extent of neoplastic.,475
pannuke_f3_0476,3,Breast,Neoplastic;Connective_Soft_tissue,Map neoplastic and connective soft tissue locations.,476
pannuke_f3_0477,3,Breast,Neoplastic;Connective_Soft_tissue,Outline all neoplastic and connective soft tissue structures.,477
pannuke_f3_0478,3,Breast,Neoplastic;Inflammatory;Connective_Soft_tissue,"Segment visible neoplastic, inflammatory and connective soft tissue.",478
pannuke_f3_0479,3,Breast,Neoplastic;Connective_Soft_tissue,Your task: segment neoplastic and connective soft tissue in this image.,479
pannuke_f3_0480,3,Breast,Neoplastic;Connective_Soft_tissue,Chart neoplastic and connective soft tissue presence.,480
pannuke_f3_0481,3,Breast,Neoplastic;Inflammatory;Connective_Soft_tissue,"Delineate visible neoplastic, inflammatory and connective soft tissue regions.",481
pannuke_f3_0482,3,Breast,Neoplastic;Inflammatory;Connective_Soft_tissue,"This Breast slide shows neoplastic, inflammatory and connective soft tissue. Segment it.",482
pannuke_f3_0483,3,Breast,Neoplastic;Inflammatory;Connective_Soft_tissue,"Segment clusters of neoplastic, inflammatory and connective soft tissue.",483
pannuke_f3_0484,3,Breast,Neoplastic;Inflammatory;Connective_Soft_tissue,"Identify neoplastic, inflammatory and connective soft tissue spatial arrangement.",484
pannuke_f3_0485,3,Breast,Neoplastic;Inflammatory;Connective_Soft_tissue,"Partition neoplastic, inflammatory and connective soft tissue areas.",485
pannuke_f3_0486,3,Breast,Neoplastic;Inflammatory;Connective_Soft_tissue,"Segment neoplastic, inflammatory and connective soft tissue tissue morphology.",486
pannuke_f3_0487,3,Breast,Neoplastic;Inflammatory;Connective_Soft_tissue,"Develop a precise map of neoplastic, inflammatory and connective soft tissue distribution.",487
pannuke_f3_0488,3,Breast,Neoplastic;Inflammatory;Connective_Soft_tissue,"Segment extent of neoplastic, inflammatory and connective soft tissue.",488
pannuke_f3_0489,3,Breast,Neoplastic;Connective_Soft_tissue,Identify all neoplastic and connective soft tissue areas.,489
pannuke_f3_0490,3,Breast,Neoplastic;Inflammatory;Connective_Soft_tissue,"Point out the neoplastic, inflammatory and connective soft tissue areas.",490
pannuke_f3_0491,3,Breast,Inflammatory;Connective_Soft_tissue,Concentrate on inflammatory and connective soft tissue regions.,491
pannuke_f3_0492,3,Breast,Inflammatory;Connective_Soft_tissue,Pinpoint all inflammatory and connective soft tissue areas.,492
pannuke_f3_0493,3,Breast,Neoplastic;Inflammatory;Connective_Soft_tissue,"Mark regions of neoplastic, inflammatory and connective soft tissue accumulation.",493
pannuke_f3_0494,3,Breast,Neoplastic;Inflammatory;Connective_Soft_tissue,"Segment neoplastic, inflammatory and connective soft tissue diagnostic regions.",494
pannuke_f3_0495,3,Breast,Neoplastic;Inflammatory;Connective_Soft_tissue,"This Breast slide shows neoplastic, inflammatory and connective soft tissue. Segment it.",495
pannuke_f3_0496,3,Breast,Neoplastic,Precisely delineate the boundaries of neoplastic cells in this tissue section.,496
pannuke_f3_0497,3,Breast,Neoplastic;Connective_Soft_tissue,Highlight all neoplastic and connective soft tissue areas.,497
pannuke_f3_0498,3,Breast,Neoplastic;Inflammatory;Connective_Soft_tissue,"Delineate present neoplastic, inflammatory and connective soft tissue cells.",498
pannuke_f3_0499,3,Breast,Neoplastic,Mark all neoplastic tissue.,499
pannuke_f3_0500,3,Breast,Neoplastic,Identify all neoplastic tissue.,500
pannuke_f3_0501,3,Breast,Neoplastic,Mark neoplastic in this biopsy sample.,501
pannuke_f3_0502,3,Breast,Neoplastic,Segment the neoplastic cell populations.,502
pannuke_f3_0503,3,Breast,Neoplastic,Segment all neoplastic regions.,503
pannuke_f3_0504,3,Breast,Neoplastic;Inflammatory,Segment all visible neoplastic and inflammatory.,504
pannuke_f3_0505,3,Breast,Neoplastic;Inflammatory,"On this Breast image, highlight neoplastic and inflammatory.",505
pannuke_f3_0506,3,Breast,Neoplastic;Inflammatory,Identify neoplastic and inflammatory including all visible instances.,506
pannuke_f3_0507,3,Breast,Neoplastic;Inflammatory;Connective_Soft_tissue,"Segment each neoplastic, inflammatory and connective soft tissue region.",507
pannuke_f3_0508,3,Breast,Neoplastic;Inflammatory;Connective_Soft_tissue,"Segment neoplastic, inflammatory and connective soft tissue throughout the image.",508
pannuke_f3_0509,3,Breast,Inflammatory;Connective_Soft_tissue,Segment all inflammatory and connective soft tissue structures.,509
pannuke_f3_0510,3,Breast,Inflammatory;Connective_Soft_tissue,"Given this Breast sample, mark inflammatory and connective soft tissue regions.",510
pannuke_f3_0511,3,Breast,Inflammatory;Connective_Soft_tissue,Delineate the inflammatory and connective soft tissue regions.,511
pannuke_f3_0512,3,Breast,Neoplastic;Inflammatory;Connective_Soft_tissue,"Goal: mark all neoplastic, inflammatory and connective soft tissue cells.",512
pannuke_f3_0513,3,Breast,Inflammatory;Connective_Soft_tissue,Generate inflammatory and connective soft tissue segmentation.,513
pannuke_f3_0514,3,Breast,Neoplastic;Inflammatory;Connective_Soft_tissue,"Target neoplastic, inflammatory and connective soft tissue in this image.",514
pannuke_f3_0515,3,Breast,Neoplastic;Inflammatory;Connective_Soft_tissue,"Delineate visible neoplastic, inflammatory and connective soft tissue regions.",515
pannuke_f3_0516,3,Breast,Neoplastic;Inflammatory;Connective_Soft_tissue,"Identify the neoplastic, inflammatory and connective soft tissue regions.",516
pannuke_f3_0517,3,Breast,Neoplastic;Inflammatory;Connective_Soft_tissue,"Identify present neoplastic, inflammatory and connective soft tissue areas.",517
pannuke_f3_0518,3,Breast,Neoplastic;Inflammatory;Connective_Soft_tissue,"Identify visible neoplastic, inflammatory and connective soft tissue regions.",518
pannuke_f3_0519,3,Breast,Neoplastic;Inflammatory;Connective_Soft_tissue,"Indicate the neoplastic, inflammatory and connective soft tissue regions.",519
pannuke_f3_0520,3,Breast,Neoplastic;Inflammatory;Connective_Soft_tissue,"Identify all neoplastic, inflammatory and connective soft tissue nuclei.",520
pannuke_f3_0521,3,Breast,Neoplastic;Inflammatory;Connective_Soft_tissue,"Delineate visible neoplastic, inflammatory and connective soft tissue structures.",521
pannuke_f3_0522,3,Breast,Neoplastic;Inflammatory;Connective_Soft_tissue,"Segment the neoplastic, inflammatory and connective soft tissue in this tissue sample.",522
pannuke_f3_0523,3,Breast,Neoplastic;Connective_Soft_tissue,Label the neoplastic and connective soft tissue regions.,523
pannuke_f3_0524,3,Breast,Neoplastic;Inflammatory;Connective_Soft_tissue,"Recognize neoplastic, inflammatory and connective soft tissue cells.",524
pannuke_f3_0525,3,Breast,Neoplastic;Inflammatory;Connective_Soft_tissue,"This Breast slide shows neoplastic, inflammatory and connective soft tissue. Segment it.",525
pannuke_f3_0526,3,Breast,Neoplastic,Segment neoplastic areas in this slide.,526
pannuke_f3_0527,3,Breast,Neoplastic;Inflammatory;Connective_Soft_tissue,"Segment neoplastic, inflammatory and connective soft tissue for quantitative analysis.",527
pannuke_f3_0528,3,Breast,Inflammatory;Connective_Soft_tissue,Target inflammatory and connective soft tissue regions.,528
pannuke_f3_0529,3,Breast,Neoplastic;Inflammatory;Connective_Soft_tissue,"Identify all neoplastic, inflammatory and connective soft tissue tissue.",529
pannuke_f3_0530,3,Breast,Neoplastic;Inflammatory;Connective_Soft_tissue,"Mark neoplastic, inflammatory and connective soft tissue tissue architecture.",530
pannuke_f3_0531,3,Breast,Connective_Soft_tissue;Epithelial,Divide connective soft tissue and epithelial from surroundings.,531
pannuke_f3_0532,3,Breast,Inflammatory;Connective_Soft_tissue;Epithelial,"Segment the inflammatory, connective soft tissue and epithelial cell populations.",532
pannuke_f3_0533,3,Breast,Connective_Soft_tissue;Epithelial,Segment connective soft tissue and epithelial cellular composition.,533
pannuke_f3_0534,3,Breast,Connective_Soft_tissue;Epithelial,Delineate present connective soft tissue and epithelial regions.,534
pannuke_f3_0535,3,Breast,Inflammatory;Connective_Soft_tissue,Identify areas of inflammatory and connective soft tissue concentration.,535
pannuke_f3_0536,3,Breast,Inflammatory;Connective_Soft_tissue;Epithelial,"Plot inflammatory, connective soft tissue and epithelial locations.",536
pannuke_f3_0537,3,Breast,Inflammatory;Connective_Soft_tissue;Epithelial,"Segment inflammatory, connective soft tissue and epithelial diagnostic regions.",537
pannuke_f3_0538,3,Breast,Inflammatory;Connective_Soft_tissue;Epithelial,"The task is to segment inflammatory, connective soft tissue and epithelial.",538
pannuke_f3_0539,3,Breast,Inflammatory;Connective_Soft_tissue;Epithelial,"Segment all inflammatory, connective soft tissue and epithelial regions.",539
pannuke_f3_0540,3,Breast,Inflammatory;Connective_Soft_tissue;Epithelial,"Segment inflammatory, connective soft tissue and epithelial for pathological assessment.",540
pannuke_f3_0541,3,Breast,Neoplastic,"Across the Breast section, segment neoplastic.",541
pannuke_f3_0542,3,Breast,Neoplastic,Consider only neoplastic areas.,542
pannuke_f3_0543,3,Breast,Neoplastic;Connective_Soft_tissue,Extract neoplastic and connective soft tissue cell boundaries.,543
pannuke_f3_0544,3,Breast,Neoplastic;Connective_Soft_tissue,Point out neoplastic and connective soft tissue cells.,544
pannuke_f3_0545,3,Breast,Neoplastic;Inflammatory;Connective_Soft_tissue,"Segment the neoplastic, inflammatory and connective soft tissue distribution.",545
pannuke_f3_0546,3,Breast,,,546
pannuke_f3_0547,3,Breast,Neoplastic;Connective_Soft_tissue,Identify visible neoplastic and connective soft tissue tissue.,547
pannuke_f3_0548,3,Breast,Neoplastic,Segment tissue showing neoplastic.,548
pannuke_f3_0549,3,Breast,Neoplastic,Spot neoplastic cells.,549
pannuke_f3_0550,3,Breast,Connective_Soft_tissue,Segment extent of connective soft tissue.,550
pannuke_f3_0551,3,Breast,Connective_Soft_tissue,Find and segment connective soft tissue regions.,551
pannuke_f3_0552,3,Breast,Neoplastic;Connective_Soft_tissue,Segment present neoplastic and connective soft tissue tissue.,552
pannuke_f3_0553,3,Breast,Neoplastic,Mark all neoplastic structures.,553
pannuke_f3_0554,3,Breast,Neoplastic;Connective_Soft_tissue,Segment present neoplastic and connective soft tissue cells.,554
pannuke_f3_0555,3,Breast,Neoplastic;Connective_Soft_tissue,Label the neoplastic and connective soft tissue tissue.,555
pannuke_f3_0556,3,Breast,Neoplastic;Inflammatory;Connective_Soft_tissue,"Delineate all neoplastic, inflammatory and connective soft tissue structures.",556
pannuke_f3_0557,3,Breast,Neoplastic;Connective_Soft_tissue,Mark the pathological neoplastic and connective soft tissue regions.,557
pannuke_f3_0558,3,Breast,Neoplastic;Connective_Soft_tissue,Label neoplastic and connective soft tissue in this Breast section.,558
pannuke_f3_0559,3,Breast,Inflammatory;Connective_Soft_tissue,Segment each inflammatory and connective soft tissue region.,559
pannuke_f3_0560,3,Breast,Connective_Soft_tissue,Extract connective soft tissue cell boundaries.,560
pannuke_f3_0561,3,Breast,Neoplastic;Connective_Soft_tissue,Segment all neoplastic and connective soft tissue tissue.,561
pannuke_f3_0562,3,Breast,Neoplastic;Inflammatory;Connective_Soft_tissue,"Mark present neoplastic, inflammatory and connective soft tissue regions.",562
pannuke_f3_0563,3,Breast,Neoplastic,Pinpoint all neoplastic areas.,563
pannuke_f3_0564,3,Breast,Neoplastic;Inflammatory,Identify visible neoplastic and inflammatory.,564
pannuke_f3_0565,3,Breast,Neoplastic,"From this Breast slide, segment neoplastic.",565
pannuke_f3_0566,3,Breast,Connective_Soft_tissue,Can you find connective soft tissue?,566
pannuke_f3_0567,3,Breast,Neoplastic,Mark neoplastic lesion areas.,567
pannuke_f3_0568,3,Breast,Neoplastic,Locate the neoplastic regions.,568
pannuke_f3_0569,3,Breast,Neoplastic;Inflammatory,"Throughout the Breast tissue, mark neoplastic and inflammatory.",569
pannuke_f3_0570,3,Breast,Neoplastic;Inflammatory,"Given this pathology slide, segment neoplastic and inflammatory.",570
pannuke_f3_0571,3,Breast,Neoplastic;Inflammatory,"Reviewing this image, delineate neoplastic and inflammatory boundaries.",571
pannuke_f3_0572,3,Breast,Neoplastic,"In this Breast histology, identify neoplastic cells.",572
pannuke_f3_0573,3,Breast,Neoplastic;Connective_Soft_tissue,Determine neoplastic and connective soft tissue presence.,573
pannuke_f3_0574,3,Breast,Neoplastic;Inflammatory,Mark visible neoplastic and inflammatory regions.,574
pannuke_f3_0575,3,Breast,Neoplastic,Segment margins of neoplastic.,575
pannuke_f3_0576,3,Breast,Neoplastic;Connective_Soft_tissue,Pinpoint the neoplastic and connective soft tissue tissue.,576
pannuke_f3_0577,3,Breast,Neoplastic;Inflammatory,Identify only neoplastic and inflammatory cells.,577
pannuke_f3_0578,3,Breast,Neoplastic;Connective_Soft_tissue,Identify all neoplastic and connective soft tissue tissue.,578
pannuke_f3_0579,3,Breast,Neoplastic;Inflammatory;Connective_Soft_tissue,"Segment neoplastic, inflammatory and connective soft tissue in this image.",579
pannuke_f3_0580,3,Breast,Inflammatory;Connective_Soft_tissue,Identify inflammatory and connective soft tissue nuclear characteristics.,580
pannuke_f3_0581,3,Breast,Epithelial,epithelial appears in this image. Segment all instances.,581
pannuke_f3_0582,3,Breast,Inflammatory;Connective_Soft_tissue;Dead;Epithelial,"Mark inflammatory, connective soft tissue, dead and epithelial distribution pattern.",582
pannuke_f3_0583,3,Breast,Inflammatory;Epithelial,Inspect this Breast sample for inflammatory and epithelial.,583
pannuke_f3_0584,3,Breast,Inflammatory;Connective_Soft_tissue,Highlight the inflammatory and connective soft tissue tissue.,584
pannuke_f3_0585,3,Breast,Neoplastic;Inflammatory;Connective_Soft_tissue,"Segment the neoplastic, inflammatory and connective soft tissue sections.",585
pannuke_f3_0586,3,Breast,Neoplastic;Inflammatory;Connective_Soft_tissue,"Point out the neoplastic, inflammatory and connective soft tissue regions.",586
pannuke_f3_0587,3,Breast,Neoplastic;Inflammatory;Connective_Soft_tissue,"Indicate the neoplastic, inflammatory and connective soft tissue regions.",587
pannuke_f3_0588,3,Breast,Neoplastic;Inflammatory;Connective_Soft_tissue,"Determine neoplastic, inflammatory and connective soft tissue distribution.",588
pannuke_f3_0589,3,Breast,Neoplastic;Connective_Soft_tissue,"From this Breast slide, segment neoplastic and connective soft tissue.",589
pannuke_f3_0590,3,Breast,Neoplastic;Connective_Soft_tissue,Pinpoint the neoplastic and connective soft tissue tissue.,590
pannuke_f3_0591,3,Breast,Neoplastic;Connective_Soft_tissue,Please show neoplastic and connective soft tissue regions.,591
pannuke_f3_0592,3,Breast,Connective_Soft_tissue,Mark visible connective soft tissue tissue.,592
pannuke_f3_0593,3,Breast,Connective_Soft_tissue,Output connective soft tissue regions.,593
pannuke_f3_0594,3,Breast,Neoplastic;Inflammatory;Connective_Soft_tissue,"Look for neoplastic, inflammatory and connective soft tissue in this slide.",594
pannuke_f3_0595,3,Breast,Inflammatory,Thoroughly segment every instance of inflammatory in this microscopy image.,595
pannuke_f3_0596,3,Breast,Inflammatory;Connective_Soft_tissue,Segment all inflammatory and connective soft tissue in the field.,596
pannuke_f3_0597,3,Breast,Neoplastic;Inflammatory;Connective_Soft_tissue,"Segment neoplastic, inflammatory and connective soft tissue in the tissue matrix.",597
pannuke_f3_0598,3,Breast,Neoplastic;Inflammatory;Connective_Soft_tissue,"Segment the neoplastic, inflammatory and connective soft tissue portions.",598
pannuke_f3_0599,3,Breast,Neoplastic;Inflammatory;Connective_Soft_tissue,"Distinguish neoplastic, inflammatory and connective soft tissue from other tissue.",599
pannuke_f3_0600,3,Breast,Neoplastic;Inflammatory,Can you locate neoplastic and inflammatory?,600
pannuke_f3_0601,3,Breast,Neoplastic;Inflammatory;Connective_Soft_tissue,"Mark present neoplastic, inflammatory and connective soft tissue structures.",601
pannuke_f3_0602,3,Breast,Neoplastic;Inflammatory,"Within the Breast, identify neoplastic and inflammatory.",602
pannuke_f3_0603,3,Breast,Inflammatory;Connective_Soft_tissue,Highlight visible inflammatory and connective soft tissue regions.,603
pannuke_f3_0604,3,Breast,Neoplastic;Inflammatory;Connective_Soft_tissue,"Segment the neoplastic, inflammatory and connective soft tissue regions in the image.",604
pannuke_f3_0605,3,Breast,Neoplastic;Inflammatory;Connective_Soft_tissue,"Please segment neoplastic, inflammatory and connective soft tissue.",605
pannuke_f3_0606,3,Breast,Neoplastic;Inflammatory;Connective_Soft_tissue,"Segment neoplastic, inflammatory and connective soft tissue being careful to capture all regions.",606
pannuke_f3_0607,3,Breast,Neoplastic;Inflammatory;Connective_Soft_tissue,"Mark only neoplastic, inflammatory and connective soft tissue regions.",607
pannuke_f3_0608,3,Breast,Inflammatory;Connective_Soft_tissue,Identify inflammatory and connective soft tissue in this pathology slide.,608
pannuke_f3_0609,3,Breast,Inflammatory;Connective_Soft_tissue,Segmentation target: inflammatory and connective soft tissue.,609
pannuke_f3_0610,3,Breast,Inflammatory;Connective_Soft_tissue,Mark inflammatory and connective soft tissue ensuring complete coverage of affected areas.,610
pannuke_f3_0611,3,Breast,Inflammatory;Connective_Soft_tissue,Define inflammatory and connective soft tissue regions.,611
pannuke_f3_0612,3,Breast,Inflammatory;Connective_Soft_tissue,Provide inflammatory and connective soft tissue segmentation.,612
pannuke_f3_0613,3,Breast,Neoplastic;Connective_Soft_tissue,Find neoplastic and connective soft tissue in this Breast sample.,613
pannuke_f3_0614,3,Breast,Neoplastic;Inflammatory,Pinpoint neoplastic and inflammatory cells.,614
pannuke_f3_0615,3,Breast,Neoplastic;Connective_Soft_tissue,Mark present neoplastic and connective soft tissue cells.,615
pannuke_f3_0616,3,Breast,Inflammatory;Connective_Soft_tissue,Mark the inflammatory and connective soft tissue tissue compartment.,616
pannuke_f3_0617,3,Breast,Inflammatory;Connective_Soft_tissue,Segment the inflammatory and connective soft tissue regions.,617
pannuke_f3_0618,3,Breast,Neoplastic;Inflammatory;Connective_Soft_tissue,"Highlight visible neoplastic, inflammatory and connective soft tissue tissue.",618
pannuke_f3_0619,3,Breast,Neoplastic;Connective_Soft_tissue,Identify visible neoplastic and connective soft tissue structures.,619
pannuke_f3_0620,3,Breast,Inflammatory;Connective_Soft_tissue,Mark visible inflammatory and connective soft tissue cells.,620
pannuke_f3_0621,3,Breast,Inflammatory;Connective_Soft_tissue,Point out inflammatory and connective soft tissue cells.,621
pannuke_f3_0622,3,Breast,Neoplastic;Connective_Soft_tissue,Annotate neoplastic and connective soft tissue histological patterns.,622
pannuke_f3_0623,3,Breast,Neoplastic;Inflammatory;Connective_Soft_tissue,"Generate neoplastic, inflammatory and connective soft tissue segmentation.",623
pannuke_f3_0624,3,Breast,Inflammatory;Connective_Soft_tissue,Segment present inflammatory and connective soft tissue cells.,624
pannuke_f3_0625,3,Breast,Neoplastic;Inflammatory;Connective_Soft_tissue,"Document neoplastic, inflammatory and connective soft tissue in this Breast sample.",625
pannuke_f3_0626,3,Breast,Neoplastic;Inflammatory;Connective_Soft_tissue,"Segment zones of neoplastic, inflammatory and connective soft tissue presence.",626
pannuke_f3_0627,3,Breast,Neoplastic;Inflammatory;Connective_Soft_tissue,"Within the Breast, identify neoplastic, inflammatory and connective soft tissue.",627
pannuke_f3_0628,3,Breast,Neoplastic;Inflammatory;Connective_Soft_tissue,"Identify neoplastic, inflammatory and connective soft tissue in this pathology slide.",628
pannuke_f3_0629,3,Breast,Neoplastic;Inflammatory;Connective_Soft_tissue,"Pinpoint visible neoplastic, inflammatory and connective soft tissue.",629
pannuke_f3_0630,3,Breast,Neoplastic;Inflammatory;Connective_Soft_tissue,"Segment neoplastic, inflammatory and connective soft tissue for feature extraction.",630
pannuke_f3_0631,3,Breast,Neoplastic;Inflammatory;Connective_Soft_tissue,"Delineate visible neoplastic, inflammatory and connective soft tissue regions.",631
pannuke_f3_0632,3,Breast,Neoplastic;Inflammatory;Connective_Soft_tissue,"Mark all neoplastic, inflammatory and connective soft tissue areas.",632
pannuke_f3_0633,3,Breast,Neoplastic;Connective_Soft_tissue,The task is to segment neoplastic and connective soft tissue.,633
pannuke_f3_0634,3,Breast,Neoplastic;Connective_Soft_tissue,Find neoplastic and connective soft tissue in this Breast sample.,634
pannuke_f3_0635,3,Breast,Neoplastic,Create mask for neoplastic.,635
pannuke_f3_0636,3,Breast,Neoplastic,Highlight all neoplastic tissue.,636
pannuke_f3_0637,3,Breast,Neoplastic,Pinpoint neoplastic in this Breast.,637
pannuke_f3_0638,3,Breast,Connective_Soft_tissue;Epithelial,Highlight the connective soft tissue and epithelial tissue.,638
pannuke_f3_0639,3,Breast,Inflammatory;Connective_Soft_tissue,Objective: identify inflammatory and connective soft tissue regions.,639
pannuke_f3_0640,3,Breast,Inflammatory;Connective_Soft_tissue;Epithelial,"Develop a precise map of inflammatory, connective soft tissue and epithelial distribution.",640
pannuke_f3_0641,3,Breast,Neoplastic,Define neoplastic extent.,641
pannuke_f3_0642,3,Breast,Neoplastic;Inflammatory;Connective_Soft_tissue,"Identify histological regions showing neoplastic, inflammatory and connective soft tissue.",642
pannuke_f3_0643,3,Breast,Neoplastic;Inflammatory,Segment zones of neoplastic and inflammatory.,643
pannuke_f3_0644,3,Breast,Neoplastic;Inflammatory;Connective_Soft_tissue,"Mark neoplastic, inflammatory and connective soft tissue cytoplasmic features.",644
pannuke_f3_0645,3,Breast,Neoplastic,Segment neoplastic diagnostic regions.,645
pannuke_f3_0646,3,Breast,Neoplastic;Inflammatory,Identify all neoplastic and inflammatory nuclei.,646
pannuke_f3_0647,3,Breast,Neoplastic;Inflammatory;Connective_Soft_tissue,"Record neoplastic, inflammatory and connective soft tissue regions in Breast.",647
pannuke_f3_0648,3,Breast,Neoplastic;Inflammatory;Connective_Soft_tissue,"Identify neoplastic, inflammatory and connective soft tissue nuclear characteristics.",648
pannuke_f3_0649,3,Breast,Inflammatory;Connective_Soft_tissue,Extract all inflammatory and connective soft tissue areas.,649
pannuke_f3_0650,3,Breast,Inflammatory;Connective_Soft_tissue,Mark inflammatory and connective soft tissue adjacent to epithelium.,650
pannuke_f3_0651,3,Breast,Neoplastic;Inflammatory;Connective_Soft_tissue,"Segment neoplastic, inflammatory and connective soft tissue being careful to capture all regions.",651
pannuke_f3_0652,3,Breast,Inflammatory;Connective_Soft_tissue,Segment inflammatory and connective soft tissue diagnostic regions.,652
pannuke_f3_0653,3,Breast,Neoplastic;Inflammatory;Connective_Soft_tissue,"Draw neoplastic, inflammatory and connective soft tissue boundaries.",653
pannuke_f3_0654,3,Breast,Neoplastic;Inflammatory;Connective_Soft_tissue,"Mark visible neoplastic, inflammatory and connective soft tissue regions.",654
pannuke_f3_0655,3,Breast,Neoplastic;Inflammatory,Mark present neoplastic and inflammatory structures.,655
pannuke_f3_0656,3,Breast,Neoplastic;Inflammatory,Mark present neoplastic and inflammatory regions.,656
pannuke_f3_0657,3,Breast,Neoplastic;Inflammatory;Connective_Soft_tissue,"Delineate present neoplastic, inflammatory and connective soft tissue cells.",657
pannuke_f3_0658,3,Breast,Neoplastic;Inflammatory;Connective_Soft_tissue,"Identify clusters of neoplastic, inflammatory and connective soft tissue cells.",658
pannuke_f3_0659,3,Breast,Neoplastic;Connective_Soft_tissue,Mark neoplastic and connective soft tissue distribution pattern.,659
pannuke_f3_0660,3,Breast,Neoplastic;Connective_Soft_tissue,Detect neoplastic and connective soft tissue in this slide.,660
pannuke_f3_0661,3,Breast,Neoplastic;Connective_Soft_tissue,Identify present neoplastic and connective soft tissue regions.,661
pannuke_f3_0662,3,Breast,Neoplastic;Connective_Soft_tissue,Outline neoplastic and connective soft tissue areas.,662
pannuke_f3_0663,3,Breast,Neoplastic;Connective_Soft_tissue,Identify the neoplastic and connective soft tissue areas.,663
pannuke_f3_0664,3,Breast,Neoplastic,Determine neoplastic distribution.,664
pannuke_f3_0665,3,Breast,Neoplastic,Indicate the neoplastic tissue.,665
pannuke_f3_0666,3,Breast,Neoplastic;Inflammatory,Trace all neoplastic and inflammatory areas.,666
pannuke_f3_0667,3,Breast,Neoplastic;Connective_Soft_tissue,Pinpoint neoplastic and connective soft tissue in this Breast.,667
pannuke_f3_0668,3,Breast,Neoplastic;Connective_Soft_tissue,Identify neoplastic and connective soft tissue tissue regions.,668
pannuke_f3_0669,3,Breast,Neoplastic;Connective_Soft_tissue,Please locate neoplastic and connective soft tissue.,669
pannuke_f3_0670,3,Breast,Neoplastic;Inflammatory;Connective_Soft_tissue,"Recognize all neoplastic, inflammatory and connective soft tissue areas.",670
pannuke_f3_0671,3,Breast,Neoplastic,Determine neoplastic location.,671
pannuke_f3_0672,3,Breast,Neoplastic;Connective_Soft_tissue,Detect visible neoplastic and connective soft tissue.,672
pannuke_f3_0673,3,Breast,Neoplastic;Inflammatory;Connective_Soft_tissue,"Mark neoplastic, inflammatory and connective soft tissue for morphometric study.",673
pannuke_f3_0674,3,Breast,Neoplastic;Inflammatory;Connective_Soft_tissue,"Outline neoplastic, inflammatory and connective soft tissue in the Breast image.",674
pannuke_f3_0675,3,Breast,Neoplastic;Connective_Soft_tissue,Trace neoplastic and connective soft tissue margins.,675
pannuke_f3_0676,3,Breast,Neoplastic,Highlight all neoplastic tissue.,676
pannuke_f3_0677,3,Breast,Neoplastic;Connective_Soft_tissue,Distinguish all neoplastic and connective soft tissue areas.,677
pannuke_f3_0678,3,Breast,Neoplastic;Connective_Soft_tissue,Mark neoplastic and connective soft tissue adjacent to epithelium.,678
pannuke_f3_0679,3,Breast,Neoplastic;Connective_Soft_tissue,Segment any neoplastic and connective soft tissue cells visible.,679
pannuke_f3_0680,3,Breast,Neoplastic,Segment the neoplastic regions in the image.,680
pannuke_f3_0681,3,Breast,Neoplastic;Inflammatory;Connective_Soft_tissue,"Highlight present neoplastic, inflammatory and connective soft tissue cells.",681
pannuke_f3_0682,3,Breast,Neoplastic;Connective_Soft_tissue,Can you identify neoplastic and connective soft tissue?,682
pannuke_f3_0683,3,Breast,Neoplastic;Connective_Soft_tissue,"In this Breast tissue, segment neoplastic and connective soft tissue.",683
pannuke_f3_0684,3,Breast,Neoplastic;Connective_Soft_tissue,Segment intratumoral neoplastic and connective soft tissue.,684
pannuke_f3_0685,3,Breast,Neoplastic;Connective_Soft_tissue,Segment margins of neoplastic and connective soft tissue.,685
pannuke_f3_0686,3,Breast,Neoplastic;Inflammatory;Connective_Soft_tissue,"Segment neoplastic, inflammatory and connective soft tissue in this Breast tissue.",686
pannuke_f3_0687,3,Breast,Neoplastic;Connective_Soft_tissue,Circle the neoplastic and connective soft tissue structures.,687
pannuke_f3_0688,3,Breast,Neoplastic;Inflammatory;Connective_Soft_tissue,"Where is neoplastic, inflammatory and connective soft tissue located?",688
pannuke_f3_0689,3,Breast,Neoplastic;Connective_Soft_tissue,Segment neoplastic and connective soft tissue in the tissue matrix.,689
pannuke_f3_0690,3,Breast,Neoplastic;Connective_Soft_tissue,"Reviewing this image, delineate neoplastic and connective soft tissue boundaries.",690
pannuke_f3_0691,3,Breast,Neoplastic;Inflammatory;Connective_Soft_tissue,"Indicate neoplastic, inflammatory and connective soft tissue areas.",691
pannuke_f3_0692,3,Breast,Neoplastic;Connective_Soft_tissue,The sample contains neoplastic and connective soft tissue. Delineate the regions.,692
pannuke_f3_0693,3,Breast,Neoplastic;Inflammatory;Connective_Soft_tissue,"Mark regions of neoplastic, inflammatory and connective soft tissue accumulation.",693
pannuke_f3_0694,3,Breast,Neoplastic;Inflammatory;Connective_Soft_tissue,"Map the neoplastic, inflammatory and connective soft tissue regions.",694
pannuke_f3_0695,3,Breast,Neoplastic;Connective_Soft_tissue,Delineate all neoplastic and connective soft tissue.,695
pannuke_f3_0696,3,Breast,Neoplastic;Connective_Soft_tissue,Target neoplastic and connective soft tissue cells.,696
pannuke_f3_0697,3,Breast,Neoplastic;Inflammatory;Connective_Soft_tissue,"Outline neoplastic, inflammatory and connective soft tissue areas.",697
pannuke_f3_0698,3,Breast,Neoplastic;Inflammatory,Output neoplastic and inflammatory mask.,698
pannuke_f3_0699,3,Breast,Neoplastic;Connective_Soft_tissue,You should identify neoplastic and connective soft tissue.,699
pannuke_f3_0700,3,Breast,Neoplastic;Connective_Soft_tissue,Mark neoplastic and connective soft tissue tissue architecture.,700
pannuke_f3_0701,3,Breast,Neoplastic;Connective_Soft_tissue,Identify all neoplastic and connective soft tissue nuclei.,701
pannuke_f3_0702,3,Breast,Neoplastic;Inflammatory;Connective_Soft_tissue,"Evaluate neoplastic, inflammatory and connective soft tissue areas.",702
pannuke_f3_0703,3,Breast,Neoplastic;Connective_Soft_tissue,Find neoplastic and connective soft tissue in this Breast sample.,703
pannuke_f3_0704,3,Breast,Neoplastic;Connective_Soft_tissue,Mark visible neoplastic and connective soft tissue regions.,704
pannuke_f3_0705,3,Breast,Neoplastic;Inflammatory;Connective_Soft_tissue,"Highlight neoplastic, inflammatory and connective soft tissue in this image.",705
pannuke_f3_0706,3,Colon,Neoplastic;Inflammatory;Connective_Soft_tissue,"Highlight present neoplastic, inflammatory and connective soft tissue cells.",706
pannuke_f3_0707,3,Colon,Inflammatory;Connective_Soft_tissue,Pinpoint visible inflammatory and connective soft tissue.,707
pannuke_f3_0708,3,Colon,Inflammatory;Connective_Soft_tissue,Segment visible inflammatory and connective soft tissue.,708
pannuke_f3_0709,3,Colon,Inflammatory;Connective_Soft_tissue,Assess inflammatory and connective soft tissue regions.,709
pannuke_f3_0710,3,Colon,Neoplastic;Connective_Soft_tissue,Segment neoplastic and connective soft tissue being careful to capture all regions.,710
pannuke_f3_0711,3,Colon,Neoplastic;Inflammatory,Mark all neoplastic and inflammatory structures.,711
pannuke_f3_0712,3,Colon,Neoplastic;Connective_Soft_tissue,Show me all neoplastic and connective soft tissue.,712
pannuke_f3_0713,3,Colon,Neoplastic;Connective_Soft_tissue,Locate neoplastic and connective soft tissue in this slide.,713
pannuke_f3_0714,3,Colon,Neoplastic;Inflammatory;Connective_Soft_tissue,"Highlight visible neoplastic, inflammatory and connective soft tissue regions.",714
pannuke_f3_0715,3,Colon,Neoplastic;Inflammatory;Connective_Soft_tissue,"Highlight all neoplastic, inflammatory and connective soft tissue structures.",715
pannuke_f3_0716,3,Colon,Neoplastic;Connective_Soft_tissue,Partition neoplastic and connective soft tissue areas.,716
pannuke_f3_0717,3,Colon,Neoplastic;Connective_Soft_tissue,Evaluate neoplastic and connective soft tissue areas.,717
pannuke_f3_0718,3,Colon,Inflammatory;Connective_Soft_tissue,Draw inflammatory and connective soft tissue outlines.,718
pannuke_f3_0719,3,Colon,Inflammatory;Connective_Soft_tissue,Segment foci of inflammatory and connective soft tissue.,719
pannuke_f3_0720,3,Colon,Inflammatory;Connective_Soft_tissue,Identify inflammatory and connective soft tissue spatial arrangement.,720
pannuke_f3_0721,3,Colon,Inflammatory;Connective_Soft_tissue,Delineate inflammatory and connective soft tissue areas.,721
pannuke_f3_0722,3,Colon,Inflammatory;Connective_Soft_tissue,Chart inflammatory and connective soft tissue presence.,722
pannuke_f3_0723,3,Colon,Inflammatory;Connective_Soft_tissue,"From the Colon tissue, extract inflammatory and connective soft tissue regions.",723
pannuke_f3_0724,3,Colon,Inflammatory;Connective_Soft_tissue,Provide mask for inflammatory and connective soft tissue.,724
pannuke_f3_0725,3,Colon,Connective_Soft_tissue,Identify peritumoral connective soft tissue.,725
pannuke_f3_0726,3,Colon,Inflammatory;Connective_Soft_tissue,Highlight present inflammatory and connective soft tissue tissue.,726
pannuke_f3_0727,3,Colon,Connective_Soft_tissue,Pinpoint connective soft tissue cells.,727
pannuke_f3_0728,3,Colon,Neoplastic;Inflammatory;Connective_Soft_tissue,"Assess neoplastic, inflammatory and connective soft tissue regions.",728
pannuke_f3_0729,3,Colon,Neoplastic;Inflammatory;Connective_Soft_tissue,"Segment neoplastic, inflammatory and connective soft tissue in this tissue specimen.",729
pannuke_f3_0730,3,Colon,Neoplastic;Inflammatory;Connective_Soft_tissue,"Thoroughly segment every instance of neoplastic, inflammatory and connective soft tissue in this microscopy image.",730
pannuke_f3_0731,3,Colon,Inflammatory;Connective_Soft_tissue,Map inflammatory and connective soft tissue distribution in Colon.,731
pannuke_f3_0732,3,Colon,Inflammatory;Connective_Soft_tissue,Delineate inflammatory and connective soft tissue in Colon pathology.,732
pannuke_f3_0733,3,Colon,Inflammatory;Connective_Soft_tissue,Segment all inflammatory and connective soft tissue cells.,733
pannuke_f3_0734,3,Colon,Connective_Soft_tissue,Mark connective soft tissue ensuring complete coverage of affected areas.,734
pannuke_f3_0735,3,Colon,,,735
pannuke_f3_0736,3,Colon,Neoplastic;Inflammatory;Connective_Soft_tissue,"Recognize the neoplastic, inflammatory and connective soft tissue regions.",736
pannuke_f3_0737,3,Colon,Neoplastic;Inflammatory;Connective_Soft_tissue,"Delineate visible neoplastic, inflammatory and connective soft tissue regions.",737
pannuke_f3_0738,3,Colon,Neoplastic,Find the neoplastic areas.,738
pannuke_f3_0739,3,Colon,Neoplastic;Connective_Soft_tissue,Annotate visible neoplastic and connective soft tissue.,739
pannuke_f3_0740,3,Colon,Neoplastic,Map neoplastic distribution in Colon.,740
pannuke_f3_0741,3,Colon,Neoplastic;Connective_Soft_tissue,Delineate neoplastic and connective soft tissue pathology in this section.,741
pannuke_f3_0742,3,Colon,Connective_Soft_tissue,Create segmentation of connective soft tissue.,742
pannuke_f3_0743,3,Colon,Inflammatory;Connective_Soft_tissue,Label the inflammatory and connective soft tissue tissue.,743
pannuke_f3_0744,3,Colon,Connective_Soft_tissue,Delineate the connective soft tissue tissue.,744
pannuke_f3_0745,3,Colon,Inflammatory;Connective_Soft_tissue,Highlight visible inflammatory and connective soft tissue regions.,745
pannuke_f3_0746,3,Colon,Inflammatory;Connective_Soft_tissue,Highlight present inflammatory and connective soft tissue regions.,746
pannuke_f3_0747,3,Colon,Inflammatory;Connective_Soft_tissue,Identify parenchymal inflammatory and connective soft tissue.,747
pannuke_f3_0748,3,Colon,Inflammatory;Connective_Soft_tissue,Spot inflammatory and connective soft tissue cells.,748
pannuke_f3_0749,3,Colon,Inflammatory;Connective_Soft_tissue,Pay attention to inflammatory and connective soft tissue areas.,749
pannuke_f3_0750,3,Colon,Inflammatory;Connective_Soft_tissue,"In Colon histology, delineate inflammatory and connective soft tissue.",750
pannuke_f3_0751,3,Colon,Inflammatory;Connective_Soft_tissue,Highlight visible inflammatory and connective soft tissue regions.,751
pannuke_f3_0752,3,Colon,Inflammatory;Connective_Soft_tissue,Circle the inflammatory and connective soft tissue regions.,752
pannuke_f3_0753,3,Colon,Inflammatory;Connective_Soft_tissue,Mark inflammatory and connective soft tissue cellular infiltration.,753
pannuke_f3_0754,3,Colon,,,754
pannuke_f3_0755,3,Colon,Inflammatory;Connective_Soft_tissue,Extract all inflammatory and connective soft tissue areas.,755
pannuke_f3_0756,3,Colon,Inflammatory,Discern visible inflammatory.,756
pannuke_f3_0757,3,Colon,Inflammatory;Connective_Soft_tissue,Please locate inflammatory and connective soft tissue.,757
pannuke_f3_0758,3,Colon,Connective_Soft_tissue,Where is the connective soft tissue in this image?,758
pannuke_f3_0759,3,Colon,Inflammatory;Connective_Soft_tissue,Recognize all inflammatory and connective soft tissue areas.,759
pannuke_f3_0760,3,Colon,Inflammatory;Connective_Soft_tissue,Delineate visible inflammatory and connective soft tissue tissue.,760
pannuke_f3_0761,3,Colon,Inflammatory;Connective_Soft_tissue,Observe inflammatory and connective soft tissue distribution in Colon.,761
pannuke_f3_0762,3,Colon,,,762
pannuke_f3_0763,3,Colon,Neoplastic;Inflammatory;Connective_Soft_tissue,"Detect neoplastic, inflammatory and connective soft tissue in this slide.",763
pannuke_f3_0764,3,Colon,Neoplastic;Inflammatory;Connective_Soft_tissue,"Label neoplastic, inflammatory and connective soft tissue cells.",764
pannuke_f3_0765,3,Colon,Neoplastic,Segment neoplastic in this tissue specimen.,765
pannuke_f3_0766,3,Colon,Neoplastic,Mark visible neoplastic.,766
pannuke_f3_0767,3,Colon,Neoplastic;Dead,Segment present neoplastic and dead tissue.,767
pannuke_f3_0768,3,Colon,Neoplastic;Inflammatory;Connective_Soft_tissue,"Mark neoplastic, inflammatory and connective soft tissue adjacent to epithelium.",768
pannuke_f3_0769,3,Colon,Neoplastic;Inflammatory;Connective_Soft_tissue;Dead,"Distinguish the neoplastic, inflammatory, connective soft tissue and dead regions.",769
pannuke_f3_0770,3,Colon,Neoplastic;Connective_Soft_tissue,Examine neoplastic and connective soft tissue distribution.,770
pannuke_f3_0771,3,Colon,Neoplastic;Dead,Assignment: segment neoplastic and dead tissue.,771
pannuke_f3_0772,3,Colon,Neoplastic;Inflammatory;Connective_Soft_tissue,"Outline neoplastic, inflammatory and connective soft tissue areas.",772
pannuke_f3_0773,3,Colon,Neoplastic;Inflammatory;Connective_Soft_tissue,"Highlight neoplastic, inflammatory and connective soft tissue in this Colon slide.",773
pannuke_f3_0774,3,Colon,Neoplastic;Inflammatory,Mark the neoplastic and inflammatory regions.,774
pannuke_f3_0775,3,Colon,Neoplastic;Connective_Soft_tissue,Annotate the neoplastic and connective soft tissue regions.,775
pannuke_f3_0776,3,Colon,Inflammatory;Connective_Soft_tissue,Segment inflammatory and connective soft tissue for feature extraction.,776
pannuke_f3_0777,3,Colon,Inflammatory;Connective_Soft_tissue,Segment microscopic inflammatory and connective soft tissue features.,777
pannuke_f3_0778,3,Colon,,,778
pannuke_f3_0779,3,Colon,Connective_Soft_tissue,Mark the pathological connective soft tissue regions.,779
pannuke_f3_0780,3,Colon,,,780
pannuke_f3_0781,3,Colon,Inflammatory,Delineate the inflammatory regions.,781
pannuke_f3_0782,3,Colon,Inflammatory;Connective_Soft_tissue,Label the inflammatory and connective soft tissue regions.,782
pannuke_f3_0783,3,Colon,Connective_Soft_tissue,Detect connective soft tissue in this slide.,783
pannuke_f3_0784,3,Colon,,,784
pannuke_f3_0785,3,Colon,Inflammatory;Connective_Soft_tissue,Create mask for inflammatory and connective soft tissue.,785
pannuke_f3_0786,3,Colon,Inflammatory;Connective_Soft_tissue,Annotate visible inflammatory and connective soft tissue.,786
pannuke_f3_0787,3,Colon,Neoplastic;Inflammatory;Connective_Soft_tissue,"Segment only neoplastic, inflammatory and connective soft tissue.",787
pannuke_f3_0788,3,Colon,Neoplastic;Connective_Soft_tissue,Segment neoplastic and connective soft tissue histopathological features.,788
pannuke_f3_0789,3,Colon,Neoplastic;Connective_Soft_tissue,Carefully segment all neoplastic and connective soft tissue regions visible in this histopathology image.,789
pannuke_f3_0790,3,Colon,Connective_Soft_tissue,Identify connective soft tissue in this image.,790
pannuke_f3_0791,3,Colon,Inflammatory;Connective_Soft_tissue,Focus on inflammatory and connective soft tissue in this image.,791
pannuke_f3_0792,3,Colon,Inflammatory;Connective_Soft_tissue,Circle visible inflammatory and connective soft tissue.,792
pannuke_f3_0793,3,Colon,Inflammatory;Connective_Soft_tissue,Label the inflammatory and connective soft tissue tissue.,793
pannuke_f3_0794,3,Colon,Inflammatory;Connective_Soft_tissue,Precisely delineate the boundaries of inflammatory and connective soft tissue cells in this tissue section.,794
pannuke_f3_0795,3,Colon,Connective_Soft_tissue,Indicate where connective soft tissue is present.,795
pannuke_f3_0796,3,Colon,Inflammatory;Connective_Soft_tissue,Identify the inflammatory and connective soft tissue regions.,796
pannuke_f3_0797,3,Colon,Inflammatory;Connective_Soft_tissue,"In this Colon tissue, segment inflammatory and connective soft tissue.",797
pannuke_f3_0798,3,Colon,Neoplastic;Inflammatory;Connective_Soft_tissue,"Outline all neoplastic, inflammatory and connective soft tissue structures.",798
pannuke_f3_0799,3,Colon,Inflammatory;Connective_Soft_tissue,"In this Colon tissue, segment inflammatory and connective soft tissue.",799
pannuke_f3_0800,3,Colon,Inflammatory;Connective_Soft_tissue,Segment the inflammatory and connective soft tissue distribution.,800
pannuke_f3_0801,3,Colon,Neoplastic;Inflammatory;Connective_Soft_tissue,"Segment the neoplastic, inflammatory and connective soft tissue regions in the image.",801
pannuke_f3_0802,3,Colon,Inflammatory;Connective_Soft_tissue,Map inflammatory and connective soft tissue locations.,802
pannuke_f3_0803,3,Colon,Inflammatory;Connective_Soft_tissue,Segment inflammatory and connective soft tissue in this image.,803
pannuke_f3_0804,3,Colon,Inflammatory;Connective_Soft_tissue,Segment each inflammatory and connective soft tissue region.,804
pannuke_f3_0805,3,Colon,Inflammatory;Connective_Soft_tissue,Generate inflammatory and connective soft tissue segmentation.,805
pannuke_f3_0806,3,Colon,Inflammatory;Connective_Soft_tissue,Mark present inflammatory and connective soft tissue areas.,806
pannuke_f3_0807,3,Colon,Inflammatory;Connective_Soft_tissue,Can you segment inflammatory and connective soft tissue?,807
pannuke_f3_0808,3,Colon,Inflammatory;Connective_Soft_tissue,Segment intratumoral inflammatory and connective soft tissue.,808
pannuke_f3_0809,3,Colon,Inflammatory;Connective_Soft_tissue,Segment visible inflammatory and connective soft tissue tissue.,809
pannuke_f3_0810,3,Colon,Neoplastic;Inflammatory;Connective_Soft_tissue,"Draw neoplastic, inflammatory and connective soft tissue boundaries.",810
pannuke_f3_0811,3,Colon,Neoplastic;Inflammatory;Connective_Soft_tissue,"Extract all neoplastic, inflammatory and connective soft tissue areas.",811
pannuke_f3_0812,3,Colon,Neoplastic;Inflammatory,Segment visible neoplastic and inflammatory cells.,812
pannuke_f3_0813,3,Colon,Neoplastic;Inflammatory;Connective_Soft_tissue,"Segment any neoplastic, inflammatory and connective soft tissue cells visible.",813
pannuke_f3_0814,3,Colon,Neoplastic;Inflammatory;Connective_Soft_tissue,"Segment neoplastic, inflammatory and connective soft tissue histopathological features.",814
pannuke_f3_0815,3,Colon,Neoplastic;Inflammatory,Segment neoplastic and inflammatory in this histology image.,815
pannuke_f3_0816,3,Lung,Neoplastic;Inflammatory;Connective_Soft_tissue,"Reviewing this image, delineate neoplastic, inflammatory and connective soft tissue boundaries.",816
pannuke_f3_0817,3,Lung,Neoplastic;Connective_Soft_tissue,Identify the neoplastic and connective soft tissue microenvironment.,817
pannuke_f3_0818,3,Lung,Neoplastic;Connective_Soft_tissue,Record neoplastic and connective soft tissue regions in Lung.,818
pannuke_f3_0819,3,Lung,Neoplastic;Inflammatory;Connective_Soft_tissue,"Segment neoplastic, inflammatory and connective soft tissue patterns in Lung.",819
pannuke_f3_0820,3,Lung,Neoplastic;Connective_Soft_tissue,Pinpoint neoplastic and connective soft tissue cells.,820
pannuke_f3_0821,3,Lung,Neoplastic;Inflammatory;Connective_Soft_tissue,"There is neoplastic, inflammatory and connective soft tissue present. Mark it.",821
pannuke_f3_0822,3,Lung,Neoplastic;Inflammatory;Connective_Soft_tissue,"Target neoplastic, inflammatory and connective soft tissue in this image.",822
pannuke_f3_0823,3,Lung,Neoplastic;Inflammatory;Connective_Soft_tissue,"Segment patches of neoplastic, inflammatory and connective soft tissue.",823
pannuke_f3_0824,3,Lung,Neoplastic;Inflammatory;Connective_Soft_tissue,"Please find neoplastic, inflammatory and connective soft tissue.",824
pannuke_f3_0825,3,Lung,Neoplastic;Inflammatory;Connective_Soft_tissue,"Where are the neoplastic, inflammatory and connective soft tissue regions?",825
pannuke_f3_0826,3,Lung,Neoplastic;Inflammatory;Connective_Soft_tissue,"Identify neoplastic, inflammatory and connective soft tissue for spatial analysis.",826
pannuke_f3_0827,3,Lung,Neoplastic;Inflammatory;Connective_Soft_tissue,"Segment neoplastic, inflammatory and connective soft tissue for quantitative analysis.",827
pannuke_f3_0828,3,Lung,Neoplastic;Inflammatory;Connective_Soft_tissue,"Segment neoplastic, inflammatory and connective soft tissue patterns in Lung.",828
pannuke_f3_0829,3,Lung,Neoplastic;Inflammatory;Connective_Soft_tissue,"Map all neoplastic, inflammatory and connective soft tissue areas.",829
pannuke_f3_0830,3,Lung,Neoplastic;Connective_Soft_tissue,Identify the neoplastic and connective soft tissue regions.,830
pannuke_f3_0831,3,Breast,Neoplastic;Inflammatory;Connective_Soft_tissue,"Extract neoplastic, inflammatory and connective soft tissue regions from this image.",831
pannuke_f3_0832,3,Breast,Neoplastic;Inflammatory;Connective_Soft_tissue,"Highlight neoplastic, inflammatory and connective soft tissue in this image.",832
pannuke_f3_0833,3,Breast,Neoplastic;Inflammatory;Connective_Soft_tissue,"Define neoplastic, inflammatory and connective soft tissue extent.",833
pannuke_f3_0834,3,Breast,Neoplastic;Inflammatory,Identify neoplastic and inflammatory nuclear characteristics.,834
pannuke_f3_0835,3,Breast,Neoplastic;Connective_Soft_tissue,"From the Breast tissue, extract neoplastic and connective soft tissue regions.",835
pannuke_f3_0836,3,Breast,Neoplastic;Inflammatory;Connective_Soft_tissue,"Highlight all neoplastic, inflammatory and connective soft tissue structures.",836
pannuke_f3_0837,3,Breast,Neoplastic;Inflammatory;Connective_Soft_tissue,"Indicate the neoplastic, inflammatory and connective soft tissue regions.",837
pannuke_f3_0838,3,Breast,Neoplastic;Inflammatory,Target neoplastic and inflammatory in this image.,838
pannuke_f3_0839,3,Breast,Neoplastic,"Shown this histology, mark neoplastic.",839
pannuke_f3_0840,3,Breast,Neoplastic;Connective_Soft_tissue,Segment neoplastic and connective soft tissue cellular composition.,840
pannuke_f3_0841,3,Colon,Neoplastic;Connective_Soft_tissue,Segmentation target: neoplastic and connective soft tissue.,841
pannuke_f3_0842,3,Colon,Neoplastic;Connective_Soft_tissue,Can you find neoplastic and connective soft tissue?,842
pannuke_f3_0843,3,Kidney,Neoplastic,Create an accurate segmentation of neoplastic areas.,843
pannuke_f3_0844,3,Kidney,Neoplastic;Connective_Soft_tissue,Generate a comprehensive mask for neoplastic and connective soft tissue.,844
pannuke_f3_0845,3,Kidney,Neoplastic;Connective_Soft_tissue,Identify all neoplastic and connective soft tissue tissue.,845
pannuke_f3_0846,3,Kidney,Neoplastic;Inflammatory;Connective_Soft_tissue,"Distinguish neoplastic, inflammatory and connective soft tissue cells.",846
pannuke_f3_0847,3,Kidney,Neoplastic;Inflammatory;Connective_Soft_tissue,"Delineate all neoplastic, inflammatory and connective soft tissue areas.",847
pannuke_f3_0848,3,Prostate,Neoplastic,Annotate the neoplastic tissue.,848
pannuke_f3_0849,3,Prostate,Neoplastic,Produce neoplastic mask.,849
pannuke_f3_0850,3,Prostate,Neoplastic;Connective_Soft_tissue,Please segment neoplastic and connective soft tissue tissue.,850
pannuke_f3_0851,3,Bladder,Neoplastic,Segment visible neoplastic areas.,851
pannuke_f3_0852,3,Bladder,Neoplastic;Connective_Soft_tissue,Highlight present neoplastic and connective soft tissue tissue.,852
pannuke_f3_0853,3,Bladder,Neoplastic,Produce a detailed outline of neoplastic structures.,853
pannuke_f3_0854,3,Breast,Neoplastic;Inflammatory;Connective_Soft_tissue,"Recognize neoplastic, inflammatory and connective soft tissue cells.",854
pannuke_f3_0855,3,Breast,Neoplastic;Inflammatory;Connective_Soft_tissue,"Delineate visible neoplastic, inflammatory and connective soft tissue cells.",855
pannuke_f3_0856,3,Breast,Neoplastic,Mark visible neoplastic.,856
pannuke_f3_0857,3,Breast,Neoplastic;Connective_Soft_tissue;Epithelial,"Can you locate neoplastic, connective soft tissue and epithelial?",857
pannuke_f3_0858,3,Breast,Neoplastic;Epithelial,Identify present neoplastic and epithelial areas.,858
pannuke_f3_0859,3,Breast,Neoplastic;Connective_Soft_tissue,Identify neoplastic and connective soft tissue tissue regions.,859
pannuke_f3_0860,3,Bladder,Inflammatory;Connective_Soft_tissue,Circle the inflammatory and connective soft tissue regions.,860
pannuke_f3_0861,3,Bladder,Neoplastic;Connective_Soft_tissue;Epithelial,"Develop a precise map of neoplastic, connective soft tissue and epithelial distribution.",861
pannuke_f3_0862,3,Bladder,Neoplastic,Mark all neoplastic cells.,862
pannuke_f3_0863,3,Prostate,Neoplastic;Connective_Soft_tissue,"For Prostate pathology, outline neoplastic and connective soft tissue.",863
pannuke_f3_0864,3,Prostate,Neoplastic;Connective_Soft_tissue,Discern neoplastic and connective soft tissue cells.,864
pannuke_f3_0865,3,Prostate,Neoplastic;Connective_Soft_tissue,Separate neoplastic and connective soft tissue regions.,865
pannuke_f3_0866,3,Prostate,Neoplastic;Connective_Soft_tissue,Recognize the neoplastic and connective soft tissue tissue.,866
pannuke_f3_0867,3,Prostate,Neoplastic;Inflammatory;Connective_Soft_tissue,"Determine neoplastic, inflammatory and connective soft tissue distribution.",867
pannuke_f3_0868,3,Prostate,Neoplastic;Connective_Soft_tissue,Segment the neoplastic and connective soft tissue in this tissue sample.,868
pannuke_f3_0869,3,Prostate,Neoplastic;Connective_Soft_tissue,Distinguish all neoplastic and connective soft tissue areas.,869
pannuke_f3_0870,3,Prostate,Neoplastic;Inflammatory;Connective_Soft_tissue,"Identify all neoplastic, inflammatory and connective soft tissue structures.",870
pannuke_f3_0871,3,Prostate,Neoplastic;Connective_Soft_tissue,Target neoplastic and connective soft tissue regions.,871
pannuke_f3_0872,3,Prostate,Neoplastic;Connective_Soft_tissue,Mark neoplastic and connective soft tissue lesion areas.,872
pannuke_f3_0873,3,Prostate,Neoplastic;Connective_Soft_tissue,Mark neoplastic and connective soft tissue in this slide.,873
pannuke_f3_0874,3,Prostate,Neoplastic;Inflammatory,Segment the neoplastic and inflammatory nuclei.,874
pannuke_f3_0875,3,Prostate,Neoplastic;Inflammatory;Connective_Soft_tissue,"In the Prostate specimen, label neoplastic, inflammatory and connective soft tissue.",875
pannuke_f3_0876,3,Prostate,Neoplastic;Inflammatory;Connective_Soft_tissue,"Delineate the neoplastic, inflammatory and connective soft tissue tissue.",876
pannuke_f3_0877,3,Prostate,Neoplastic;Connective_Soft_tissue,Point out all neoplastic and connective soft tissue.,877
pannuke_f3_0878,3,Prostate,Neoplastic;Connective_Soft_tissue,Find the neoplastic and connective soft tissue areas.,878
pannuke_f3_0879,3,Prostate,Neoplastic;Inflammatory;Connective_Soft_tissue,"Pinpoint neoplastic, inflammatory and connective soft tissue cells.",879
pannuke_f3_0880,3,Prostate,Neoplastic;Inflammatory;Connective_Soft_tissue,"neoplastic, inflammatory and connective soft tissue appears in this image. Segment all instances.",880
pannuke_f3_0881,3,Prostate,Neoplastic;Connective_Soft_tissue,Identify neoplastic and connective soft tissue including all visible instances.,881
pannuke_f3_0882,3,Prostate,Neoplastic;Connective_Soft_tissue,Identify neoplastic and connective soft tissue nuclear characteristics.,882
pannuke_f3_0883,3,Prostate,Neoplastic;Connective_Soft_tissue,Mark visible neoplastic and connective soft tissue areas.,883
pannuke_f3_0884,3,Prostate,Neoplastic,Output neoplastic mask.,884
pannuke_f3_0885,3,Kidney,Neoplastic;Inflammatory;Connective_Soft_tissue,"Draw around neoplastic, inflammatory and connective soft tissue.",885
pannuke_f3_0886,3,Kidney,Neoplastic,Segment neoplastic in this microscopy image.,886
pannuke_f3_0887,3,Kidney,Neoplastic;Inflammatory,Segment all neoplastic and inflammatory regions.,887
pannuke_f3_0888,3,Kidney,Neoplastic;Inflammatory;Connective_Soft_tissue,"Distinguish all neoplastic, inflammatory and connective soft tissue areas.",888
pannuke_f3_0889,3,Kidney,Neoplastic;Inflammatory;Connective_Soft_tissue,"Identify present neoplastic, inflammatory and connective soft tissue cells.",889
pannuke_f3_0890,3,Stomach,Inflammatory;Connective_Soft_tissue,Segment the inflammatory and connective soft tissue cells.,890
pannuke_f3_0891,3,Stomach,Inflammatory;Connective_Soft_tissue,Map all inflammatory and connective soft tissue areas.,891
pannuke_f3_0892,3,Stomach,Inflammatory;Connective_Soft_tissue,Map inflammatory and connective soft tissue distribution.,892
pannuke_f3_0893,3,Stomach,Inflammatory;Connective_Soft_tissue,Segment inflammatory and connective soft tissue patterns in Stomach.,893
pannuke_f3_0894,3,Stomach,Inflammatory;Connective_Soft_tissue,Detect all inflammatory and connective soft tissue cells.,894
pannuke_f3_0895,3,Ovarian,Connective_Soft_tissue,Recognize the connective soft tissue tissue.,895
pannuke_f3_0896,3,Ovarian,Neoplastic;Connective_Soft_tissue,Segment neoplastic and connective soft tissue in this histology image.,896
pannuke_f3_0897,3,Ovarian,Neoplastic;Inflammatory;Connective_Soft_tissue,"Segment intratumoral neoplastic, inflammatory and connective soft tissue.",897
pannuke_f3_0898,3,Ovarian,Neoplastic;Inflammatory;Connective_Soft_tissue,"Mark cellular neoplastic, inflammatory and connective soft tissue regions.",898
pannuke_f3_0899,3,Esophagus,Neoplastic;Connective_Soft_tissue,Indicate where neoplastic and connective soft tissue is present.,899
pannuke_f3_0900,3,Esophagus,Neoplastic;Inflammatory,Target neoplastic and inflammatory cells.,900
pannuke_f3_0901,3,Esophagus,Neoplastic;Connective_Soft_tissue,Identify areas of neoplastic and connective soft tissue concentration.,901
pannuke_f3_0902,3,Esophagus,Neoplastic,Look for neoplastic in this slide.,902
pannuke_f3_0903,3,Esophagus,Neoplastic,Segment neoplastic to enable cell counting.,903
pannuke_f3_0904,3,Esophagus,Neoplastic,Recognize the neoplastic tissue.,904
pannuke_f3_0905,3,Esophagus,Neoplastic;Connective_Soft_tissue,Detect neoplastic and connective soft tissue in Esophagus histology.,905
pannuke_f3_0906,3,Esophagus,Neoplastic,Segment neoplastic in this tissue specimen.,906
pannuke_f3_0907,3,Esophagus,Neoplastic;Connective_Soft_tissue,Carefully segment all neoplastic and connective soft tissue regions visible in this histopathology image.,907
pannuke_f3_0908,3,Esophagus,Neoplastic,Outline neoplastic cells.,908
pannuke_f3_0909,3,Esophagus,Neoplastic;Connective_Soft_tissue,Look for neoplastic and connective soft tissue in this slide.,909
pannuke_f3_0910,3,Esophagus,Neoplastic,Identify visible neoplastic structures.,910
pannuke_f3_0911,3,Esophagus,Neoplastic;Inflammatory,Mark stromal neoplastic and inflammatory regions.,911
pannuke_f3_0912,3,Esophagus,Neoplastic,Recognize the neoplastic tissue.,912
pannuke_f3_0913,3,Esophagus,Neoplastic,Outline the neoplastic boundaries.,913
pannuke_f3_0914,3,Esophagus,Neoplastic,Identify neoplastic in this pathology slide.,914
pannuke_f3_0915,3,Esophagus,Neoplastic,"Shown this histology, mark neoplastic.",915
pannuke_f3_0916,3,Esophagus,Neoplastic,Annotate the neoplastic tissue.,916
pannuke_f3_0917,3,Esophagus,Neoplastic,Can you locate neoplastic?,917
pannuke_f3_0918,3,Esophagus,Connective_Soft_tissue,connective soft tissue is present in this slide. Segment it.,918
pannuke_f3_0919,3,Esophagus,Connective_Soft_tissue,Mark present connective soft tissue cells.,919
pannuke_f3_0920,3,Esophagus,Connective_Soft_tissue,Your task: segment connective soft tissue in this image.,920
pannuke_f3_0921,3,Esophagus,Connective_Soft_tissue,Spot the connective soft tissue regions.,921
pannuke_f3_0922,3,Esophagus,Connective_Soft_tissue,You should identify connective soft tissue.,922
pannuke_f3_0923,3,Esophagus,Connective_Soft_tissue,connective soft tissue can be seen. Identify and segment.,923
pannuke_f3_0924,3,Esophagus,Connective_Soft_tissue,Segment present connective soft tissue areas.,924
pannuke_f3_0925,3,Esophagus,Connective_Soft_tissue,Identify connective soft tissue spatial arrangement.,925
pannuke_f3_0926,3,Esophagus,Connective_Soft_tissue,Highlight present connective soft tissue tissue.,926
pannuke_f3_0927,3,Esophagus,Connective_Soft_tissue,Segment connective soft tissue for quantitative analysis.,927
pannuke_f3_0928,3,Esophagus,Connective_Soft_tissue,Locate the connective soft tissue regions.,928
pannuke_f3_0929,3,Lung,Neoplastic;Inflammatory;Connective_Soft_tissue;Dead,"Identify neoplastic, inflammatory, connective soft tissue and dead for diagnostic purposes.",929
pannuke_f3_0930,3,Lung,Neoplastic;Connective_Soft_tissue;Dead,"Segment any neoplastic, connective soft tissue and dead present.",930
pannuke_f3_0931,3,Lung,Neoplastic;Connective_Soft_tissue;Dead,"Map neoplastic, connective soft tissue and dead locations.",931
pannuke_f3_0932,3,Lung,Neoplastic;Connective_Soft_tissue;Dead,"Identify all neoplastic, connective soft tissue and dead regions.",932
pannuke_f3_0933,3,Lung,Neoplastic;Connective_Soft_tissue;Dead,"Identify the neoplastic, connective soft tissue and dead structures.",933
pannuke_f3_0934,3,Lung,Neoplastic;Connective_Soft_tissue;Dead,"Mark neoplastic, connective soft tissue and dead in this Lung specimen.",934
pannuke_f3_0935,3,Lung,Neoplastic;Connective_Soft_tissue;Dead,"Create segmentation of neoplastic, connective soft tissue and dead.",935
pannuke_f3_0936,3,Lung,Neoplastic;Connective_Soft_tissue;Dead,"Identify visible neoplastic, connective soft tissue and dead tissue.",936
pannuke_f3_0937,3,Lung,Neoplastic;Connective_Soft_tissue;Dead,"Segment clusters of neoplastic, connective soft tissue and dead.",937
pannuke_f3_0938,3,Lung,Neoplastic;Inflammatory;Connective_Soft_tissue;Dead,"Mark only neoplastic, inflammatory, connective soft tissue and dead regions.",938
pannuke_f3_0939,3,Lung,Neoplastic;Inflammatory;Connective_Soft_tissue;Dead,"Find neoplastic, inflammatory, connective soft tissue and dead in this Lung sample.",939
pannuke_f3_0940,3,Lung,Neoplastic;Connective_Soft_tissue;Dead,"Draw neoplastic, connective soft tissue and dead boundaries.",940
pannuke_f3_0941,3,Lung,Neoplastic;Connective_Soft_tissue;Dead,"Objective: identify neoplastic, connective soft tissue and dead regions.",941
pannuke_f3_0942,3,Lung,Neoplastic;Inflammatory;Connective_Soft_tissue;Dead,"Segment neoplastic, inflammatory, connective soft tissue and dead for quantitative analysis.",942
pannuke_f3_0943,3,Lung,Neoplastic;Inflammatory;Connective_Soft_tissue;Dead,"Detect visible neoplastic, inflammatory, connective soft tissue and dead.",943
pannuke_f3_0944,3,Lung,Neoplastic;Connective_Soft_tissue,Delineate neoplastic and connective soft tissue boundaries.,944
pannuke_f3_0945,3,Lung,Neoplastic;Connective_Soft_tissue,"In this Lung tissue, segment neoplastic and connective soft tissue.",945
pannuke_f3_0946,3,Lung,Neoplastic,Detect neoplastic in this slide.,946
pannuke_f3_0947,3,Lung,Neoplastic,Target class: neoplastic.,947
pannuke_f3_0948,3,Lung,Neoplastic,Which regions show neoplastic?,948
pannuke_f3_0949,3,Lung,Neoplastic;Connective_Soft_tissue,Delineate neoplastic and connective soft tissue for clinical evaluation.,949
pannuke_f3_0950,3,Lung,Neoplastic;Inflammatory;Connective_Soft_tissue,"Mark all neoplastic, inflammatory and connective soft tissue regions.",950
pannuke_f3_0951,3,Lung,Neoplastic;Connective_Soft_tissue,Segment the neoplastic and connective soft tissue cells.,951
pannuke_f3_0952,3,Lung,Neoplastic;Connective_Soft_tissue,Delineate all neoplastic and connective soft tissue regions.,952
pannuke_f3_0953,3,Lung,Neoplastic;Inflammatory;Connective_Soft_tissue,"Circle all neoplastic, inflammatory and connective soft tissue areas.",953
pannuke_f3_0954,3,Lung,Neoplastic,Generate mask for neoplastic.,954
pannuke_f3_0955,3,Lung,Neoplastic;Connective_Soft_tissue,Segment neoplastic and connective soft tissue for quantitative analysis.,955
pannuke_f3_0956,3,Uterus,Neoplastic;Connective_Soft_tissue,Identify all neoplastic and connective soft tissue structures.,956
pannuke_f3_0957,3,Uterus,Neoplastic;Inflammatory;Connective_Soft_tissue,"Mark visible neoplastic, inflammatory and connective soft tissue areas.",957
pannuke_f3_0958,3,Uterus,Neoplastic;Inflammatory;Connective_Soft_tissue,"Segment all neoplastic, inflammatory and connective soft tissue structures.",958
pannuke_f3_0959,3,Uterus,Neoplastic;Inflammatory;Connective_Soft_tissue,"Segment all neoplastic, inflammatory and connective soft tissue tissue.",959
pannuke_f3_0960,3,Uterus,Neoplastic;Inflammatory,Segment the neoplastic and inflammatory infiltration.,960
pannuke_f3_0961,3,Uterus,Neoplastic;Inflammatory,Identify neoplastic and inflammatory in this pathology slide.,961
pannuke_f3_0962,3,Uterus,Neoplastic,Indicate where neoplastic is present.,962
pannuke_f3_0963,3,Uterus,Neoplastic;Inflammatory;Connective_Soft_tissue,"Can you segment neoplastic, inflammatory and connective soft tissue?",963
pannuke_f3_0964,3,Uterus,Neoplastic;Inflammatory;Connective_Soft_tissue,"Given this pathology slide, segment neoplastic, inflammatory and connective soft tissue.",964
pannuke_f3_0965,3,Uterus,Neoplastic;Inflammatory;Connective_Soft_tissue,"Plot neoplastic, inflammatory and connective soft tissue locations.",965
pannuke_f3_0966,3,Uterus,Neoplastic;Inflammatory;Connective_Soft_tissue;Dead,"Segment the neoplastic, inflammatory, connective soft tissue and dead regions in the image.",966
pannuke_f3_0967,3,Uterus,Neoplastic;Connective_Soft_tissue,Segment the neoplastic and connective soft tissue nuclei.,967
pannuke_f3_0968,3,Uterus,Neoplastic,Purpose: delineate neoplastic boundaries.,968
pannuke_f3_0969,3,Uterus,Neoplastic;Connective_Soft_tissue,Show me the neoplastic and connective soft tissue regions.,969
pannuke_f3_0970,3,Uterus,Neoplastic;Connective_Soft_tissue;Dead,"Segment all neoplastic, connective soft tissue and dead in the field.",970
pannuke_f3_0971,3,Uterus,Neoplastic;Inflammatory;Connective_Soft_tissue;Dead,"Outline the neoplastic, inflammatory, connective soft tissue and dead boundaries.",971
pannuke_f3_0972,3,Uterus,Neoplastic;Inflammatory;Connective_Soft_tissue,"Map all neoplastic, inflammatory and connective soft tissue areas.",972
pannuke_f3_0973,3,Uterus,Neoplastic;Dead,Mark the neoplastic and dead areas.,973
pannuke_f3_0974,3,Uterus,Neoplastic;Inflammatory,Identify neoplastic and inflammatory in the tissue microenvironment.,974
pannuke_f3_0975,3,Uterus,Neoplastic;Inflammatory,Segment neoplastic and inflammatory membrane patterns.,975
pannuke_f3_0976,3,Uterus,Neoplastic;Inflammatory;Connective_Soft_tissue;Dead,"Consider only neoplastic, inflammatory, connective soft tissue and dead areas.",976
pannuke_f3_0977,3,Uterus,Neoplastic,Segment the neoplastic distribution.,977
pannuke_f3_0978,3,Uterus,Neoplastic;Connective_Soft_tissue;Dead,"neoplastic, connective soft tissue and dead can be seen. Identify and segment.",978
pannuke_f3_0979,3,Uterus,Neoplastic;Inflammatory;Connective_Soft_tissue;Dead,"Segment neoplastic, inflammatory, connective soft tissue and dead in the tumor stroma.",979
pannuke_f3_0980,3,Uterus,Neoplastic;Inflammatory;Dead,"Please find neoplastic, inflammatory and dead.",980
pannuke_f3_0981,3,Uterus,Neoplastic;Inflammatory,"Across the Uterus section, segment neoplastic and inflammatory.",981
pannuke_f3_0982,3,Uterus,Neoplastic,Delineate neoplastic for pattern recognition.,982
pannuke_f3_0983,3,Uterus,Neoplastic;Dead,Discern the neoplastic and dead from background.,983
pannuke_f3_0984,3,Uterus,Neoplastic;Inflammatory,Identify visible neoplastic and inflammatory areas.,984
pannuke_f3_0985,3,Uterus,Neoplastic;Connective_Soft_tissue;Dead,"Label all neoplastic, connective soft tissue and dead areas.",985
pannuke_f3_0986,3,Uterus,Neoplastic;Dead,neoplastic and dead appears in this image. Segment all instances.,986
pannuke_f3_0987,3,Uterus,Neoplastic;Inflammatory;Connective_Soft_tissue;Dead,"Mark neoplastic, inflammatory, connective soft tissue and dead in this Uterus specimen.",987
pannuke_f3_0988,3,Uterus,Neoplastic;Dead,This Uterus slide shows neoplastic and dead. Segment it.,988
pannuke_f3_0989,3,Uterus,Neoplastic;Inflammatory,Please highlight neoplastic and inflammatory.,989
pannuke_f3_0990,3,Uterus,Neoplastic;Dead,Search for neoplastic and dead regions.,990
pannuke_f3_0991,3,Uterus,Neoplastic;Inflammatory,Can you segment neoplastic and inflammatory?,991
pannuke_f3_0992,3,Uterus,Neoplastic;Connective_Soft_tissue;Dead,"Mark neoplastic, connective soft tissue and dead distribution pattern.",992
pannuke_f3_0993,3,Uterus,Neoplastic;Dead,The objective is to mark neoplastic and dead.,993
pannuke_f3_0994,3,Uterus,Neoplastic;Dead,"Within Uterus tissue, annotate neoplastic and dead.",994
pannuke_f3_0995,3,Uterus,Neoplastic;Inflammatory;Dead,"Delineate neoplastic, inflammatory and dead for pattern recognition.",995
pannuke_f3_0996,3,Uterus,Neoplastic;Inflammatory;Connective_Soft_tissue,"Output neoplastic, inflammatory and connective soft tissue mask.",996
pannuke_f3_0997,3,Uterus,Neoplastic;Dead,Objective: identify neoplastic and dead regions.,997
pannuke_f3_0998,3,Uterus,Neoplastic;Inflammatory;Dead,"Segment visible neoplastic, inflammatory and dead.",998
pannuke_f3_0999,3,Uterus,Neoplastic,Label neoplastic in this Uterus section.,999
pannuke_f3_1000,3,Uterus,Neoplastic;Dead,Highlight the neoplastic and dead regions.,1000
pannuke_f3_1001,3,Uterus,Neoplastic;Dead,Recognize the neoplastic and dead tissue.,1001
pannuke_f3_1002,3,Uterus,Neoplastic;Inflammatory,Extract neoplastic and inflammatory cell boundaries.,1002
pannuke_f3_1003,3,Uterus,Neoplastic;Inflammatory;Dead,"Identify neoplastic, inflammatory and dead tissue regions.",1003
pannuke_f3_1004,3,Uterus,Neoplastic;Inflammatory;Connective_Soft_tissue,"Segment present neoplastic, inflammatory and connective soft tissue areas.",1004
pannuke_f3_1005,3,Uterus,Neoplastic;Inflammatory;Connective_Soft_tissue,"neoplastic, inflammatory and connective soft tissue can be seen. Identify and segment.",1005
pannuke_f3_1006,3,Uterus,Neoplastic;Inflammatory;Connective_Soft_tissue,"Segment the neoplastic, inflammatory and connective soft tissue regions.",1006
pannuke_f3_1007,3,Uterus,Inflammatory;Connective_Soft_tissue;Epithelial,"Segment the entire inflammatory, connective soft tissue and epithelial population.",1007
pannuke_f3_1008,3,Thyroid,Neoplastic;Inflammatory;Connective_Soft_tissue,"Across the Thyroid section, segment neoplastic, inflammatory and connective soft tissue.",1008
pannuke_f3_1009,3,Thyroid,Neoplastic;Connective_Soft_tissue,Isolate neoplastic and connective soft tissue from background.,1009
pannuke_f3_1010,3,Thyroid,Neoplastic;Inflammatory;Connective_Soft_tissue,"Extract all neoplastic, inflammatory and connective soft tissue areas.",1010
pannuke_f3_1011,3,Thyroid,Neoplastic;Inflammatory;Connective_Soft_tissue,"Examine neoplastic, inflammatory and connective soft tissue distribution.",1011
pannuke_f3_1012,3,Thyroid,Inflammatory;Connective_Soft_tissue,What areas show inflammatory and connective soft tissue?,1012
pannuke_f3_1013,3,Thyroid,Inflammatory;Connective_Soft_tissue,"Observing this sample, delineate inflammatory and connective soft tissue.",1013
pannuke_f3_1014,3,Thyroid,Neoplastic;Inflammatory;Connective_Soft_tissue,"Mark neoplastic, inflammatory and connective soft tissue cells in this Thyroid sample.",1014
pannuke_f3_1015,3,Thyroid,Inflammatory;Connective_Soft_tissue,Mark stromal inflammatory and connective soft tissue regions.,1015
pannuke_f3_1016,3,Thyroid,,,1016
pannuke_f3_1017,3,Skin,Neoplastic;Connective_Soft_tissue,Can you locate neoplastic and connective soft tissue?,1017
pannuke_f3_1018,3,Skin,Inflammatory;Connective_Soft_tissue,Highlight inflammatory and connective soft tissue in this image.,1018
pannuke_f3_1019,3,Skin,Inflammatory;Connective_Soft_tissue,Isolate inflammatory and connective soft tissue from background.,1019
pannuke_f3_1020,3,Skin,Connective_Soft_tissue;Epithelial,"Within the Skin, identify connective soft tissue and epithelial.",1020
pannuke_f3_1021,3,Skin,Epithelial,"Examining this slide, mark all epithelial regions.",1021
pannuke_f3_1022,3,Cervix,Epithelial,Segment the epithelial distribution.,1022
pannuke_f3_1023,3,Cervix,Epithelial,"Examining this slide, mark all epithelial regions.",1023
pannuke_f3_1024,3,Cervix,Epithelial,Develop a precise map of epithelial distribution.,1024
pannuke_f3_1025,3,Cervix,Epithelial,Mark epithelial adjacent to epithelium.,1025
pannuke_f3_1026,3,Cervix,Inflammatory;Connective_Soft_tissue;Epithelial,"Partition inflammatory, connective soft tissue and epithelial regions.",1026
pannuke_f3_1027,3,Cervix,Inflammatory;Connective_Soft_tissue,Delineate all inflammatory and connective soft tissue tissue.,1027
pannuke_f3_1028,3,Cervix,Inflammatory;Connective_Soft_tissue;Epithelial,"Identify inflammatory, connective soft tissue and epithelial features in Cervix.",1028
pannuke_f3_1029,3,Cervix,Inflammatory;Connective_Soft_tissue,Analyze inflammatory and connective soft tissue presence.,1029
pannuke_f3_1030,3,Thyroid,Inflammatory;Connective_Soft_tissue,Spot the inflammatory and connective soft tissue tissue.,1030
pannuke_f3_1031,3,Thyroid,Inflammatory;Connective_Soft_tissue,Trace the inflammatory and connective soft tissue regions.,1031
pannuke_f3_1032,3,Thyroid,Inflammatory;Connective_Soft_tissue,Outline inflammatory and connective soft tissue architectural patterns.,1032
pannuke_f3_1033,3,Thyroid,Connective_Soft_tissue,Define connective soft tissue extent.,1033
pannuke_f3_1034,3,Thyroid,Connective_Soft_tissue,Locate the connective soft tissue regions.,1034
pannuke_f3_1035,3,Thyroid,Connective_Soft_tissue,Spot all connective soft tissue areas.,1035
pannuke_f3_1036,3,Thyroid,Inflammatory;Connective_Soft_tissue,Mark stromal inflammatory and connective soft tissue regions.,1036
pannuke_f3_1037,3,Thyroid,Connective_Soft_tissue,Discern the connective soft tissue regions.,1037
pannuke_f3_1038,3,Thyroid,Neoplastic;Connective_Soft_tissue,Mark neoplastic and connective soft tissue cellular infiltration.,1038
pannuke_f3_1039,3,Thyroid,Inflammatory;Connective_Soft_tissue,Segment the inflammatory and connective soft tissue nuclei.,1039
pannuke_f3_1040,3,Thyroid,Neoplastic;Connective_Soft_tissue,Identify visible neoplastic and connective soft tissue.,1040
pannuke_f3_1041,3,Thyroid,Connective_Soft_tissue,Segment visible connective soft tissue structures.,1041
pannuke_f3_1042,3,Thyroid,Neoplastic;Inflammatory;Connective_Soft_tissue,"What areas show neoplastic, inflammatory and connective soft tissue?",1042
pannuke_f3_1043,3,Esophagus,Connective_Soft_tissue,Map all connective soft tissue areas.,1043
pannuke_f3_1044,3,Esophagus,Connective_Soft_tissue,Highlight present connective soft tissue structures.,1044
pannuke_f3_1045,3,Esophagus,Connective_Soft_tissue,Delineate connective soft tissue in Esophagus pathology.,1045
pannuke_f3_1046,3,Esophagus,Connective_Soft_tissue,Label connective soft tissue in this Esophagus section.,1046
pannuke_f3_1047,3,Esophagus,Connective_Soft_tissue,Mark the connective soft tissue regions.,1047
pannuke_f3_1048,3,Esophagus,Connective_Soft_tissue,Mark connective soft tissue cellular infiltration.,1048
pannuke_f3_1049,3,Esophagus,Connective_Soft_tissue,Locate connective soft tissue in Esophagus tissue.,1049
pannuke_f3_1050,3,Esophagus,Connective_Soft_tissue,Identify connective soft tissue regions in the Esophagus.,1050
pannuke_f3_1051,3,Esophagus,Connective_Soft_tissue,"Given this Esophagus sample, mark connective soft tissue regions.",1051
pannuke_f3_1052,3,Esophagus,Inflammatory;Connective_Soft_tissue,"Observing this sample, delineate inflammatory and connective soft tissue.",1052
pannuke_f3_1053,3,Esophagus,Connective_Soft_tissue,Segment visible connective soft tissue cells.,1053
pannuke_f3_1054,3,Esophagus,Connective_Soft_tissue,connective soft tissue can be seen. Identify and segment.,1054
pannuke_f3_1055,3,Esophagus,Connective_Soft_tissue,Which areas contain connective soft tissue?,1055
pannuke_f3_1056,3,Esophagus,Connective_Soft_tissue,Output connective soft tissue mask.,1056
pannuke_f3_1057,3,Esophagus,Neoplastic;Connective_Soft_tissue,Locate the neoplastic and connective soft tissue regions.,1057
pannuke_f3_1058,3,Esophagus,Neoplastic;Connective_Soft_tissue,"On this Esophagus image, highlight neoplastic and connective soft tissue.",1058
pannuke_f3_1059,3,Esophagus,Neoplastic,The sample contains neoplastic. Delineate the regions.,1059
pannuke_f3_1060,3,Esophagus,Neoplastic;Connective_Soft_tissue,Provide neoplastic and connective soft tissue segmentation.,1060
pannuke_f3_1061,3,Esophagus,Neoplastic;Connective_Soft_tissue,Consider only neoplastic and connective soft tissue areas.,1061
pannuke_f3_1062,3,Esophagus,Neoplastic;Inflammatory;Connective_Soft_tissue;Dead,"Spot neoplastic, inflammatory, connective soft tissue and dead cells.",1062
pannuke_f3_1063,3,Esophagus,Neoplastic;Inflammatory;Connective_Soft_tissue,"Can you segment neoplastic, inflammatory and connective soft tissue?",1063
pannuke_f3_1064,3,Esophagus,Neoplastic;Connective_Soft_tissue,Mark neoplastic and connective soft tissue lesion areas.,1064
pannuke_f3_1065,3,Esophagus,Neoplastic,Identify present neoplastic areas.,1065
pannuke_f3_1066,3,Esophagus,Neoplastic;Connective_Soft_tissue,"For this Esophagus biopsy, segment neoplastic and connective soft tissue areas.",1066
pannuke_f3_1067,3,Esophagus,Neoplastic;Connective_Soft_tissue,Segment neoplastic and connective soft tissue in this Esophagus tissue.,1067
pannuke_f3_1068,3,Esophagus,Neoplastic;Connective_Soft_tissue,Delineate visible neoplastic and connective soft tissue tissue.,1068
pannuke_f3_1069,3,Esophagus,Neoplastic;Connective_Soft_tissue,Mark present neoplastic and connective soft tissue structures.,1069
pannuke_f3_1070,3,Esophagus,Neoplastic;Connective_Soft_tissue,Segment the neoplastic and connective soft tissue cell population.,1070
pannuke_f3_1071,3,Esophagus,Neoplastic;Connective_Soft_tissue,Mark visible neoplastic and connective soft tissue tissue.,1071
pannuke_f3_1072,3,Esophagus,Neoplastic;Inflammatory;Connective_Soft_tissue;Dead,"Delineate all neoplastic, inflammatory, connective soft tissue and dead.",1072
pannuke_f3_1073,3,Esophagus,Neoplastic;Connective_Soft_tissue,This image contains neoplastic and connective soft tissue. Segment it.,1073
pannuke_f3_1074,3,Esophagus,Neoplastic;Connective_Soft_tissue;Dead,"Develop a precise map of neoplastic, connective soft tissue and dead distribution.",1074
pannuke_f3_1075,3,Esophagus,Neoplastic;Inflammatory;Connective_Soft_tissue,"Carefully segment all neoplastic, inflammatory and connective soft tissue regions visible in this histopathology image.",1075
pannuke_f3_1076,3,Cervix,,,1076
pannuke_f3_1077,3,Cervix,Inflammatory,Detect visible inflammatory.,1077
pannuke_f3_1078,3,Cervix,,,1078
pannuke_f3_1079,3,Cervix,,,1079
pannuke_f3_1080,3,Cervix,Inflammatory,Which parts have inflammatory?,1080
pannuke_f3_1081,3,Cervix,Inflammatory,Segment all inflammatory structures.,1081
pannuke_f3_1082,3,Cervix,Inflammatory,Discern visible inflammatory.,1082
pannuke_f3_1083,3,Cervix,,,1083
pannuke_f3_1084,3,Cervix,Inflammatory,Mark all inflammatory structures.,1084
pannuke_f3_1085,3,Cervix,,,1085
pannuke_f3_1086,3,Cervix,Inflammatory,Segment inflammatory for pathological assessment.,1086
pannuke_f3_1087,3,Cervix,Inflammatory;Connective_Soft_tissue,Produce a detailed outline of inflammatory and connective soft tissue structures.,1087
pannuke_f3_1088,3,Cervix,,,1088
pannuke_f3_1089,3,Cervix,Inflammatory,Identify inflammatory chromatin patterns.,1089
pannuke_f3_1090,3,Cervix,Inflammatory,Identify all inflammatory areas.,1090
pannuke_f3_1091,3,Cervix,Inflammatory;Connective_Soft_tissue,Mark inflammatory and connective soft tissue cytoplasmic features.,1091
pannuke_f3_1092,3,Cervix,Inflammatory,Mark inflammatory ensuring complete coverage of affected areas.,1092
pannuke_f3_1093,3,Adrenal_gland,Neoplastic;Connective_Soft_tissue,Target neoplastic and connective soft tissue in this image.,1093
pannuke_f3_1094,3,Adrenal_gland,Neoplastic;Inflammatory;Connective_Soft_tissue,"Segment neoplastic, inflammatory and connective soft tissue in this Adrenal gland tissue.",1094
pannuke_f3_1095,3,Adrenal_gland,Neoplastic;Inflammatory;Connective_Soft_tissue,"Outline neoplastic, inflammatory and connective soft tissue in the Adrenal gland image.",1095
pannuke_f3_1096,3,Adrenal_gland,Neoplastic;Connective_Soft_tissue,Detect and segment neoplastic and connective soft tissue areas.,1096
pannuke_f3_1097,3,Adrenal_gland,Neoplastic;Connective_Soft_tissue,Objective: identify neoplastic and connective soft tissue regions.,1097
pannuke_f3_1098,3,Adrenal_gland,Neoplastic;Inflammatory;Connective_Soft_tissue,"Indicate where neoplastic, inflammatory and connective soft tissue is present.",1098
pannuke_f3_1099,3,Adrenal_gland,Neoplastic;Inflammatory;Connective_Soft_tissue,"Draw neoplastic, inflammatory and connective soft tissue outlines.",1099
pannuke_f3_1100,3,Adrenal_gland,Neoplastic;Connective_Soft_tissue,Delineate visible neoplastic and connective soft tissue areas.,1100
pannuke_f3_1101,3,Adrenal_gland,Neoplastic;Connective_Soft_tissue,Sketch neoplastic and connective soft tissue regions.,1101
pannuke_f3_1102,3,Adrenal_gland,Neoplastic;Connective_Soft_tissue,"For Adrenal gland pathology, outline neoplastic and connective soft tissue.",1102
pannuke_f3_1103,3,Adrenal_gland,Neoplastic;Inflammatory;Connective_Soft_tissue,"Identify the neoplastic, inflammatory and connective soft tissue structures.",1103
pannuke_f3_1104,3,Adrenal_gland,Neoplastic;Connective_Soft_tissue,Assess neoplastic and connective soft tissue regions.,1104
pannuke_f3_1105,3,Adrenal_gland,Neoplastic;Connective_Soft_tissue,Isolate neoplastic and connective soft tissue cells.,1105
pannuke_f3_1106,3,Adrenal_gland,Neoplastic;Inflammatory,Study this Adrenal gland section and mark neoplastic and inflammatory.,1106
pannuke_f3_1107,3,Adrenal_gland,Neoplastic;Inflammatory;Connective_Soft_tissue,"Point out all neoplastic, inflammatory and connective soft tissue.",1107
pannuke_f3_1108,3,Adrenal_gland,Neoplastic;Connective_Soft_tissue,Document neoplastic and connective soft tissue in this Adrenal gland sample.,1108
pannuke_f3_1109,3,Adrenal_gland,Neoplastic;Connective_Soft_tissue,Separate neoplastic and connective soft tissue regions.,1109
pannuke_f3_1110,3,Adrenal_gland,Neoplastic;Connective_Soft_tissue,Indicate neoplastic and connective soft tissue areas.,1110
pannuke_f3_1111,3,Adrenal_gland,Neoplastic;Connective_Soft_tissue,Detect visible neoplastic and connective soft tissue.,1111
pannuke_f3_1112,3,Adrenal_gland,Neoplastic;Inflammatory,Label neoplastic and inflammatory cells.,1112
pannuke_f3_1113,3,Adrenal_gland,Neoplastic;Connective_Soft_tissue,Identify the neoplastic and connective soft tissue regions.,1113
pannuke_f3_1114,3,Adrenal_gland,Neoplastic;Connective_Soft_tissue,Delineate visible neoplastic and connective soft tissue regions.,1114
pannuke_f3_1115,3,Adrenal_gland,Neoplastic;Connective_Soft_tissue,Delineate neoplastic and connective soft tissue for pattern recognition.,1115
pannuke_f3_1116,3,Adrenal_gland,Neoplastic;Connective_Soft_tissue,Study this Adrenal gland section and mark neoplastic and connective soft tissue.,1116
pannuke_f3_1117,3,Adrenal_gland,Neoplastic;Connective_Soft_tissue,"For this Adrenal gland sample, mark neoplastic and connective soft tissue.",1117
pannuke_f3_1118,3,Adrenal_gland,Neoplastic;Connective_Soft_tissue,Spot the neoplastic and connective soft tissue tissue.,1118
pannuke_f3_1119,3,Adrenal_gland,Neoplastic;Connective_Soft_tissue,Objective: identify neoplastic and connective soft tissue regions.,1119
pannuke_f3_1120,3,Adrenal_gland,Neoplastic;Inflammatory;Connective_Soft_tissue,"Highlight all neoplastic, inflammatory and connective soft tissue regions.",1120
pannuke_f3_1121,3,Adrenal_gland,Neoplastic;Connective_Soft_tissue,Goal: mark all neoplastic and connective soft tissue cells.,1121
pannuke_f3_1122,3,Adrenal_gland,Neoplastic;Connective_Soft_tissue,Point out all neoplastic and connective soft tissue.,1122
pannuke_f3_1123,3,Adrenal_gland,Neoplastic;Connective_Soft_tissue,Segment visible neoplastic and connective soft tissue areas.,1123
pannuke_f3_1124,3,Adrenal_gland,Neoplastic,Find and segment neoplastic regions.,1124
pannuke_f3_1125,3,Adrenal_gland,Neoplastic;Connective_Soft_tissue,Focus on neoplastic and connective soft tissue in this image.,1125
pannuke_f3_1126,3,Adrenal_gland,Neoplastic,Identify the neoplastic structures.,1126
pannuke_f3_1127,3,Adrenal_gland,Neoplastic,Circle the neoplastic regions.,1127
pannuke_f3_1128,3,Adrenal_gland,Neoplastic;Connective_Soft_tissue,Show me neoplastic and connective soft tissue cells.,1128
pannuke_f3_1129,3,Adrenal_gland,Neoplastic,Highlight visible neoplastic areas.,1129
pannuke_f3_1130,3,Adrenal_gland,Neoplastic,Mark the pathological neoplastic regions.,1130
pannuke_f3_1131,3,Adrenal_gland,Neoplastic;Connective_Soft_tissue,Provide mask for neoplastic and connective soft tissue.,1131
pannuke_f3_1132,3,Adrenal_gland,Neoplastic,Output neoplastic regions.,1132
pannuke_f3_1133,3,Adrenal_gland,Neoplastic;Connective_Soft_tissue,Segment foci of neoplastic and connective soft tissue.,1133
pannuke_f3_1134,3,Adrenal_gland,Neoplastic;Connective_Soft_tissue,Define neoplastic and connective soft tissue regions.,1134
pannuke_f3_1135,3,Adrenal_gland,Neoplastic;Connective_Soft_tissue,Delineate visible neoplastic and connective soft tissue structures.,1135
pannuke_f3_1136,3,Adrenal_gland,Neoplastic;Connective_Soft_tissue,Outline neoplastic and connective soft tissue in the Adrenal gland image.,1136
pannuke_f3_1137,3,Adrenal_gland,Neoplastic;Connective_Soft_tissue,Annotate neoplastic and connective soft tissue in Adrenal gland microscopy.,1137
pannuke_f3_1138,3,Adrenal_gland,Neoplastic,Detect the neoplastic regions.,1138
pannuke_f3_1139,3,Adrenal_gland,Neoplastic;Connective_Soft_tissue,Target neoplastic and connective soft tissue cells.,1139
pannuke_f3_1140,3,Adrenal_gland,Neoplastic;Connective_Soft_tissue,Search for neoplastic and connective soft tissue regions.,1140
pannuke_f3_1141,3,Adrenal_gland,Neoplastic,Mark neoplastic structures in Adrenal gland.,1141
pannuke_f3_1142,3,Adrenal_gland,Neoplastic;Connective_Soft_tissue,Identify neoplastic and connective soft tissue in Adrenal gland histology.,1142
pannuke_f3_1143,3,Adrenal_gland,Neoplastic;Inflammatory,"Given this pathology slide, segment neoplastic and inflammatory.",1143
pannuke_f3_1144,3,Adrenal_gland,Neoplastic,Mark neoplastic structures in Adrenal gland.,1144
pannuke_f3_1145,3,Adrenal_gland,Neoplastic;Connective_Soft_tissue,Outline neoplastic and connective soft tissue in the Adrenal gland image.,1145
pannuke_f3_1146,3,Adrenal_gland,Neoplastic,Highlight neoplastic in this image.,1146
pannuke_f3_1147,3,Adrenal_gland,Neoplastic,Delineate neoplastic for pattern recognition.,1147
pannuke_f3_1148,3,Esophagus,Neoplastic,Highlight present neoplastic areas.,1148
pannuke_f3_1149,3,Esophagus,Neoplastic;Connective_Soft_tissue,Locate neoplastic and connective soft tissue in this slide.,1149
pannuke_f3_1150,3,Esophagus,Neoplastic;Inflammatory,"Viewing this section, segment neoplastic and inflammatory.",1150
pannuke_f3_1151,3,Esophagus,Neoplastic;Connective_Soft_tissue,Show me all neoplastic and connective soft tissue.,1151
pannuke_f3_1152,3,Esophagus,Neoplastic,Mark neoplastic ensuring complete coverage of affected areas.,1152
pannuke_f3_1153,3,Esophagus,Neoplastic;Connective_Soft_tissue,Identify all neoplastic and connective soft tissue areas.,1153
pannuke_f3_1154,3,Esophagus,Neoplastic;Inflammatory;Connective_Soft_tissue,"Highlight neoplastic, inflammatory and connective soft tissue in this Esophagus slide.",1154
pannuke_f3_1155,3,Esophagus,Neoplastic,Provide mask for neoplastic.,1155
pannuke_f3_1156,3,Esophagus,Neoplastic;Connective_Soft_tissue,Partition neoplastic and connective soft tissue regions.,1156
pannuke_f3_1157,3,Esophagus,Neoplastic,Mark present neoplastic tissue.,1157
pannuke_f3_1158,3,Esophagus,Neoplastic;Inflammatory,neoplastic and inflammatory is evident. Highlight the areas.,1158
pannuke_f3_1159,3,Esophagus,Neoplastic;Connective_Soft_tissue,Segment regions with neoplastic and connective soft tissue.,1159
pannuke_f3_1160,3,Esophagus,Neoplastic;Connective_Soft_tissue,Where is neoplastic and connective soft tissue located?,1160
pannuke_f3_1161,3,Esophagus,Neoplastic;Inflammatory,Point out the neoplastic and inflammatory regions.,1161
pannuke_f3_1162,3,Esophagus,Neoplastic,Mark all neoplastic areas.,1162
pannuke_f3_1163,3,Esophagus,Connective_Soft_tissue,What regions contain connective soft tissue?,1163
pannuke_f3_1164,3,Esophagus,Connective_Soft_tissue,Spot connective soft tissue cells.,1164
pannuke_f3_1165,3,Esophagus,Inflammatory;Connective_Soft_tissue;Epithelial,"Trace all inflammatory, connective soft tissue and epithelial areas.",1165
pannuke_f3_1166,3,Esophagus,Inflammatory;Connective_Soft_tissue;Epithelial,"Spot the inflammatory, connective soft tissue and epithelial tissue.",1166
pannuke_f3_1167,3,Esophagus,Inflammatory;Connective_Soft_tissue;Epithelial,"Identify present inflammatory, connective soft tissue and epithelial tissue.",1167
pannuke_f3_1168,3,Esophagus,Inflammatory;Connective_Soft_tissue;Epithelial,"Which structures are inflammatory, connective soft tissue and epithelial?",1168
pannuke_f3_1169,3,Esophagus,Connective_Soft_tissue;Epithelial,Map the connective soft tissue and epithelial regions.,1169
pannuke_f3_1170,3,Esophagus,Connective_Soft_tissue,Segment visible connective soft tissue.,1170
pannuke_f3_1171,3,Esophagus,Neoplastic;Connective_Soft_tissue,Identify present neoplastic and connective soft tissue cells.,1171
pannuke_f3_1172,3,Esophagus,Neoplastic;Connective_Soft_tissue,Show me neoplastic and connective soft tissue cells.,1172
pannuke_f3_1173,3,Esophagus,Neoplastic,Recognize neoplastic in Esophagus pathology.,1173
pannuke_f3_1174,3,Esophagus,Neoplastic,Identify neoplastic nuclear characteristics.,1174
pannuke_f3_1175,3,Esophagus,Neoplastic,Find the neoplastic regions.,1175
pannuke_f3_1176,3,Esophagus,Neoplastic;Connective_Soft_tissue,Segment extent of neoplastic and connective soft tissue.,1176
pannuke_f3_1177,3,Esophagus,Neoplastic,What regions contain neoplastic?,1177
pannuke_f3_1178,3,Esophagus,Neoplastic;Connective_Soft_tissue,Please segment neoplastic and connective soft tissue tissue.,1178
pannuke_f3_1179,3,Esophagus,Neoplastic;Inflammatory;Connective_Soft_tissue,"Where is neoplastic, inflammatory and connective soft tissue located?",1179
pannuke_f3_1180,3,Esophagus,Neoplastic;Connective_Soft_tissue,Spot visible neoplastic and connective soft tissue.,1180
pannuke_f3_1181,3,Esophagus,Neoplastic;Connective_Soft_tissue,Segment the neoplastic and connective soft tissue cells.,1181
pannuke_f3_1182,3,Esophagus,Neoplastic;Connective_Soft_tissue,Isolate neoplastic and connective soft tissue cells.,1182
pannuke_f3_1183,3,Esophagus,Neoplastic;Inflammatory;Connective_Soft_tissue,"Show me the neoplastic, inflammatory and connective soft tissue areas.",1183
pannuke_f3_1184,3,Esophagus,Neoplastic;Connective_Soft_tissue,Delineate visible neoplastic and connective soft tissue cells.,1184
pannuke_f3_1185,3,Esophagus,Neoplastic,Segment neoplastic for feature extraction.,1185
pannuke_f3_1186,3,Adrenal_gland,Connective_Soft_tissue;Epithelial,Show me all connective soft tissue and epithelial.,1186
pannuke_f3_1187,3,Adrenal_gland,Inflammatory;Connective_Soft_tissue;Epithelial,"Highlight all inflammatory, connective soft tissue and epithelial structures.",1187
pannuke_f3_1188,3,Adrenal_gland,Connective_Soft_tissue;Epithelial,Show me connective soft tissue and epithelial cells.,1188
pannuke_f3_1189,3,Adrenal_gland,Inflammatory;Connective_Soft_tissue;Epithelial,"Segment inflammatory, connective soft tissue and epithelial in relation to stroma.",1189
pannuke_f3_1190,3,Adrenal_gland,Connective_Soft_tissue;Epithelial,Chart connective soft tissue and epithelial distribution.,1190
pannuke_f3_1191,3,Adrenal_gland,Connective_Soft_tissue;Epithelial,You need to segment connective soft tissue and epithelial.,1191
pannuke_f3_1192,3,Adrenal_gland,Inflammatory;Connective_Soft_tissue;Epithelial,"Indicate the inflammatory, connective soft tissue and epithelial regions.",1192
pannuke_f3_1193,3,Adrenal_gland,Connective_Soft_tissue;Epithelial,Isolate connective soft tissue and epithelial regions.,1193
pannuke_f3_1194,3,Adrenal_gland,Connective_Soft_tissue;Epithelial,Segment the connective soft tissue and epithelial tissue regions.,1194
pannuke_f3_1195,3,Adrenal_gland,Inflammatory;Connective_Soft_tissue;Epithelial,"Label visible inflammatory, connective soft tissue and epithelial.",1195
pannuke_f3_1196,3,Adrenal_gland,Connective_Soft_tissue;Epithelial,Draw connective soft tissue and epithelial outlines.,1196
pannuke_f3_1197,3,Adrenal_gland,Connective_Soft_tissue;Epithelial,Identify connective soft tissue and epithelial abnormalities.,1197
pannuke_f3_1198,3,Adrenal_gland,Connective_Soft_tissue;Epithelial,Detect all connective soft tissue and epithelial cells.,1198
pannuke_f3_1199,3,Adrenal_gland,Connective_Soft_tissue;Epithelial,Circle connective soft tissue and epithelial cells.,1199
pannuke_f3_1200,3,Adrenal_gland,Inflammatory;Connective_Soft_tissue;Epithelial,"Locate inflammatory, connective soft tissue and epithelial in Adrenal gland tissue.",1200
pannuke_f3_1201,3,Adrenal_gland,Inflammatory;Connective_Soft_tissue;Epithelial,"Delineate inflammatory, connective soft tissue and epithelial for pattern recognition.",1201
pannuke_f3_1202,3,Adrenal_gland,Inflammatory;Connective_Soft_tissue;Epithelial,"Segment the inflammatory, connective soft tissue and epithelial infiltration.",1202
pannuke_f3_1203,3,Adrenal_gland,Inflammatory;Connective_Soft_tissue;Epithelial,"Mark all inflammatory, connective soft tissue and epithelial cells.",1203
pannuke_f3_1204,3,Pancreatic,Inflammatory;Connective_Soft_tissue;Epithelial,"Segment inflammatory, connective soft tissue and epithelial phenotypic features.",1204
pannuke_f3_1205,3,Pancreatic,Inflammatory;Connective_Soft_tissue;Epithelial,"Mark all inflammatory, connective soft tissue and epithelial cells.",1205
pannuke_f3_1206,3,Pancreatic,Inflammatory;Connective_Soft_tissue;Epithelial,"Mark inflammatory, connective soft tissue and epithelial in this slide.",1206
pannuke_f3_1207,3,Pancreatic,Inflammatory;Connective_Soft_tissue,Point out visible inflammatory and connective soft tissue.,1207
pannuke_f3_1208,3,Pancreatic,Inflammatory;Connective_Soft_tissue,Identify only inflammatory and connective soft tissue cells.,1208
pannuke_f3_1209,3,Pancreatic,Connective_Soft_tissue,Identify connective soft tissue tissue regions.,1209
pannuke_f3_1210,3,Pancreatic,Inflammatory;Connective_Soft_tissue,Mark all inflammatory and connective soft tissue regions.,1210
pannuke_f3_1211,3,Pancreatic,Neoplastic;Inflammatory;Connective_Soft_tissue,"Delineate visible neoplastic, inflammatory and connective soft tissue areas.",1211
pannuke_f3_1212,3,Adrenal_gland,Neoplastic;Inflammatory;Connective_Soft_tissue,"Identify parenchymal neoplastic, inflammatory and connective soft tissue.",1212
pannuke_f3_1213,3,Adrenal_gland,Neoplastic;Inflammatory;Connective_Soft_tissue,"Detect the neoplastic, inflammatory and connective soft tissue regions.",1213
pannuke_f3_1214,3,Adrenal_gland,Neoplastic,Define neoplastic regions.,1214
pannuke_f3_1215,3,Adrenal_gland,Neoplastic;Inflammatory,"In the Adrenal gland section, locate neoplastic and inflammatory.",1215
pannuke_f3_1216,3,Adrenal_gland,Neoplastic;Inflammatory;Connective_Soft_tissue,"Identify visible neoplastic, inflammatory and connective soft tissue cells.",1216
pannuke_f3_1217,3,Adrenal_gland,Neoplastic;Inflammatory,Mark neoplastic and inflammatory lesion areas.,1217
pannuke_f3_1218,3,Adrenal_gland,Neoplastic;Connective_Soft_tissue,Delineate present neoplastic and connective soft tissue areas.,1218
pannuke_f3_1219,3,Adrenal_gland,Neoplastic;Connective_Soft_tissue,Discern neoplastic and connective soft tissue cells.,1219
pannuke_f3_1220,3,Adrenal_gland,Neoplastic,Recognize the neoplastic tissue.,1220
pannuke_f3_1221,3,Adrenal_gland,Neoplastic;Inflammatory;Connective_Soft_tissue,"Examine this Adrenal gland tissue for neoplastic, inflammatory and connective soft tissue.",1221
pannuke_f3_1222,3,Adrenal_gland,Neoplastic,Concentrate on neoplastic regions.,1222
pannuke_f3_1223,3,Adrenal_gland,Neoplastic;Inflammatory,Circle the neoplastic and inflammatory regions.,1223
pannuke_f3_1224,3,Cervix,Neoplastic;Inflammatory,"For Cervix pathology, outline neoplastic and inflammatory.",1224
pannuke_f3_1225,3,Cervix,Neoplastic;Inflammatory,Mark foci of neoplastic and inflammatory activity.,1225
pannuke_f3_1226,3,Cervix,Neoplastic;Inflammatory,Outline neoplastic and inflammatory areas.,1226
pannuke_f3_1227,3,Cervix,Neoplastic;Inflammatory;Connective_Soft_tissue,"Identify neoplastic, inflammatory and connective soft tissue components.",1227
pannuke_f3_1228,3,Cervix,Neoplastic;Inflammatory;Connective_Soft_tissue,"Mark the neoplastic, inflammatory and connective soft tissue tissue compartment.",1228
pannuke_f3_1229,3,Cervix,Neoplastic;Inflammatory;Connective_Soft_tissue,"Mark neoplastic, inflammatory and connective soft tissue in this Cervix specimen.",1229
pannuke_f3_1230,3,Cervix,Neoplastic;Inflammatory,Discern the neoplastic and inflammatory from background.,1230
pannuke_f3_1231,3,Cervix,Neoplastic;Inflammatory;Connective_Soft_tissue,"Outline neoplastic, inflammatory and connective soft tissue cells.",1231
pannuke_f3_1232,3,Cervix,Neoplastic;Inflammatory;Connective_Soft_tissue,"Draw neoplastic, inflammatory and connective soft tissue boundaries.",1232
pannuke_f3_1233,3,Cervix,Neoplastic;Inflammatory;Connective_Soft_tissue,"Highlight the neoplastic, inflammatory and connective soft tissue tissue.",1233
pannuke_f3_1234,3,Cervix,Neoplastic;Inflammatory;Connective_Soft_tissue,"Determine neoplastic, inflammatory and connective soft tissue location.",1234
pannuke_f3_1235,3,Cervix,Neoplastic;Inflammatory;Connective_Soft_tissue,"Recognize the neoplastic, inflammatory and connective soft tissue regions.",1235
pannuke_f3_1236,3,Cervix,Neoplastic,Analyze this Cervix and segment neoplastic.,1236
pannuke_f3_1237,3,Cervix,Neoplastic,The tissue shows neoplastic. Mark the areas.,1237
pannuke_f3_1238,3,Cervix,Neoplastic;Connective_Soft_tissue;Dead,"Identify parenchymal neoplastic, connective soft tissue and dead.",1238
pannuke_f3_1239,3,Cervix,Inflammatory;Connective_Soft_tissue,"Viewing this section, segment inflammatory and connective soft tissue.",1239
pannuke_f3_1240,3,Cervix,Neoplastic;Inflammatory;Connective_Soft_tissue,"Delineate neoplastic, inflammatory and connective soft tissue morphological features.",1240
pannuke_f3_1241,3,Cervix,Neoplastic;Dead,Segment sites of neoplastic and dead.,1241
pannuke_f3_1242,3,Cervix,Neoplastic;Connective_Soft_tissue;Dead,"Locate neoplastic, connective soft tissue and dead in this slide.",1242
pannuke_f3_1243,3,Cervix,Neoplastic;Inflammatory;Connective_Soft_tissue,"Segment extent of neoplastic, inflammatory and connective soft tissue.",1243
pannuke_f3_1244,3,Cervix,Neoplastic;Connective_Soft_tissue,Extract neoplastic and connective soft tissue regions from this image.,1244
pannuke_f3_1245,3,Cervix,Inflammatory;Connective_Soft_tissue,Isolate inflammatory and connective soft tissue regions.,1245
pannuke_f3_1246,3,Cervix,Neoplastic;Inflammatory;Connective_Soft_tissue,"Identify neoplastic, inflammatory and connective soft tissue in this histology section.",1246
pannuke_f3_1247,3,Cervix,Neoplastic;Inflammatory;Connective_Soft_tissue,"Mark visible neoplastic, inflammatory and connective soft tissue areas.",1247
pannuke_f3_1248,3,Bile-duct,Neoplastic;Inflammatory;Connective_Soft_tissue,"Find and segment neoplastic, inflammatory and connective soft tissue regions.",1248
pannuke_f3_1249,3,Bile-duct,Neoplastic;Inflammatory;Connective_Soft_tissue,"Segment neoplastic, inflammatory and connective soft tissue diagnostic regions.",1249
pannuke_f3_1250,3,Bile-duct,Neoplastic;Inflammatory;Connective_Soft_tissue,"Segment extent of neoplastic, inflammatory and connective soft tissue.",1250
pannuke_f3_1251,3,Bile-duct,Neoplastic;Connective_Soft_tissue,Label neoplastic and connective soft tissue in this Bile-duct section.,1251
pannuke_f3_1252,3,Bile-duct,Neoplastic;Inflammatory;Connective_Soft_tissue,"Pinpoint the neoplastic, inflammatory and connective soft tissue tissue.",1252
pannuke_f3_1253,3,Bile-duct,Neoplastic;Connective_Soft_tissue,Segment the neoplastic and connective soft tissue cell populations.,1253
pannuke_f3_1254,3,Bile-duct,Neoplastic;Connective_Soft_tissue,Identify neoplastic and connective soft tissue tissue regions.,1254
pannuke_f3_1255,3,Bile-duct,Neoplastic;Inflammatory;Connective_Soft_tissue,"Show me the neoplastic, inflammatory and connective soft tissue areas.",1255
pannuke_f3_1256,3,Bile-duct,Neoplastic;Inflammatory;Connective_Soft_tissue,"Identify nuclear neoplastic, inflammatory and connective soft tissue features.",1256
pannuke_f3_1257,3,Bile-duct,Neoplastic;Inflammatory;Connective_Soft_tissue,"Highlight all neoplastic, inflammatory and connective soft tissue cells.",1257
pannuke_f3_1258,3,Bile-duct,Neoplastic;Inflammatory;Connective_Soft_tissue,"Identify neoplastic, inflammatory and connective soft tissue tissue regions.",1258
pannuke_f3_1259,3,Bile-duct,Neoplastic;Inflammatory;Connective_Soft_tissue,"From the Bile-duct tissue, extract neoplastic, inflammatory and connective soft tissue regions.",1259
pannuke_f3_1260,3,Bile-duct,Neoplastic;Inflammatory;Connective_Soft_tissue,"Thoroughly segment every instance of neoplastic, inflammatory and connective soft tissue in this microscopy image.",1260
pannuke_f3_1261,3,Bile-duct,Neoplastic;Inflammatory;Connective_Soft_tissue,"Isolate neoplastic, inflammatory and connective soft tissue cells.",1261
pannuke_f3_1262,3,Bile-duct,Neoplastic;Inflammatory;Connective_Soft_tissue,"On this Bile-duct image, highlight neoplastic, inflammatory and connective soft tissue.",1262
pannuke_f3_1263,3,Bile-duct,Neoplastic;Inflammatory;Connective_Soft_tissue,"Segment the neoplastic, inflammatory and connective soft tissue cells.",1263
pannuke_f3_1264,3,Bile-duct,Neoplastic;Inflammatory;Connective_Soft_tissue,"Reviewing this image, delineate neoplastic, inflammatory and connective soft tissue boundaries.",1264
pannuke_f3_1265,3,Bile-duct,Neoplastic;Inflammatory;Connective_Soft_tissue,"Segment the neoplastic, inflammatory and connective soft tissue in this tissue sample.",1265
pannuke_f3_1266,3,Bile-duct,Connective_Soft_tissue,Highlight the connective soft tissue tissue.,1266
pannuke_f3_1267,3,Bile-duct,Neoplastic;Inflammatory;Connective_Soft_tissue,"Segment only neoplastic, inflammatory and connective soft tissue.",1267
pannuke_f3_1268,3,Bile-duct,Neoplastic;Inflammatory;Connective_Soft_tissue,"Shown this histology, mark neoplastic, inflammatory and connective soft tissue.",1268
pannuke_f3_1269,3,Bile-duct,Neoplastic;Inflammatory;Connective_Soft_tissue,"Can you identify neoplastic, inflammatory and connective soft tissue?",1269
pannuke_f3_1270,3,Bile-duct,Neoplastic,Highlight all neoplastic tissue.,1270
pannuke_f3_1271,3,Bile-duct,Neoplastic;Connective_Soft_tissue,Please segment neoplastic and connective soft tissue tissue.,1271
pannuke_f3_1272,3,Bile-duct,Neoplastic,Point out visible neoplastic.,1272
pannuke_f3_1273,3,Bile-duct,Neoplastic,Carefully segment all neoplastic regions visible in this histopathology image.,1273
pannuke_f3_1274,3,Bile-duct,Neoplastic;Connective_Soft_tissue,Segmentation target: neoplastic and connective soft tissue.,1274
pannuke_f3_1275,3,Bile-duct,Neoplastic;Connective_Soft_tissue,Segment clusters of neoplastic and connective soft tissue.,1275
pannuke_f3_1276,3,Bile-duct,Neoplastic;Connective_Soft_tissue,This section has neoplastic and connective soft tissue. Locate and mark.,1276
pannuke_f3_1277,3,Bile-duct,Neoplastic;Connective_Soft_tissue,Detect neoplastic and connective soft tissue in this slide.,1277
pannuke_f3_1278,3,Bile-duct,Neoplastic,Highlight all neoplastic areas.,1278
pannuke_f3_1279,3,Bile-duct,Neoplastic,Find and segment neoplastic regions.,1279
pannuke_f3_1280,3,Bile-duct,Neoplastic;Connective_Soft_tissue,Segment neoplastic and connective soft tissue tissue.,1280
pannuke_f3_1281,3,Bile-duct,Neoplastic,Outline the neoplastic regions.,1281
pannuke_f3_1282,3,Bile-duct,Neoplastic,Identify present neoplastic structures.,1282
pannuke_f3_1283,3,Bile-duct,Neoplastic;Connective_Soft_tissue,Document neoplastic and connective soft tissue in this Bile-duct sample.,1283
pannuke_f3_1284,3,Bile-duct,Neoplastic;Connective_Soft_tissue,Provide neoplastic and connective soft tissue segmentation.,1284
pannuke_f3_1285,3,Bile-duct,Neoplastic;Connective_Soft_tissue,What areas show neoplastic and connective soft tissue?,1285
pannuke_f3_1286,3,Testis,Neoplastic,Segment the neoplastic histological features.,1286
pannuke_f3_1287,3,Testis,Neoplastic;Inflammatory;Connective_Soft_tissue,"The objective is to mark neoplastic, inflammatory and connective soft tissue.",1287
pannuke_f3_1288,3,Testis,Neoplastic;Inflammatory,Locate visible neoplastic and inflammatory.,1288
pannuke_f3_1289,3,Testis,Inflammatory;Connective_Soft_tissue,Indicate inflammatory and connective soft tissue areas.,1289
pannuke_f3_1290,3,Testis,Neoplastic;Inflammatory;Connective_Soft_tissue,"Segment the neoplastic, inflammatory and connective soft tissue regions in the image.",1290
pannuke_f3_1291,3,Testis,Connective_Soft_tissue,Delineate connective soft tissue pathology in this section.,1291
pannuke_f3_1292,3,Testis,Inflammatory;Connective_Soft_tissue,Where can you find inflammatory and connective soft tissue?,1292
pannuke_f3_1293,3,Testis,Inflammatory;Connective_Soft_tissue,Spot the inflammatory and connective soft tissue tissue.,1293
pannuke_f3_1294,3,Testis,Neoplastic;Inflammatory;Connective_Soft_tissue,"Where is the neoplastic, inflammatory and connective soft tissue in this image?",1294
pannuke_f3_1295,3,Testis,Inflammatory;Connective_Soft_tissue,Pinpoint all inflammatory and connective soft tissue areas.,1295
pannuke_f3_1296,3,Testis,Inflammatory;Connective_Soft_tissue,Find inflammatory and connective soft tissue in this image.,1296
pannuke_f3_1297,3,Testis,Inflammatory;Connective_Soft_tissue;Epithelial,"Isolate inflammatory, connective soft tissue and epithelial cells.",1297
pannuke_f3_1298,3,Testis,Connective_Soft_tissue;Epithelial,Indicate where connective soft tissue and epithelial is present.,1298
pannuke_f3_1299,3,Testis,Inflammatory;Connective_Soft_tissue;Epithelial,"Segment visible inflammatory, connective soft tissue and epithelial structures.",1299
pannuke_f3_1300,3,Testis,Connective_Soft_tissue;Epithelial,Where is connective soft tissue and epithelial located?,1300
pannuke_f3_1301,3,Testis,Inflammatory;Connective_Soft_tissue;Epithelial,"Circle the inflammatory, connective soft tissue and epithelial structures.",1301
pannuke_f3_1302,3,Testis,Inflammatory;Connective_Soft_tissue;Epithelial,"Please mark inflammatory, connective soft tissue and epithelial areas.",1302
pannuke_f3_1303,3,Testis,Inflammatory;Epithelial,Find the inflammatory and epithelial areas.,1303
pannuke_f3_1304,3,Testis,Inflammatory;Connective_Soft_tissue;Epithelial,"Delineate all inflammatory, connective soft tissue and epithelial.",1304
pannuke_f3_1305,3,Testis,Inflammatory;Connective_Soft_tissue,Find all inflammatory and connective soft tissue cells.,1305
pannuke_f3_1306,3,Testis,Inflammatory;Connective_Soft_tissue;Epithelial,"Spot the inflammatory, connective soft tissue and epithelial tissue.",1306
pannuke_f3_1307,3,Testis,,,1307
pannuke_f3_1308,3,Testis,Inflammatory;Connective_Soft_tissue;Epithelial,"Outline the inflammatory, connective soft tissue and epithelial regions.",1308
pannuke_f3_1309,3,Testis,Connective_Soft_tissue;Epithelial,Identify clusters of connective soft tissue and epithelial cells.,1309
pannuke_f3_1310,3,Testis,Inflammatory;Connective_Soft_tissue;Epithelial,"Segment present inflammatory, connective soft tissue and epithelial tissue.",1310
pannuke_f3_1311,3,Testis,Inflammatory;Connective_Soft_tissue,Indicate all inflammatory and connective soft tissue cells.,1311
pannuke_f3_1312,3,Testis,Epithelial,Highlight visible epithelial cells.,1312
pannuke_f3_1313,3,Testis,Inflammatory;Connective_Soft_tissue,Map all inflammatory and connective soft tissue areas.,1313
pannuke_f3_1314,3,Testis,Inflammatory;Connective_Soft_tissue;Epithelial,"Indicate the inflammatory, connective soft tissue and epithelial tissue.",1314
pannuke_f3_1315,3,Bile-duct,Neoplastic;Inflammatory;Connective_Soft_tissue,"Identify neoplastic, inflammatory and connective soft tissue regions in the Bile-duct.",1315
pannuke_f3_1316,3,Bile-duct,Neoplastic;Connective_Soft_tissue,Show me all neoplastic and connective soft tissue.,1316
pannuke_f3_1317,3,Bile-duct,Neoplastic;Inflammatory;Connective_Soft_tissue,"Segment all neoplastic, inflammatory and connective soft tissue areas.",1317
pannuke_f3_1318,3,Bile-duct,Neoplastic;Inflammatory;Connective_Soft_tissue,"Purpose: delineate neoplastic, inflammatory and connective soft tissue boundaries.",1318
pannuke_f3_1319,3,Bile-duct,Neoplastic;Inflammatory;Connective_Soft_tissue,"Can you find neoplastic, inflammatory and connective soft tissue?",1319
pannuke_f3_1320,3,Bile-duct,Neoplastic;Connective_Soft_tissue,Mark foci of neoplastic and connective soft tissue activity.,1320
pannuke_f3_1321,3,Bile-duct,Connective_Soft_tissue,Map the connective soft tissue regions.,1321
pannuke_f3_1322,3,Bile-duct,Neoplastic;Connective_Soft_tissue,Please identify neoplastic and connective soft tissue cells.,1322
pannuke_f3_1323,3,Bile-duct,Neoplastic;Connective_Soft_tissue,Highlight neoplastic and connective soft tissue in this Bile-duct slide.,1323
pannuke_f3_1324,3,Bile-duct,Neoplastic,This Bile-duct slide shows neoplastic. Segment it.,1324
pannuke_f3_1325,3,Bile-duct,Neoplastic;Connective_Soft_tissue,Separate neoplastic and connective soft tissue from other tissue.,1325
pannuke_f3_1326,3,Bile-duct,Neoplastic;Connective_Soft_tissue,Mark neoplastic and connective soft tissue cells in this Bile-duct sample.,1326
pannuke_f3_1327,3,Bile-duct,Neoplastic;Connective_Soft_tissue,Concentrate on neoplastic and connective soft tissue regions.,1327
pannuke_f3_1328,3,Bile-duct,Neoplastic;Connective_Soft_tissue,Mark present neoplastic and connective soft tissue regions.,1328
pannuke_f3_1329,3,Bile-duct,Neoplastic;Inflammatory;Connective_Soft_tissue,"Mark neoplastic, inflammatory and connective soft tissue in this biopsy sample.",1329
pannuke_f3_1330,3,Bile-duct,Neoplastic;Connective_Soft_tissue,Outline neoplastic and connective soft tissue areas.,1330
pannuke_f3_1331,3,Bile-duct,Neoplastic;Connective_Soft_tissue,Delineate the neoplastic and connective soft tissue tissue.,1331
pannuke_f3_1332,3,Bile-duct,Neoplastic;Inflammatory;Connective_Soft_tissue,"Locate all neoplastic, inflammatory and connective soft tissue cells.",1332
pannuke_f3_1333,3,Bile-duct,Neoplastic;Inflammatory;Connective_Soft_tissue,"Examine neoplastic, inflammatory and connective soft tissue distribution.",1333
pannuke_f3_1334,3,Bile-duct,Inflammatory;Connective_Soft_tissue,Analyze this Bile-duct and segment inflammatory and connective soft tissue.,1334
pannuke_f3_1335,3,Bile-duct,Neoplastic;Connective_Soft_tissue,Segment areas containing neoplastic and connective soft tissue.,1335
pannuke_f3_1336,3,Bile-duct,Neoplastic;Inflammatory;Connective_Soft_tissue,"Purpose: delineate neoplastic, inflammatory and connective soft tissue boundaries.",1336
pannuke_f3_1337,3,Bile-duct,Inflammatory;Connective_Soft_tissue,Record inflammatory and connective soft tissue regions in Bile-duct.,1337
pannuke_f3_1338,3,Bile-duct,Neoplastic;Inflammatory;Connective_Soft_tissue,"Chart neoplastic, inflammatory and connective soft tissue distribution.",1338
pannuke_f3_1339,3,Bile-duct,Neoplastic;Inflammatory,Delineate visible neoplastic and inflammatory tissue.,1339
pannuke_f3_1340,3,Bile-duct,Neoplastic;Inflammatory;Connective_Soft_tissue,"Draw neoplastic, inflammatory and connective soft tissue outlines.",1340
pannuke_f3_1341,3,Bile-duct,Inflammatory;Connective_Soft_tissue,Divide inflammatory and connective soft tissue from surroundings.,1341
pannuke_f3_1342,3,Bile-duct,Inflammatory;Connective_Soft_tissue,Highlight the inflammatory and connective soft tissue tissue.,1342
pannuke_f3_1343,3,Bile-duct,Neoplastic,Highlight all neoplastic areas.,1343
pannuke_f3_1344,3,Bile-duct,Inflammatory;Connective_Soft_tissue,Segment each inflammatory and connective soft tissue region.,1344
pannuke_f3_1345,3,Bile-duct,Neoplastic;Inflammatory;Connective_Soft_tissue,"Given this pathology slide, segment neoplastic, inflammatory and connective soft tissue.",1345
pannuke_f3_1346,3,Bile-duct,Neoplastic;Inflammatory;Connective_Soft_tissue,"Highlight present neoplastic, inflammatory and connective soft tissue cells.",1346
pannuke_f3_1347,3,Bile-duct,Neoplastic;Inflammatory;Connective_Soft_tissue,"Identify parenchymal neoplastic, inflammatory and connective soft tissue.",1347
pannuke_f3_1348,3,Bile-duct,Neoplastic;Inflammatory;Connective_Soft_tissue,"Segment microscopic neoplastic, inflammatory and connective soft tissue features.",1348
pannuke_f3_1349,3,Bile-duct,Neoplastic;Inflammatory;Connective_Soft_tissue,"Concentrate on neoplastic, inflammatory and connective soft tissue regions.",1349
pannuke_f3_1350,3,Colon,Inflammatory;Connective_Soft_tissue;Epithelial,"Identify inflammatory, connective soft tissue and epithelial in this pathology slide.",1350
pannuke_f3_1351,3,Colon,Inflammatory;Connective_Soft_tissue;Epithelial,"Sketch inflammatory, connective soft tissue and epithelial regions.",1351
pannuke_f3_1352,3,Colon,Inflammatory;Connective_Soft_tissue;Epithelial,"Observing this sample, delineate inflammatory, connective soft tissue and epithelial.",1352
pannuke_f3_1353,3,Colon,Inflammatory;Connective_Soft_tissue;Epithelial,"Indicate inflammatory, connective soft tissue and epithelial areas.",1353
pannuke_f3_1354,3,Colon,Inflammatory;Connective_Soft_tissue;Epithelial,"Separate inflammatory, connective soft tissue and epithelial regions.",1354
pannuke_f3_1355,3,Colon,Neoplastic,Segment areas containing neoplastic.,1355
pannuke_f3_1356,3,Colon,Neoplastic;Inflammatory;Connective_Soft_tissue,"Identify present neoplastic, inflammatory and connective soft tissue regions.",1356
pannuke_f3_1357,3,Colon,Neoplastic;Inflammatory;Dead,"You should identify neoplastic, inflammatory and dead.",1357
pannuke_f3_1358,3,Colon,Neoplastic;Dead,Can you segment neoplastic and dead?,1358
pannuke_f3_1359,3,Colon,Epithelial,Produce epithelial mask.,1359
pannuke_f3_1360,3,Colon,Inflammatory;Connective_Soft_tissue;Epithelial,"Throughout the Colon tissue, mark inflammatory, connective soft tissue and epithelial.",1360
pannuke_f3_1361,3,Colon,Epithelial,Segment the epithelial infiltration.,1361
pannuke_f3_1362,3,Colon,Inflammatory;Connective_Soft_tissue;Epithelial,"Segment only inflammatory, connective soft tissue and epithelial.",1362
pannuke_f3_1363,3,Colon,Inflammatory;Connective_Soft_tissue;Epithelial,"In this Colon tissue, segment inflammatory, connective soft tissue and epithelial.",1363
pannuke_f3_1364,3,Colon,Inflammatory;Connective_Soft_tissue,Consider only inflammatory and connective soft tissue areas.,1364
pannuke_f3_1365,3,Colon,Inflammatory;Connective_Soft_tissue,Delineate inflammatory and connective soft tissue for clinical evaluation.,1365
pannuke_f3_1366,3,Colon,Neoplastic;Connective_Soft_tissue,Delineate all neoplastic and connective soft tissue structures.,1366
pannuke_f3_1367,3,Colon,Neoplastic;Inflammatory;Connective_Soft_tissue,"Distinguish neoplastic, inflammatory and connective soft tissue cells.",1367
pannuke_f3_1368,3,Colon,Neoplastic;Inflammatory;Connective_Soft_tissue,"Target class: neoplastic, inflammatory and connective soft tissue.",1368
pannuke_f3_1369,3,Colon,Neoplastic;Inflammatory;Connective_Soft_tissue,"Identify visible neoplastic, inflammatory and connective soft tissue tissue.",1369
pannuke_f3_1370,3,Colon,Neoplastic;Inflammatory;Connective_Soft_tissue,"Draw around neoplastic, inflammatory and connective soft tissue.",1370
pannuke_f3_1371,3,Colon,Neoplastic;Inflammatory;Connective_Soft_tissue,"Segment neoplastic, inflammatory and connective soft tissue tissue.",1371
pannuke_f3_1372,3,Colon,Inflammatory;Connective_Soft_tissue,Mark all inflammatory and connective soft tissue structures.,1372
pannuke_f3_1373,3,Colon,Inflammatory;Connective_Soft_tissue,The task is to segment inflammatory and connective soft tissue.,1373
pannuke_f3_1374,3,Colon,Inflammatory;Connective_Soft_tissue,Outline inflammatory and connective soft tissue cells.,1374
pannuke_f3_1375,3,Colon,Neoplastic;Dead,Show me the neoplastic and dead regions.,1375
pannuke_f3_1376,3,Colon,Neoplastic;Connective_Soft_tissue,Segment tissue showing neoplastic and connective soft tissue.,1376
pannuke_f3_1377,3,Colon,Neoplastic;Connective_Soft_tissue;Dead,"Provide neoplastic, connective soft tissue and dead segmentation.",1377
pannuke_f3_1378,3,Colon,Neoplastic;Connective_Soft_tissue;Dead,"Segment boundaries of neoplastic, connective soft tissue and dead.",1378
pannuke_f3_1379,3,Colon,Neoplastic;Connective_Soft_tissue;Dead,"Provide a complete segmentation of neoplastic, connective soft tissue and dead regions.",1379
pannuke_f3_1380,3,Colon,Neoplastic;Dead,Discern the neoplastic and dead regions.,1380
pannuke_f3_1381,3,Colon,Neoplastic;Dead,Where are the neoplastic and dead regions?,1381
pannuke_f3_1382,3,Colon,Neoplastic;Inflammatory;Connective_Soft_tissue,"Highlight neoplastic, inflammatory and connective soft tissue cells.",1382
pannuke_f3_1383,3,Colon,Neoplastic;Inflammatory;Connective_Soft_tissue,"Carefully segment all neoplastic, inflammatory and connective soft tissue regions visible in this histopathology image.",1383
pannuke_f3_1384,3,Colon,Neoplastic;Inflammatory;Connective_Soft_tissue,"Segment neoplastic, inflammatory and connective soft tissue for pathological assessment.",1384
pannuke_f3_1385,3,Colon,Inflammatory;Connective_Soft_tissue,Identify histological regions showing inflammatory and connective soft tissue.,1385
pannuke_f3_1386,3,Colon,Inflammatory;Connective_Soft_tissue,Segment intratumoral inflammatory and connective soft tissue.,1386
pannuke_f3_1387,3,Colon,Inflammatory;Connective_Soft_tissue,Mark visible inflammatory and connective soft tissue areas.,1387
pannuke_f3_1388,3,Colon,Inflammatory;Connective_Soft_tissue,Annotate inflammatory and connective soft tissue in Colon microscopy.,1388
pannuke_f3_1389,3,Colon,Inflammatory;Connective_Soft_tissue,Mark all inflammatory and connective soft tissue cells.,1389
pannuke_f3_1390,3,Colon,Inflammatory;Connective_Soft_tissue,Plot inflammatory and connective soft tissue locations.,1390
pannuke_f3_1391,3,Colon,Inflammatory,Distinguish visible inflammatory.,1391
pannuke_f3_1392,3,Colon,Connective_Soft_tissue,Segment present connective soft tissue cells.,1392
pannuke_f3_1393,3,Colon,Neoplastic,Target neoplastic in this image.,1393
pannuke_f3_1394,3,Colon,Inflammatory;Connective_Soft_tissue,Mark the inflammatory and connective soft tissue regions.,1394
pannuke_f3_1395,3,Colon,Inflammatory;Connective_Soft_tissue,Identify inflammatory and connective soft tissue including all visible instances.,1395
pannuke_f3_1396,3,Colon,Inflammatory;Connective_Soft_tissue,Delineate present inflammatory and connective soft tissue structures.,1396
pannuke_f3_1397,3,Colon,Inflammatory;Connective_Soft_tissue,Delineate inflammatory and connective soft tissue with accurate boundary detection.,1397
pannuke_f3_1398,3,Adrenal_gland,Neoplastic,Mark all neoplastic structures.,1398
pannuke_f3_1399,3,Adrenal_gland,Neoplastic;Connective_Soft_tissue,Focus on neoplastic and connective soft tissue in this image.,1399
pannuke_f3_1400,3,Adrenal_gland,Neoplastic;Inflammatory;Connective_Soft_tissue,"Indicate the neoplastic, inflammatory and connective soft tissue regions.",1400
pannuke_f3_1401,3,Adrenal_gland,Neoplastic;Inflammatory;Connective_Soft_tissue,"Delineate neoplastic, inflammatory and connective soft tissue pathology in this section.",1401
pannuke_f3_1402,3,Adrenal_gland,Neoplastic;Inflammatory,Draw neoplastic and inflammatory outlines.,1402
pannuke_f3_1403,3,Adrenal_gland,Inflammatory;Connective_Soft_tissue,Locate and segment inflammatory and connective soft tissue.,1403
pannuke_f3_1404,3,Adrenal_gland,Inflammatory;Connective_Soft_tissue,"From this Adrenal gland slide, segment inflammatory and connective soft tissue.",1404
pannuke_f3_1405,3,Adrenal_gland,Inflammatory,Mark visible inflammatory structures.,1405
pannuke_f3_1406,3,Adrenal_gland,Connective_Soft_tissue,Discern all connective soft tissue areas.,1406
pannuke_f3_1407,3,Adrenal_gland,Inflammatory;Connective_Soft_tissue,Highlight visible inflammatory and connective soft tissue structures.,1407
pannuke_f3_1408,3,Adrenal_gland,Neoplastic,Segment neoplastic in this Adrenal gland tissue.,1408
pannuke_f3_1409,3,Adrenal_gland,Neoplastic,"For Adrenal gland pathology, outline neoplastic.",1409
pannuke_f3_1410,3,Adrenal_gland,Neoplastic;Inflammatory;Connective_Soft_tissue,"Segment neoplastic, inflammatory and connective soft tissue elements.",1410
pannuke_f3_1411,3,Adrenal_gland,Neoplastic,Segment extent of neoplastic.,1411
pannuke_f3_1412,3,Adrenal_gland,Neoplastic,Highlight visible neoplastic structures.,1412
pannuke_f3_1413,3,Adrenal_gland,Neoplastic,Show me where neoplastic is.,1413
pannuke_f3_1414,3,Adrenal_gland,Neoplastic,Isolate neoplastic regions.,1414
pannuke_f3_1415,3,Adrenal_gland,Neoplastic,Distinguish all neoplastic areas.,1415
pannuke_f3_1416,3,Adrenal_gland,Neoplastic;Inflammatory,"In the Adrenal gland microstructure, find neoplastic and inflammatory.",1416
pannuke_f3_1417,3,Adrenal_gland,Neoplastic;Connective_Soft_tissue,Delineate neoplastic and connective soft tissue morphological features.,1417
pannuke_f3_1418,3,Adrenal_gland,Neoplastic,Delineate visible neoplastic regions.,1418
pannuke_f3_1419,3,Adrenal_gland,Neoplastic,Segment visible neoplastic regions.,1419
pannuke_f3_1420,3,Adrenal_gland,Epithelial,Provide a complete segmentation of epithelial regions.,1420
pannuke_f3_1421,3,Adrenal_gland,Epithelial,Highlight visible epithelial regions.,1421
pannuke_f3_1422,3,Adrenal_gland,Epithelial,Delineate epithelial morphological features.,1422
pannuke_f3_1423,3,Adrenal_gland,Epithelial,The sample contains epithelial. Delineate the regions.,1423
pannuke_f3_1424,3,Adrenal_gland,Connective_Soft_tissue;Epithelial,Mark all connective soft tissue and epithelial regions.,1424
pannuke_f3_1425,3,Adrenal_gland,Epithelial,Can you identify epithelial?,1425
pannuke_f3_1426,3,Adrenal_gland,Connective_Soft_tissue;Epithelial,Segment foci of connective soft tissue and epithelial.,1426
pannuke_f3_1427,3,Adrenal_gland,Connective_Soft_tissue;Epithelial,The sample contains connective soft tissue and epithelial. Delineate the regions.,1427
pannuke_f3_1428,3,Adrenal_gland,Connective_Soft_tissue;Epithelial,Mark all connective soft tissue and epithelial areas.,1428
pannuke_f3_1429,3,Adrenal_gland,Connective_Soft_tissue,Mark the connective soft tissue tissue compartment.,1429
pannuke_f3_1430,3,Adrenal_gland,Connective_Soft_tissue,Focus solely on connective soft tissue.,1430
pannuke_f3_1431,3,Adrenal_gland,Inflammatory;Connective_Soft_tissue,Can you identify inflammatory and connective soft tissue?,1431
pannuke_f3_1432,3,Adrenal_gland,Connective_Soft_tissue,Plot connective soft tissue locations.,1432
pannuke_f3_1433,3,Adrenal_gland,Neoplastic,Identify neoplastic in this histology section.,1433
pannuke_f3_1434,3,Adrenal_gland,Neoplastic,"In the Adrenal gland microstructure, find neoplastic.",1434
pannuke_f3_1435,3,Adrenal_gland,Neoplastic,Spot the neoplastic tissue.,1435
pannuke_f3_1436,3,Adrenal_gland,Neoplastic;Inflammatory;Connective_Soft_tissue,"Identify only neoplastic, inflammatory and connective soft tissue cells.",1436
pannuke_f3_1437,3,Adrenal_gland,Neoplastic;Connective_Soft_tissue,Segment areas containing neoplastic and connective soft tissue.,1437
pannuke_f3_1438,3,Adrenal_gland,,,1438
pannuke_f3_1439,3,Adrenal_gland,Neoplastic;Connective_Soft_tissue,Detect the neoplastic and connective soft tissue regions.,1439
pannuke_f3_1440,3,Adrenal_gland,Neoplastic;Inflammatory;Connective_Soft_tissue,"Mark neoplastic, inflammatory and connective soft tissue in this slide.",1440
pannuke_f3_1441,3,Adrenal_gland,Neoplastic;Connective_Soft_tissue,Analyze this Adrenal gland and segment neoplastic and connective soft tissue.,1441
pannuke_f3_1442,3,Adrenal_gland,Neoplastic;Connective_Soft_tissue,Segment locations of neoplastic and connective soft tissue.,1442
pannuke_f3_1443,3,Adrenal_gland,Neoplastic;Inflammatory,Discern all neoplastic and inflammatory areas.,1443
pannuke_f3_1444,3,Adrenal_gland,Neoplastic;Inflammatory,Identify neoplastic and inflammatory regions in the Adrenal gland.,1444
pannuke_f3_1445,3,Adrenal_gland,Neoplastic;Inflammatory;Connective_Soft_tissue,"Delineate present neoplastic, inflammatory and connective soft tissue areas.",1445
pannuke_f3_1446,3,Adrenal_gland,Neoplastic;Inflammatory;Connective_Soft_tissue,"Goal: mark all neoplastic, inflammatory and connective soft tissue cells.",1446
pannuke_f3_1447,3,Adrenal_gland,Neoplastic;Inflammatory;Connective_Soft_tissue,"Segment clusters of neoplastic, inflammatory and connective soft tissue.",1447
pannuke_f3_1448,3,Adrenal_gland,Neoplastic;Connective_Soft_tissue,Target class: neoplastic and connective soft tissue.,1448
pannuke_f3_1449,3,Adrenal_gland,Neoplastic;Inflammatory;Connective_Soft_tissue,"Extract all neoplastic, inflammatory and connective soft tissue areas.",1449
pannuke_f3_1450,3,Adrenal_gland,Neoplastic;Inflammatory;Connective_Soft_tissue,"Locate all neoplastic, inflammatory and connective soft tissue cells.",1450
pannuke_f3_1451,3,Adrenal_gland,Neoplastic;Connective_Soft_tissue,This image contains neoplastic and connective soft tissue. Segment it.,1451
pannuke_f3_1452,3,Adrenal_gland,Neoplastic;Connective_Soft_tissue,Produce segmentation of neoplastic and connective soft tissue.,1452
pannuke_f3_1453,3,Adrenal_gland,Neoplastic;Inflammatory;Connective_Soft_tissue,"Required: neoplastic, inflammatory and connective soft tissue segmentation.",1453
pannuke_f3_1454,3,Adrenal_gland,Neoplastic;Connective_Soft_tissue,Extract all neoplastic and connective soft tissue areas.,1454
pannuke_f3_1455,3,Adrenal_gland,Neoplastic;Inflammatory;Connective_Soft_tissue,"Mark only neoplastic, inflammatory and connective soft tissue regions.",1455
pannuke_f3_1456,3,Adrenal_gland,Inflammatory;Connective_Soft_tissue,Outline inflammatory and connective soft tissue cells.,1456
pannuke_f3_1457,3,Adrenal_gland,Inflammatory;Connective_Soft_tissue,Highlight present inflammatory and connective soft tissue cells.,1457
pannuke_f3_1458,3,Adrenal_gland,Inflammatory;Connective_Soft_tissue;Dead,"Find inflammatory, connective soft tissue and dead in this image.",1458
pannuke_f3_1459,3,Adrenal_gland,Inflammatory;Connective_Soft_tissue,Annotate inflammatory and connective soft tissue histological patterns.,1459
pannuke_f3_1460,3,Adrenal_gland,Inflammatory,Mark stromal inflammatory regions.,1460
pannuke_f3_1461,3,Adrenal_gland,Neoplastic,Segment neoplastic in the Adrenal gland section.,1461
pannuke_f3_1462,3,Adrenal_gland,Inflammatory;Connective_Soft_tissue,Identify and mark inflammatory and connective soft tissue.,1462
pannuke_f3_1463,3,Adrenal_gland,Neoplastic;Inflammatory;Connective_Soft_tissue,"Segment the neoplastic, inflammatory and connective soft tissue distribution.",1463
pannuke_f3_1464,3,Adrenal_gland,Neoplastic;Inflammatory;Connective_Soft_tissue,"Assess neoplastic, inflammatory and connective soft tissue regions.",1464
pannuke_f3_1465,3,Adrenal_gland,Neoplastic;Inflammatory;Connective_Soft_tissue,"Identify neoplastic, inflammatory and connective soft tissue in this pathology slide.",1465
pannuke_f3_1466,3,Adrenal_gland,Neoplastic,Mark visible neoplastic tissue.,1466
pannuke_f3_1467,3,Adrenal_gland,Neoplastic;Inflammatory;Connective_Soft_tissue,"Identify neoplastic, inflammatory and connective soft tissue components.",1467
pannuke_f3_1468,3,Bile-duct,Connective_Soft_tissue,Generate a comprehensive mask for connective soft tissue.,1468
pannuke_f3_1469,3,Bile-duct,Connective_Soft_tissue,Examine connective soft tissue distribution.,1469
pannuke_f3_1470,3,Bile-duct,Connective_Soft_tissue,Highlight all connective soft tissue regions.,1470
pannuke_f3_1471,3,Bile-duct,Connective_Soft_tissue,Segment present connective soft tissue areas.,1471
pannuke_f3_1472,3,Bile-duct,Connective_Soft_tissue,Segment the connective soft tissue tissue regions.,1472
pannuke_f3_1473,3,Bile-duct,Inflammatory;Connective_Soft_tissue;Epithelial,"Find inflammatory, connective soft tissue and epithelial in this image.",1473
pannuke_f3_1474,3,Bile-duct,Inflammatory;Connective_Soft_tissue,Define inflammatory and connective soft tissue boundaries.,1474
pannuke_f3_1475,3,Bile-duct,Inflammatory;Connective_Soft_tissue;Epithelial,"Segment inflammatory, connective soft tissue and epithelial in this microscopy image.",1475
pannuke_f3_1476,3,Bile-duct,Connective_Soft_tissue,Pay attention to connective soft tissue areas.,1476
pannuke_f3_1477,3,Bile-duct,Connective_Soft_tissue,Segment connective soft tissue patterns in Bile-duct.,1477
pannuke_f3_1478,3,Bile-duct,Neoplastic;Inflammatory;Connective_Soft_tissue,"Reviewing this image, delineate neoplastic, inflammatory and connective soft tissue boundaries.",1478
pannuke_f3_1479,3,Bile-duct,Neoplastic;Inflammatory;Connective_Soft_tissue,"Identify neoplastic, inflammatory and connective soft tissue in the tissue microenvironment.",1479
pannuke_f3_1480,3,Bile-duct,Connective_Soft_tissue,Isolate connective soft tissue regions.,1480
pannuke_f3_1481,3,Bile-duct,Neoplastic;Inflammatory;Connective_Soft_tissue,"Separate neoplastic, inflammatory and connective soft tissue cells.",1481
pannuke_f3_1482,3,Bile-duct,Neoplastic;Connective_Soft_tissue,Identify present neoplastic and connective soft tissue tissue.,1482
pannuke_f3_1483,3,Bile-duct,Neoplastic;Connective_Soft_tissue,Spot visible neoplastic and connective soft tissue.,1483
pannuke_f3_1484,3,Bile-duct,Neoplastic;Inflammatory;Connective_Soft_tissue,"Highlight visible neoplastic, inflammatory and connective soft tissue cells.",1484
pannuke_f3_1485,3,Bile-duct,Connective_Soft_tissue,Label all connective soft tissue areas.,1485
pannuke_f3_1486,3,Bile-duct,Neoplastic;Inflammatory;Connective_Soft_tissue,"Spot visible neoplastic, inflammatory and connective soft tissue.",1486
pannuke_f3_1487,3,Bile-duct,Inflammatory;Connective_Soft_tissue,Delineate visible inflammatory and connective soft tissue cells.,1487
pannuke_f3_1488,3,Bile-duct,Connective_Soft_tissue,Segmentation target: connective soft tissue.,1488
pannuke_f3_1489,3,Bile-duct,Inflammatory;Connective_Soft_tissue;Epithelial,"Recognize inflammatory, connective soft tissue and epithelial cells.",1489
pannuke_f3_1490,3,Bile-duct,Inflammatory;Connective_Soft_tissue;Epithelial,"Mark inflammatory, connective soft tissue and epithelial cellular infiltration.",1490
pannuke_f3_1491,3,Bile-duct,Inflammatory;Connective_Soft_tissue;Epithelial,"Delineate all inflammatory, connective soft tissue and epithelial tissue.",1491
pannuke_f3_1492,3,Bile-duct,Inflammatory;Connective_Soft_tissue;Epithelial,"Identify inflammatory, connective soft tissue and epithelial features in Bile-duct.",1492
pannuke_f3_1493,3,Bile-duct,Inflammatory;Connective_Soft_tissue;Epithelial,"Indicate inflammatory, connective soft tissue and epithelial areas.",1493
pannuke_f3_1494,3,Bile-duct,Inflammatory;Connective_Soft_tissue,Spot the inflammatory and connective soft tissue regions.,1494
pannuke_f3_1495,3,Bile-duct,Connective_Soft_tissue,Detect connective soft tissue in Bile-duct histology.,1495
pannuke_f3_1496,3,Bile-duct,Connective_Soft_tissue,Segment connective soft tissue diagnostic regions.,1496
pannuke_f3_1497,3,Bile-duct,Connective_Soft_tissue,Analyze this Bile-duct and segment connective soft tissue.,1497
pannuke_f3_1498,3,Bile-duct,Connective_Soft_tissue,"Analyzing this sample, segment connective soft tissue areas.",1498
pannuke_f3_1499,3,Bile-duct,Connective_Soft_tissue,Objective: identify connective soft tissue regions.,1499
pannuke_f3_1500,3,Bile-duct,Inflammatory;Connective_Soft_tissue,Delineate present inflammatory and connective soft tissue tissue.,1500
pannuke_f3_1501,3,Bile-duct,Neoplastic;Inflammatory;Connective_Soft_tissue,"Pinpoint all neoplastic, inflammatory and connective soft tissue areas.",1501
pannuke_f3_1502,3,Bile-duct,Neoplastic;Connective_Soft_tissue,Segment locations of neoplastic and connective soft tissue.,1502
pannuke_f3_1503,3,Bile-duct,Neoplastic;Inflammatory;Connective_Soft_tissue,"You must mark neoplastic, inflammatory and connective soft tissue regions.",1503
pannuke_f3_1504,3,Bile-duct,Neoplastic;Connective_Soft_tissue,Outline neoplastic and connective soft tissue cells.,1504
pannuke_f3_1505,3,Bile-duct,Neoplastic;Connective_Soft_tissue,Sketch neoplastic and connective soft tissue boundaries.,1505
pannuke_f3_1506,3,Bile-duct,,,1506
pannuke_f3_1507,3,Bile-duct,,,1507
pannuke_f3_1508,3,Bile-duct,,,1508
pannuke_f3_1509,3,Bile-duct,,,1509
pannuke_f3_1510,3,Bile-duct,,,1510
pannuke_f3_1511,3,Bile-duct,,,1511
pannuke_f3_1512,3,Bile-duct,Neoplastic;Inflammatory;Connective_Soft_tissue,"Identify neoplastic, inflammatory and connective soft tissue features in Bile-duct.",1512
pannuke_f3_1513,3,Bile-duct,Neoplastic;Inflammatory;Connective_Soft_tissue,"For this Bile-duct sample, mark neoplastic, inflammatory and connective soft tissue.",1513
pannuke_f3_1514,3,Bile-duct,Neoplastic;Inflammatory;Connective_Soft_tissue,"Mark neoplastic, inflammatory and connective soft tissue cytological features.",1514
pannuke_f3_1515,3,Bile-duct,Neoplastic;Inflammatory;Connective_Soft_tissue,"Identify neoplastic, inflammatory and connective soft tissue in this histology section.",1515
pannuke_f3_1516,3,Bile-duct,Neoplastic;Inflammatory;Connective_Soft_tissue,"Segment visible neoplastic, inflammatory and connective soft tissue regions.",1516
pannuke_f3_1517,3,Bile-duct,Neoplastic;Connective_Soft_tissue,Identify the neoplastic and connective soft tissue microenvironment.,1517
pannuke_f3_1518,3,Bile-duct,,,1518
pannuke_f3_1519,3,Bile-duct,,,1519
pannuke_f3_1520,3,Bile-duct,Inflammatory;Connective_Soft_tissue,This is a Bile-duct image. Segment inflammatory and connective soft tissue.,1520
pannuke_f3_1521,3,Bile-duct,Connective_Soft_tissue,Which areas contain connective soft tissue?,1521
pannuke_f3_1522,3,Bile-duct,Connective_Soft_tissue,Identify connective soft tissue features in Bile-duct.,1522
pannuke_f3_1523,3,Bile-duct,,,1523
pannuke_f3_1524,3,Bile-duct,Neoplastic;Inflammatory;Connective_Soft_tissue,"Segment any neoplastic, inflammatory and connective soft tissue cells visible.",1524
pannuke_f3_1525,3,Bile-duct,Inflammatory;Connective_Soft_tissue,Spot the inflammatory and connective soft tissue regions.,1525
pannuke_f3_1526,3,Bile-duct,Neoplastic;Connective_Soft_tissue,Identify neoplastic and connective soft tissue spatial arrangement.,1526
pannuke_f3_1527,3,Bile-duct,Inflammatory;Connective_Soft_tissue,Identify visible inflammatory and connective soft tissue structures.,1527
pannuke_f3_1528,3,Bile-duct,Neoplastic;Inflammatory;Connective_Soft_tissue,"Segment visible neoplastic, inflammatory and connective soft tissue tissue.",1528
pannuke_f3_1529,3,Bile-duct,Inflammatory;Connective_Soft_tissue,Delineate present inflammatory and connective soft tissue cells.,1529
pannuke_f3_1530,3,Bile-duct,Inflammatory;Connective_Soft_tissue,Identify all inflammatory and connective soft tissue tissue.,1530
pannuke_f3_1531,3,Bile-duct,Inflammatory;Connective_Soft_tissue,Segment inflammatory and connective soft tissue tissue.,1531
pannuke_f3_1532,3,Bile-duct,Neoplastic;Connective_Soft_tissue,Identify neoplastic and connective soft tissue nuclear characteristics.,1532
pannuke_f3_1533,3,Bile-duct,Neoplastic;Connective_Soft_tissue,Identify neoplastic and connective soft tissue spatial arrangement.,1533
pannuke_f3_1534,3,Bile-duct,Neoplastic;Inflammatory;Connective_Soft_tissue,"The tissue shows neoplastic, inflammatory and connective soft tissue. Mark the areas.",1534
pannuke_f3_1535,3,Bile-duct,Neoplastic;Inflammatory;Connective_Soft_tissue,"Mark all neoplastic, inflammatory and connective soft tissue tissue.",1535
pannuke_f3_1536,3,Bile-duct,Neoplastic;Inflammatory;Connective_Soft_tissue,"Circle the neoplastic, inflammatory and connective soft tissue regions.",1536
pannuke_f3_1537,3,Bile-duct,Inflammatory;Connective_Soft_tissue,Delineate present inflammatory and connective soft tissue regions.,1537
pannuke_f3_1538,3,Bile-duct,Neoplastic;Inflammatory;Connective_Soft_tissue,"Which areas contain neoplastic, inflammatory and connective soft tissue?",1538
pannuke_f3_1539,3,Bile-duct,Inflammatory;Connective_Soft_tissue,What parts are inflammatory and connective soft tissue?,1539
pannuke_f3_1540,3,Bile-duct,Inflammatory;Connective_Soft_tissue,Highlight the inflammatory and connective soft tissue regions.,1540
pannuke_f3_1541,3,Bile-duct,Inflammatory;Connective_Soft_tissue,Purpose: delineate inflammatory and connective soft tissue boundaries.,1541
pannuke_f3_1542,3,Bile-duct,Inflammatory;Connective_Soft_tissue,Consider only inflammatory and connective soft tissue areas.,1542
pannuke_f3_1543,3,Bile-duct,Neoplastic;Inflammatory;Connective_Soft_tissue,"Identify neoplastic, inflammatory and connective soft tissue chromatin patterns.",1543
pannuke_f3_1544,3,Bile-duct,Inflammatory;Connective_Soft_tissue,Distinguish the inflammatory and connective soft tissue regions.,1544
pannuke_f3_1545,3,Bile-duct,Neoplastic;Inflammatory;Connective_Soft_tissue,"Given this Bile-duct sample, mark neoplastic, inflammatory and connective soft tissue regions.",1545
pannuke_f3_1546,3,Bile-duct,Neoplastic;Inflammatory;Connective_Soft_tissue,"Segment neoplastic, inflammatory and connective soft tissue throughout the image.",1546
pannuke_f3_1547,3,Bile-duct,Inflammatory;Connective_Soft_tissue,Label inflammatory and connective soft tissue cells.,1547
pannuke_f3_1548,3,Bile-duct,Inflammatory;Connective_Soft_tissue,Locate all inflammatory and connective soft tissue cells.,1548
pannuke_f3_1549,3,Bile-duct,Inflammatory;Connective_Soft_tissue,Please highlight inflammatory and connective soft tissue.,1549
pannuke_f3_1550,3,Bile-duct,Connective_Soft_tissue;Epithelial,Segment connective soft tissue and epithelial for feature extraction.,1550
pannuke_f3_1551,3,Bile-duct,Connective_Soft_tissue;Epithelial,Segmentation target: connective soft tissue and epithelial.,1551
pannuke_f3_1552,3,Bile-duct,Inflammatory;Connective_Soft_tissue,Highlight inflammatory and connective soft tissue cellular characteristics.,1552
pannuke_f3_1553,3,Bladder,Neoplastic;Connective_Soft_tissue,Segment present neoplastic and connective soft tissue tissue.,1553
pannuke_f3_1554,3,Bladder,Neoplastic;Connective_Soft_tissue,Which areas contain neoplastic and connective soft tissue?,1554
pannuke_f3_1555,3,Bladder,Neoplastic;Connective_Soft_tissue,This Bladder slide shows neoplastic and connective soft tissue. Segment it.,1555
pannuke_f3_1556,3,Bladder,Neoplastic;Connective_Soft_tissue,Segment clusters of neoplastic and connective soft tissue.,1556
pannuke_f3_1557,3,Bladder,Neoplastic;Inflammatory;Connective_Soft_tissue,"Identify neoplastic, inflammatory and connective soft tissue cellular morphology.",1557
pannuke_f3_1558,3,Bladder,Neoplastic;Inflammatory;Connective_Soft_tissue,"Highlight present neoplastic, inflammatory and connective soft tissue cells.",1558
pannuke_f3_1559,3,Bladder,Neoplastic;Connective_Soft_tissue,Draw neoplastic and connective soft tissue outlines.,1559
pannuke_f3_1560,3,Bladder,Neoplastic;Inflammatory;Connective_Soft_tissue,"Segment any neoplastic, inflammatory and connective soft tissue cells visible.",1560
pannuke_f3_1561,3,Bladder,Neoplastic;Inflammatory;Connective_Soft_tissue,"Identify neoplastic, inflammatory and connective soft tissue nuclear characteristics.",1561
pannuke_f3_1562,3,Bladder,Neoplastic;Inflammatory;Connective_Soft_tissue,"Mark neoplastic, inflammatory and connective soft tissue cytological features.",1562
pannuke_f3_1563,3,Bladder,Inflammatory;Connective_Soft_tissue,Distinguish all inflammatory and connective soft tissue areas.,1563
pannuke_f3_1564,3,Bladder,Inflammatory;Connective_Soft_tissue,"From the Bladder tissue, extract inflammatory and connective soft tissue regions.",1564
pannuke_f3_1565,3,Bladder,Neoplastic;Inflammatory;Connective_Soft_tissue,"Segment patches of neoplastic, inflammatory and connective soft tissue.",1565
pannuke_f3_1566,3,Bladder,,,1566
pannuke_f3_1567,3,Bladder,,,1567
pannuke_f3_1568,3,Bladder,,,1568
pannuke_f3_1569,3,Bladder,,,1569
pannuke_f3_1570,3,Bladder,,,1570
pannuke_f3_1571,3,Bladder,,,1571
pannuke_f3_1572,3,Bladder,,,1572
pannuke_f3_1573,3,Bladder,Inflammatory;Connective_Soft_tissue,Segment inflammatory and connective soft tissue areas in this slide.,1573
pannuke_f3_1574,3,Bladder,Connective_Soft_tissue,connective soft tissue is evident. Highlight the areas.,1574
pannuke_f3_1575,3,Bladder,Connective_Soft_tissue,Consider only connective soft tissue areas.,1575
pannuke_f3_1576,3,Bladder,Connective_Soft_tissue,Spot all connective soft tissue areas.,1576
pannuke_f3_1577,3,Bladder,Inflammatory;Connective_Soft_tissue,Detect inflammatory and connective soft tissue in this slide.,1577
pannuke_f3_1578,3,Bladder,Connective_Soft_tissue,Segment all visible connective soft tissue.,1578
pannuke_f3_1579,3,Bladder,Connective_Soft_tissue,There is connective soft tissue present. Mark it.,1579
pannuke_f3_1580,3,Bladder,Neoplastic,Outline neoplastic in the Bladder image.,1580
pannuke_f3_1581,3,Bladder,Neoplastic;Connective_Soft_tissue,Mark visible neoplastic and connective soft tissue tissue.,1581
pannuke_f3_1582,3,Bladder,Neoplastic;Inflammatory;Connective_Soft_tissue,"Objective: identify neoplastic, inflammatory and connective soft tissue regions.",1582
pannuke_f3_1583,3,Bladder,Neoplastic;Connective_Soft_tissue,Annotate all neoplastic and connective soft tissue areas.,1583
pannuke_f3_1584,3,Bladder,Neoplastic,"Within the Bladder, identify neoplastic.",1584
pannuke_f3_1585,3,Bladder,Neoplastic,Segment visible neoplastic areas.,1585
pannuke_f3_1586,3,Bladder,Neoplastic;Inflammatory;Connective_Soft_tissue,"Spot the neoplastic, inflammatory and connective soft tissue tissue.",1586
pannuke_f3_1587,3,Bladder,Neoplastic;Connective_Soft_tissue,Extract neoplastic and connective soft tissue regions from this image.,1587
pannuke_f3_1588,3,Bladder,Neoplastic;Inflammatory;Connective_Soft_tissue,"Segment the neoplastic, inflammatory and connective soft tissue tissue regions.",1588
pannuke_f3_1589,3,Bladder,Neoplastic;Connective_Soft_tissue,Identify neoplastic and connective soft tissue nuclear characteristics.,1589
pannuke_f3_1590,3,Bladder,Neoplastic;Inflammatory,Mark all neoplastic and inflammatory areas.,1590
pannuke_f3_1591,3,Bladder,Neoplastic,"In the Bladder specimen, label neoplastic.",1591
pannuke_f3_1592,3,Bladder,Neoplastic,Segment neoplastic histopathological features.,1592
pannuke_f3_1593,3,Bladder,Neoplastic,Determine neoplastic presence.,1593
pannuke_f3_1594,3,Bladder,Neoplastic;Inflammatory,Circle all neoplastic and inflammatory areas.,1594
pannuke_f3_1595,3,Bladder,Connective_Soft_tissue,"In Bladder histology, delineate connective soft tissue.",1595
pannuke_f3_1596,3,Bladder,Inflammatory;Connective_Soft_tissue,"Shown this histology, mark inflammatory and connective soft tissue.",1596
pannuke_f3_1597,3,Bladder,Inflammatory;Connective_Soft_tissue,"Throughout the Bladder tissue, mark inflammatory and connective soft tissue.",1597
pannuke_f3_1598,3,Bladder,Connective_Soft_tissue,"Looking at this tissue section, identify connective soft tissue.",1598
pannuke_f3_1599,3,Bladder,Connective_Soft_tissue,Point out visible connective soft tissue.,1599
pannuke_f3_1600,3,Bladder,Connective_Soft_tissue,Outline connective soft tissue architectural patterns.,1600
pannuke_f3_1601,3,Bladder,Connective_Soft_tissue,Mark connective soft tissue lesion areas.,1601
pannuke_f3_1602,3,Bladder,Inflammatory;Connective_Soft_tissue,Recognize visible inflammatory and connective soft tissue.,1602
pannuke_f3_1603,3,Bladder,Connective_Soft_tissue,You need to segment connective soft tissue.,1603
pannuke_f3_1604,3,Bladder,Connective_Soft_tissue,Segment connective soft tissue in the tissue matrix.,1604
pannuke_f3_1605,3,Bladder,Connective_Soft_tissue,Draw connective soft tissue outlines.,1605
pannuke_f3_1606,3,Bladder,Connective_Soft_tissue,Find connective soft tissue in this image.,1606
pannuke_f3_1607,3,Bladder,Connective_Soft_tissue,Segment the connective soft tissue components.,1607
pannuke_f3_1608,3,Bladder,Connective_Soft_tissue,Please segment connective soft tissue tissue.,1608
pannuke_f3_1609,3,Bladder,Connective_Soft_tissue,Delineate all connective soft tissue regions.,1609
pannuke_f3_1610,3,Bladder,Connective_Soft_tissue,Circle visible connective soft tissue.,1610
pannuke_f3_1611,3,Breast,,,1611
pannuke_f3_1612,3,Breast,Connective_Soft_tissue,Mark connective soft tissue in this slide.,1612
pannuke_f3_1613,3,Breast,Inflammatory;Connective_Soft_tissue;Epithelial,"Extract inflammatory, connective soft tissue and epithelial regions from this image.",1613
pannuke_f3_1614,3,Breast,Connective_Soft_tissue;Epithelial,Delineate the connective soft tissue and epithelial regions.,1614
pannuke_f3_1615,3,Breast,Inflammatory;Connective_Soft_tissue,What parts are inflammatory and connective soft tissue?,1615
pannuke_f3_1616,3,Breast,Connective_Soft_tissue;Epithelial,Highlight connective soft tissue and epithelial cellular characteristics.,1616
pannuke_f3_1617,3,Breast,Connective_Soft_tissue,Segment connective soft tissue for quantitative analysis.,1617
pannuke_f3_1618,3,Breast,Neoplastic;Inflammatory;Connective_Soft_tissue,"Spot the neoplastic, inflammatory and connective soft tissue tissue.",1618
pannuke_f3_1619,3,Breast,Neoplastic;Inflammatory;Connective_Soft_tissue,"Detect and segment neoplastic, inflammatory and connective soft tissue areas.",1619
pannuke_f3_1620,3,Breast,Inflammatory;Connective_Soft_tissue,Segment inflammatory and connective soft tissue nuclei.,1620
pannuke_f3_1621,3,Breast,Connective_Soft_tissue,"In this Breast tissue, segment connective soft tissue.",1621
pannuke_f3_1622,3,Breast,Neoplastic,Segment all visible neoplastic.,1622
pannuke_f3_1623,3,Breast,Neoplastic;Inflammatory;Connective_Soft_tissue,"Provide a complete segmentation of neoplastic, inflammatory and connective soft tissue regions.",1623
pannuke_f3_1624,3,Breast,Neoplastic;Connective_Soft_tissue,Segment the neoplastic and connective soft tissue with attention to boundary precision.,1624
pannuke_f3_1625,3,Breast,Neoplastic;Connective_Soft_tissue,Chart neoplastic and connective soft tissue distribution.,1625
pannuke_f3_1626,3,Breast,Neoplastic;Inflammatory;Connective_Soft_tissue,"Please identify neoplastic, inflammatory and connective soft tissue cells.",1626
pannuke_f3_1627,3,Breast,Neoplastic;Inflammatory;Connective_Soft_tissue,"Segment patches of neoplastic, inflammatory and connective soft tissue.",1627
pannuke_f3_1628,3,Breast,Neoplastic,Pinpoint the neoplastic regions.,1628
pannuke_f3_1629,3,Breast,Neoplastic,Can you mark neoplastic?,1629
pannuke_f3_1630,3,Breast,Neoplastic,Please show neoplastic regions.,1630
pannuke_f3_1631,3,Breast,Neoplastic;Inflammatory,Segment the entire neoplastic and inflammatory population.,1631
pannuke_f3_1632,3,Breast,Neoplastic,Delineate visible neoplastic tissue.,1632
pannuke_f3_1633,3,Breast,Neoplastic,Segment the neoplastic cell populations.,1633
pannuke_f3_1634,3,Breast,Neoplastic;Connective_Soft_tissue,Identify neoplastic and connective soft tissue regions in the Breast.,1634
pannuke_f3_1635,3,Breast,,,1635
pannuke_f3_1636,3,Breast,,,1636
pannuke_f3_1637,3,Breast,Neoplastic,Segment locations of neoplastic.,1637
pannuke_f3_1638,3,Breast,Neoplastic,Spot all neoplastic areas.,1638
pannuke_f3_1639,3,Breast,Neoplastic;Connective_Soft_tissue,Identify present neoplastic and connective soft tissue areas.,1639
pannuke_f3_1640,3,Breast,Inflammatory;Connective_Soft_tissue,Recognize visible inflammatory and connective soft tissue.,1640
pannuke_f3_1641,3,Breast,Connective_Soft_tissue,Segment the connective soft tissue cell population.,1641
pannuke_f3_1642,3,Breast,Inflammatory;Connective_Soft_tissue,Identify inflammatory and connective soft tissue abnormalities.,1642
pannuke_f3_1643,3,Breast,Inflammatory;Connective_Soft_tissue,Segment microscopic inflammatory and connective soft tissue features.,1643
pannuke_f3_1644,3,Breast,Inflammatory;Connective_Soft_tissue,Segment inflammatory and connective soft tissue in the Breast section.,1644
pannuke_f3_1645,3,Breast,,,1645
pannuke_f3_1646,3,Breast,,,1646
pannuke_f3_1647,3,Breast,,,1647
pannuke_f3_1648,3,Breast,,,1648
pannuke_f3_1649,3,Breast,Neoplastic;Inflammatory;Connective_Soft_tissue,"Mark neoplastic, inflammatory and connective soft tissue cytological features.",1649
pannuke_f3_1650,3,Breast,Neoplastic;Connective_Soft_tissue,Highlight present neoplastic and connective soft tissue regions.,1650
pannuke_f3_1651,3,Breast,Neoplastic;Connective_Soft_tissue,Recognize all neoplastic and connective soft tissue areas.,1651
pannuke_f3_1652,3,Breast,Neoplastic;Connective_Soft_tissue,Identify and mark neoplastic and connective soft tissue.,1652
pannuke_f3_1653,3,Breast,Neoplastic;Connective_Soft_tissue,Delineate neoplastic and connective soft tissue pathology in this section.,1653
pannuke_f3_1654,3,Breast,Neoplastic;Inflammatory;Connective_Soft_tissue,"Mark visible neoplastic, inflammatory and connective soft tissue tissue.",1654
pannuke_f3_1655,3,Breast,Neoplastic;Inflammatory;Connective_Soft_tissue,"Pinpoint the neoplastic, inflammatory and connective soft tissue regions.",1655
pannuke_f3_1656,3,Breast,Neoplastic;Inflammatory;Connective_Soft_tissue,"Discern visible neoplastic, inflammatory and connective soft tissue.",1656
pannuke_f3_1657,3,Breast,Neoplastic;Inflammatory;Connective_Soft_tissue,"Identify visible neoplastic, inflammatory and connective soft tissue tissue.",1657
pannuke_f3_1658,3,Breast,Neoplastic;Connective_Soft_tissue,Segment neoplastic and connective soft tissue in relation to stroma.,1658
pannuke_f3_1659,3,Breast,Neoplastic;Inflammatory;Connective_Soft_tissue,"Within Breast tissue, annotate neoplastic, inflammatory and connective soft tissue.",1659
pannuke_f3_1660,3,Breast,Neoplastic;Inflammatory;Connective_Soft_tissue,"Delineate neoplastic, inflammatory and connective soft tissue areas.",1660
pannuke_f3_1661,3,Breast,Neoplastic;Connective_Soft_tissue,Find neoplastic and connective soft tissue in this Breast sample.,1661
pannuke_f3_1662,3,Breast,Neoplastic;Connective_Soft_tissue,Segment the neoplastic and connective soft tissue tissue regions.,1662
pannuke_f3_1663,3,Breast,Neoplastic;Inflammatory;Connective_Soft_tissue,"Find the neoplastic, inflammatory and connective soft tissue areas.",1663
pannuke_f3_1664,3,Cervix,,,1664
pannuke_f3_1665,3,Cervix,,,1665
pannuke_f3_1666,3,Cervix,,,1666
pannuke_f3_1667,3,Cervix,,,1667
pannuke_f3_1668,3,Cervix,,,1668
pannuke_f3_1669,3,Cervix,,,1669
pannuke_f3_1670,3,Cervix,,,1670
pannuke_f3_1671,3,Cervix,Neoplastic,Please highlight neoplastic.,1671
pannuke_f3_1672,3,Cervix,Neoplastic;Inflammatory,Pay attention to neoplastic and inflammatory areas.,1672
pannuke_f3_1673,3,Cervix,Neoplastic;Inflammatory,Mark all neoplastic and inflammatory structures.,1673
pannuke_f3_1674,3,Cervix,Neoplastic;Inflammatory;Connective_Soft_tissue,"Identify present neoplastic, inflammatory and connective soft tissue cells.",1674
pannuke_f3_1675,3,Cervix,Neoplastic;Inflammatory;Connective_Soft_tissue,"Analyzing this sample, segment neoplastic, inflammatory and connective soft tissue areas.",1675
pannuke_f3_1676,3,Cervix,Neoplastic;Inflammatory;Connective_Soft_tissue,"Locate all neoplastic, inflammatory and connective soft tissue cells.",1676
pannuke_f3_1677,3,Cervix,Neoplastic;Inflammatory;Connective_Soft_tissue,"Pinpoint neoplastic, inflammatory and connective soft tissue in this Cervix.",1677
pannuke_f3_1678,3,Cervix,Neoplastic;Inflammatory,Output neoplastic and inflammatory regions.,1678
pannuke_f3_1679,3,Cervix,Connective_Soft_tissue,Scan for connective soft tissue cells.,1679
pannuke_f3_1680,3,Cervix,Connective_Soft_tissue,connective soft tissue can be seen. Identify and segment.,1680
pannuke_f3_1681,3,Cervix,Neoplastic;Inflammatory,Segment neoplastic and inflammatory nuclei.,1681
pannuke_f3_1682,3,Cervix,Neoplastic;Inflammatory,Review this Cervix slide and identify neoplastic and inflammatory.,1682
pannuke_f3_1683,3,Cervix,Neoplastic,Identify only neoplastic cells.,1683
pannuke_f3_1684,3,Cervix,Neoplastic;Inflammatory,"Examining this slide, mark all neoplastic and inflammatory regions.",1684
pannuke_f3_1685,3,Cervix,Neoplastic;Inflammatory;Connective_Soft_tissue,"Segment sites of neoplastic, inflammatory and connective soft tissue.",1685
pannuke_f3_1686,3,Cervix,Neoplastic;Inflammatory;Connective_Soft_tissue,"For this Cervix sample, mark neoplastic, inflammatory and connective soft tissue.",1686
pannuke_f3_1687,3,Cervix,Neoplastic;Inflammatory;Connective_Soft_tissue,"Segment only neoplastic, inflammatory and connective soft tissue.",1687
pannuke_f3_1688,3,Cervix,Neoplastic;Inflammatory;Connective_Soft_tissue,"Please identify neoplastic, inflammatory and connective soft tissue cells.",1688
pannuke_f3_1689,3,Cervix,Neoplastic;Inflammatory;Connective_Soft_tissue,"Identify visible neoplastic, inflammatory and connective soft tissue cells.",1689
pannuke_f3_1690,3,Cervix,Neoplastic;Inflammatory;Connective_Soft_tissue,"What regions contain neoplastic, inflammatory and connective soft tissue?",1690
pannuke_f3_1691,3,Cervix,Neoplastic;Inflammatory;Connective_Soft_tissue,"Delineate neoplastic, inflammatory and connective soft tissue in Cervix pathology.",1691
pannuke_f3_1692,3,Cervix,Inflammatory;Connective_Soft_tissue,Mark inflammatory and connective soft tissue ensuring complete coverage of affected areas.,1692
pannuke_f3_1693,3,Cervix,Connective_Soft_tissue,Point out the connective soft tissue areas.,1693
pannuke_f3_1694,3,Cervix,Inflammatory;Connective_Soft_tissue,"In the Cervix section, locate inflammatory and connective soft tissue.",1694
pannuke_f3_1695,3,Cervix,Neoplastic;Inflammatory;Connective_Soft_tissue,"Identify visible neoplastic, inflammatory and connective soft tissue structures.",1695
pannuke_f3_1696,3,Cervix,Neoplastic,Highlight neoplastic cells.,1696
pannuke_f3_1697,3,Cervix,Neoplastic,Identify neoplastic in the tissue microenvironment.,1697
pannuke_f3_1698,3,Cervix,Neoplastic,Segment the neoplastic cells.,1698
pannuke_f3_1699,3,Cervix,Neoplastic,Delineate all neoplastic tissue.,1699
pannuke_f3_1700,3,Cervix,Neoplastic,Identify visible neoplastic structures.,1700
pannuke_f3_1701,3,Colon,Epithelial,Identify the epithelial structures.,1701
pannuke_f3_1702,3,Colon,Inflammatory;Connective_Soft_tissue;Epithelial,"Segment inflammatory, connective soft tissue and epithelial in the Colon section.",1702
pannuke_f3_1703,3,Colon,Inflammatory;Connective_Soft_tissue;Epithelial,"Produce inflammatory, connective soft tissue and epithelial mask.",1703
pannuke_f3_1704,3,Colon,Inflammatory;Connective_Soft_tissue;Epithelial,"This section has inflammatory, connective soft tissue and epithelial. Locate and mark.",1704
pannuke_f3_1705,3,Colon,Connective_Soft_tissue;Epithelial,Provide a complete segmentation of connective soft tissue and epithelial regions.,1705
pannuke_f3_1706,3,Colon,Connective_Soft_tissue;Epithelial,Highlight visible connective soft tissue and epithelial structures.,1706
pannuke_f3_1707,3,Colon,Inflammatory;Connective_Soft_tissue;Epithelial,"Chart inflammatory, connective soft tissue and epithelial presence.",1707
pannuke_f3_1708,3,Colon,Connective_Soft_tissue;Epithelial,Delineate visible connective soft tissue and epithelial regions.,1708
pannuke_f3_1709,3,Colon,Inflammatory;Connective_Soft_tissue;Epithelial,"Where is inflammatory, connective soft tissue and epithelial located?",1709
pannuke_f3_1710,3,Colon,Inflammatory;Connective_Soft_tissue;Epithelial,"In this histopathology image, please segment inflammatory, connective soft tissue and epithelial.",1710
pannuke_f3_1711,3,Colon,Inflammatory;Connective_Soft_tissue;Epithelial,"Segment locations of inflammatory, connective soft tissue and epithelial.",1711
pannuke_f3_1712,3,Colon,Inflammatory;Connective_Soft_tissue;Epithelial,"Identify visible inflammatory, connective soft tissue and epithelial cells.",1712
pannuke_f3_1713,3,Colon,Inflammatory;Connective_Soft_tissue;Epithelial,"Separate inflammatory, connective soft tissue and epithelial regions.",1713
pannuke_f3_1714,3,Colon,Epithelial,Segment visible epithelial areas.,1714
pannuke_f3_1715,3,Colon,Inflammatory;Connective_Soft_tissue;Epithelial,"Segment the inflammatory, connective soft tissue and epithelial regions.",1715
pannuke_f3_1716,3,Colon,Inflammatory;Connective_Soft_tissue;Epithelial,"Where can you find inflammatory, connective soft tissue and epithelial?",1716
pannuke_f3_1717,3,Colon,Connective_Soft_tissue;Epithelial,Find connective soft tissue and epithelial in this image.,1717
pannuke_f3_1718,3,Colon,Inflammatory;Connective_Soft_tissue;Epithelial,"Segment the inflammatory, connective soft tissue and epithelial histological features.",1718
pannuke_f3_1719,3,Colon,Connective_Soft_tissue;Epithelial,The sample contains connective soft tissue and epithelial. Delineate the regions.,1719
pannuke_f3_1720,3,Colon,Inflammatory;Connective_Soft_tissue;Epithelial,"Analyze inflammatory, connective soft tissue and epithelial presence.",1720
pannuke_f3_1721,3,Colon,Inflammatory;Connective_Soft_tissue;Epithelial,"In the Colon section, locate inflammatory, connective soft tissue and epithelial.",1721
pannuke_f3_1722,3,Colon,Inflammatory;Connective_Soft_tissue;Epithelial,"Map inflammatory, connective soft tissue and epithelial distribution in Colon.",1722
pannuke_f3_1723,3,Colon,Connective_Soft_tissue;Epithelial,Concentrate on connective soft tissue and epithelial regions.,1723
pannuke_f3_1724,3,Colon,Connective_Soft_tissue;Epithelial,Identify present connective soft tissue and epithelial tissue.,1724
pannuke_f3_1725,3,Colon,Neoplastic;Inflammatory;Connective_Soft_tissue;Epithelial,"Mark neoplastic, inflammatory, connective soft tissue and epithelial for area measurement.",1725
pannuke_f3_1726,3,Colon,Inflammatory;Connective_Soft_tissue,Label the inflammatory and connective soft tissue regions.,1726
pannuke_f3_1727,3,Colon,Inflammatory;Connective_Soft_tissue;Epithelial,"Which regions show inflammatory, connective soft tissue and epithelial?",1727
pannuke_f3_1728,3,Colon,Inflammatory;Connective_Soft_tissue,Mark inflammatory and connective soft tissue in this Colon specimen.,1728
pannuke_f3_1729,3,Colon,Epithelial,Pay attention to epithelial areas.,1729
pannuke_f3_1730,3,Colon,Neoplastic;Inflammatory;Connective_Soft_tissue;Dead;Epithelial,"Identify only neoplastic, inflammatory, connective soft tissue, dead and epithelial cells.",1730
pannuke_f3_1731,3,Colon,Neoplastic,neoplastic can be seen. Identify and segment.,1731
pannuke_f3_1732,3,Colon,Inflammatory;Connective_Soft_tissue,Segment inflammatory and connective soft tissue being careful to capture all regions.,1732
pannuke_f3_1733,3,Colon,Inflammatory;Connective_Soft_tissue,Segment the inflammatory and connective soft tissue in this tissue sample.,1733
pannuke_f3_1734,3,Colon,Inflammatory;Connective_Soft_tissue;Epithelial,"Segment locations of inflammatory, connective soft tissue and epithelial.",1734
pannuke_f3_1735,3,Colon,Inflammatory;Connective_Soft_tissue;Epithelial,"Identify visible inflammatory, connective soft tissue and epithelial areas.",1735
pannuke_f3_1736,3,Colon,Inflammatory;Connective_Soft_tissue;Epithelial,"Segment inflammatory, connective soft tissue and epithelial for feature extraction.",1736
pannuke_f3_1737,3,Colon,Connective_Soft_tissue;Epithelial,Identify connective soft tissue and epithelial components.,1737
pannuke_f3_1738,3,Colon,Inflammatory;Connective_Soft_tissue;Epithelial,"The objective is to mark inflammatory, connective soft tissue and epithelial.",1738
pannuke_f3_1739,3,Colon,Epithelial,Delineate the epithelial regions.,1739
pannuke_f3_1740,3,Colon,Inflammatory;Connective_Soft_tissue;Epithelial,"Segment patches of inflammatory, connective soft tissue and epithelial.",1740
pannuke_f3_1741,3,Colon,Connective_Soft_tissue;Epithelial,Segment present connective soft tissue and epithelial structures.,1741
pannuke_f3_1742,3,Colon,Epithelial,Segment all epithelial in the field.,1742
pannuke_f3_1743,3,Colon,,,1743
pannuke_f3_1744,3,Colon,Neoplastic,Spot all neoplastic areas.,1744
pannuke_f3_1745,3,Colon,Neoplastic;Inflammatory;Connective_Soft_tissue,"Mark all neoplastic, inflammatory and connective soft tissue tissue.",1745
pannuke_f3_1746,3,Colon,Neoplastic;Inflammatory;Connective_Soft_tissue;Epithelial,"Discern visible neoplastic, inflammatory, connective soft tissue and epithelial.",1746
pannuke_f3_1747,3,Colon,Connective_Soft_tissue;Epithelial,Segment connective soft tissue and epithelial in this histology image.,1747
pannuke_f3_1748,3,Colon,Connective_Soft_tissue;Epithelial,Separate connective soft tissue and epithelial from other tissue.,1748
pannuke_f3_1749,3,Colon,Inflammatory;Connective_Soft_tissue,Distinguish inflammatory and connective soft tissue from other tissue.,1749
pannuke_f3_1750,3,Colon,Connective_Soft_tissue,Please segment connective soft tissue.,1750
pannuke_f3_1751,3,Colon,Connective_Soft_tissue,Highlight connective soft tissue cellular characteristics.,1751
pannuke_f3_1752,3,Colon,Connective_Soft_tissue,Pay attention to connective soft tissue areas.,1752
pannuke_f3_1753,3,Colon,Connective_Soft_tissue,Identify histological regions showing connective soft tissue.,1753
pannuke_f3_1754,3,Colon,Connective_Soft_tissue,Detect visible connective soft tissue.,1754
pannuke_f3_1755,3,Colon,Connective_Soft_tissue,connective soft tissue is present in this slide. Segment it.,1755
pannuke_f3_1756,3,Colon,Connective_Soft_tissue;Epithelial,Target connective soft tissue and epithelial regions.,1756
pannuke_f3_1757,3,Colon,,,1757
pannuke_f3_1758,3,Colon,Epithelial,You need to segment epithelial.,1758
pannuke_f3_1759,3,Colon,Connective_Soft_tissue,Segment any connective soft tissue present.,1759
pannuke_f3_1760,3,Colon,Neoplastic,Segment patches of neoplastic.,1760
pannuke_f3_1761,3,Colon,Epithelial,Mark all epithelial regions.,1761
pannuke_f3_1762,3,Colon,Inflammatory;Connective_Soft_tissue;Epithelial,"Examining this slide, mark all inflammatory, connective soft tissue and epithelial regions.",1762
pannuke_f3_1763,3,Colon,Connective_Soft_tissue;Epithelial,Meticulously outline the connective soft tissue and epithelial regions for analysis.,1763
pannuke_f3_1764,3,Colon,Inflammatory;Connective_Soft_tissue;Epithelial,"Locate inflammatory, connective soft tissue and epithelial in this slide.",1764
pannuke_f3_1765,3,Colon,Inflammatory;Connective_Soft_tissue;Epithelial,"Mark present inflammatory, connective soft tissue and epithelial areas.",1765
pannuke_f3_1766,3,Colon,Inflammatory;Connective_Soft_tissue;Epithelial,"Segment only inflammatory, connective soft tissue and epithelial.",1766
pannuke_f3_1767,3,Colon,Inflammatory;Connective_Soft_tissue;Epithelial,"Your task: segment inflammatory, connective soft tissue and epithelial in this image.",1767
pannuke_f3_1768,3,Colon,Inflammatory;Connective_Soft_tissue;Epithelial,"Delineate inflammatory, connective soft tissue and epithelial for pattern recognition.",1768
pannuke_f3_1769,3,Colon,Connective_Soft_tissue;Epithelial,Segment the entire connective soft tissue and epithelial population.,1769
pannuke_f3_1770,3,Colon,Inflammatory;Connective_Soft_tissue;Epithelial,"Segment all inflammatory, connective soft tissue and epithelial tissue.",1770
pannuke_f3_1771,3,Colon,Inflammatory;Connective_Soft_tissue;Epithelial,"Label all inflammatory, connective soft tissue and epithelial areas.",1771
pannuke_f3_1772,3,Colon,Connective_Soft_tissue;Epithelial,Mark connective soft tissue and epithelial lesion areas.,1772
pannuke_f3_1773,3,Colon,Connective_Soft_tissue;Epithelial,Segment visible connective soft tissue and epithelial structures.,1773
pannuke_f3_1774,3,Colon,Inflammatory;Connective_Soft_tissue;Epithelial,"Can you locate inflammatory, connective soft tissue and epithelial?",1774
pannuke_f3_1775,3,Colon,Epithelial,Segment epithelial for pathological assessment.,1775
pannuke_f3_1776,3,Colon,Epithelial,Identify all epithelial structures.,1776
pannuke_f3_1777,3,Colon,,,1777
pannuke_f3_1778,3,Colon,Connective_Soft_tissue,Target connective soft tissue in this image.,1778
pannuke_f3_1779,3,Colon,,,1779
pannuke_f3_1780,3,Colon,,,1780
pannuke_f3_1781,3,Colon,Connective_Soft_tissue,Identify connective soft tissue cellular morphology.,1781
pannuke_f3_1782,3,Colon,Epithelial,Identify epithelial chromatin patterns.,1782
pannuke_f3_1783,3,Colon,Inflammatory;Epithelial,Identify inflammatory and epithelial components.,1783
pannuke_f3_1784,3,Colon,Epithelial,Trace the epithelial regions.,1784
pannuke_f3_1785,3,Colon,Inflammatory;Connective_Soft_tissue;Epithelial,"Segment inflammatory, connective soft tissue and epithelial for quantitative analysis.",1785
pannuke_f3_1786,3,Colon,Inflammatory;Connective_Soft_tissue;Epithelial,"Highlight present inflammatory, connective soft tissue and epithelial regions.",1786
pannuke_f3_1787,3,Colon,Inflammatory;Connective_Soft_tissue;Epithelial,"Identify inflammatory, connective soft tissue and epithelial for spatial analysis.",1787
pannuke_f3_1788,3,Colon,Inflammatory;Connective_Soft_tissue;Epithelial,"Distinguish the inflammatory, connective soft tissue and epithelial regions.",1788
pannuke_f3_1789,3,Colon,Inflammatory;Connective_Soft_tissue;Epithelial,"Segment zones of inflammatory, connective soft tissue and epithelial.",1789
pannuke_f3_1790,3,Colon,Connective_Soft_tissue;Epithelial,Mark visible connective soft tissue and epithelial areas.,1790
pannuke_f3_1791,3,Colon,Inflammatory;Epithelial,Outline the inflammatory and epithelial boundaries.,1791
pannuke_f3_1792,3,Colon,Inflammatory;Connective_Soft_tissue;Epithelial,"Delineate inflammatory, connective soft tissue and epithelial areas.",1792
pannuke_f3_1793,3,Colon,Epithelial,Highlight epithelial cells.,1793
pannuke_f3_1794,3,Colon,Inflammatory;Connective_Soft_tissue;Epithelial,"Sketch inflammatory, connective soft tissue and epithelial boundaries.",1794
pannuke_f3_1795,3,Colon,Connective_Soft_tissue;Epithelial,Outline connective soft tissue and epithelial cells.,1795
pannuke_f3_1796,3,Colon,Connective_Soft_tissue;Epithelial,Segment present connective soft tissue and epithelial areas.,1796
pannuke_f3_1797,3,Colon,,,1797
pannuke_f3_1798,3,Colon,Inflammatory;Connective_Soft_tissue;Epithelial,"Determine inflammatory, connective soft tissue and epithelial location.",1798
pannuke_f3_1799,3,Colon,Inflammatory;Connective_Soft_tissue,Identify inflammatory and connective soft tissue features in Colon.,1799
pannuke_f3_1800,3,Colon,Connective_Soft_tissue;Epithelial,Delineate connective soft tissue and epithelial areas.,1800
pannuke_f3_1801,3,Colon,Inflammatory;Connective_Soft_tissue,"On this Colon image, highlight inflammatory and connective soft tissue.",1801
pannuke_f3_1802,3,Colon,Inflammatory;Connective_Soft_tissue;Epithelial,"Mark present inflammatory, connective soft tissue and epithelial areas.",1802
pannuke_f3_1803,3,Colon,,,1803
pannuke_f3_1804,3,Colon,,,1804
pannuke_f3_1805,3,Colon,,,1805
pannuke_f3_1806,3,Colon,Inflammatory;Connective_Soft_tissue;Epithelial,"Delineate visible inflammatory, connective soft tissue and epithelial areas.",1806
pannuke_f3_1807,3,Colon,Inflammatory;Connective_Soft_tissue;Epithelial,"Scan for inflammatory, connective soft tissue and epithelial cells.",1807
pannuke_f3_1808,3,Colon,Inflammatory;Connective_Soft_tissue;Epithelial,"Isolate inflammatory, connective soft tissue and epithelial cells.",1808
pannuke_f3_1809,3,Colon,Epithelial,Segment epithelial histopathological features.,1809
pannuke_f3_1810,3,Colon,Inflammatory;Connective_Soft_tissue;Epithelial,"In Colon histology, delineate inflammatory, connective soft tissue and epithelial.",1810
pannuke_f3_1811,3,Colon,Inflammatory;Connective_Soft_tissue;Epithelial,"Examine inflammatory, connective soft tissue and epithelial distribution.",1811
pannuke_f3_1812,3,Colon,Inflammatory;Connective_Soft_tissue;Epithelial,"Focus solely on inflammatory, connective soft tissue and epithelial.",1812
pannuke_f3_1813,3,Colon,Inflammatory;Connective_Soft_tissue;Epithelial,"Please find inflammatory, connective soft tissue and epithelial.",1813
pannuke_f3_1814,3,Colon,Connective_Soft_tissue;Epithelial,Output connective soft tissue and epithelial regions.,1814
pannuke_f3_1815,3,Colon,Inflammatory;Connective_Soft_tissue;Epithelial,"Identify inflammatory, connective soft tissue and epithelial chromatin patterns.",1815
pannuke_f3_1816,3,Colon,Inflammatory;Connective_Soft_tissue;Epithelial,"Where can you find inflammatory, connective soft tissue and epithelial?",1816
pannuke_f3_1817,3,Colon,Inflammatory;Connective_Soft_tissue;Epithelial,"The tissue shows inflammatory, connective soft tissue and epithelial. Mark the areas.",1817
pannuke_f3_1818,3,Colon,Inflammatory;Connective_Soft_tissue;Epithelial,"Segment the inflammatory, connective soft tissue and epithelial portions.",1818
pannuke_f3_1819,3,Colon,Inflammatory;Connective_Soft_tissue;Epithelial,"Identify visible inflammatory, connective soft tissue and epithelial tissue.",1819
pannuke_f3_1820,3,Colon,Inflammatory;Connective_Soft_tissue;Epithelial,"Segment the inflammatory, connective soft tissue and epithelial components.",1820
pannuke_f3_1821,3,Colon,Inflammatory;Connective_Soft_tissue;Epithelial,"Please locate inflammatory, connective soft tissue and epithelial.",1821
pannuke_f3_1822,3,Colon,Inflammatory;Connective_Soft_tissue;Epithelial,"Mark all inflammatory, connective soft tissue and epithelial tissue.",1822
pannuke_f3_1823,3,Colon,Epithelial,Generate epithelial segmentation.,1823
pannuke_f3_1824,3,Colon,Epithelial,Outline epithelial areas.,1824
pannuke_f3_1825,3,Colon,Inflammatory;Connective_Soft_tissue;Epithelial,"In the Colon microstructure, find inflammatory, connective soft tissue and epithelial.",1825
pannuke_f3_1826,3,Colon,Inflammatory;Epithelial,Delineate present inflammatory and epithelial structures.,1826
pannuke_f3_1827,3,Colon,Inflammatory;Connective_Soft_tissue;Epithelial,"Discern inflammatory, connective soft tissue and epithelial cells.",1827
pannuke_f3_1828,3,Colon,Inflammatory;Connective_Soft_tissue;Epithelial,"Please locate inflammatory, connective soft tissue and epithelial.",1828
pannuke_f3_1829,3,Colon,Inflammatory;Connective_Soft_tissue;Epithelial,"Annotate the inflammatory, connective soft tissue and epithelial regions.",1829
pannuke_f3_1830,3,Colon,Connective_Soft_tissue;Epithelial,Segment connective soft tissue and epithelial membrane patterns.,1830
pannuke_f3_1831,3,Colon,Inflammatory;Epithelial,Outline inflammatory and epithelial cells.,1831
pannuke_f3_1832,3,Colon,,,1832
pannuke_f3_1833,3,Colon,,,1833
pannuke_f3_1834,3,Colon,,,1834
pannuke_f3_1835,3,Colon,,,1835
pannuke_f3_1836,3,Colon,,,1836
pannuke_f3_1837,3,Colon,,,1837
pannuke_f3_1838,3,Colon,,,1838
pannuke_f3_1839,3,Colon,,,1839
pannuke_f3_1840,3,Colon,,,1840
pannuke_f3_1841,3,Colon,,,1841
pannuke_f3_1842,3,Colon,,,1842
pannuke_f3_1843,3,Colon,,,1843
pannuke_f3_1844,3,Colon,,,1844
pannuke_f3_1845,3,Colon,,,1845
pannuke_f3_1846,3,Colon,,,1846
pannuke_f3_1847,3,Colon,,,1847
pannuke_f3_1848,3,Colon,,,1848
pannuke_f3_1849,3,Colon,,,1849
pannuke_f3_1850,3,Colon,,,1850
pannuke_f3_1851,3,Colon,,,1851
pannuke_f3_1852,3,Colon,,,1852
pannuke_f3_1853,3,Colon,,,1853
pannuke_f3_1854,3,Colon,,,1854
pannuke_f3_1855,3,Colon,,,1855
pannuke_f3_1856,3,Colon,,,1856
pannuke_f3_1857,3,Colon,,,1857
pannuke_f3_1858,3,Colon,,,1858
pannuke_f3_1859,3,Colon,,,1859
pannuke_f3_1860,3,Colon,,,1860
pannuke_f3_1861,3,Colon,,,1861
pannuke_f3_1862,3,Colon,,,1862
pannuke_f3_1863,3,Colon,Neoplastic;Inflammatory;Connective_Soft_tissue;Epithelial,"Segment clusters of neoplastic, inflammatory, connective soft tissue and epithelial.",1863
pannuke_f3_1864,3,Colon,Inflammatory;Connective_Soft_tissue;Epithelial,"Target class: inflammatory, connective soft tissue and epithelial.",1864
pannuke_f3_1865,3,Colon,Inflammatory;Epithelial,Delineate visible inflammatory and epithelial cells.,1865
pannuke_f3_1866,3,Colon,Inflammatory;Connective_Soft_tissue;Epithelial,"What regions contain inflammatory, connective soft tissue and epithelial?",1866
pannuke_f3_1867,3,Colon,Inflammatory;Connective_Soft_tissue;Epithelial,"Identify inflammatory, connective soft tissue and epithelial cellular morphology.",1867
pannuke_f3_1868,3,Colon,Inflammatory;Connective_Soft_tissue;Epithelial,"Isolate inflammatory, connective soft tissue and epithelial regions.",1868
pannuke_f3_1869,3,Colon,Inflammatory;Connective_Soft_tissue;Epithelial,"Please find inflammatory, connective soft tissue and epithelial.",1869
pannuke_f3_1870,3,Colon,Inflammatory;Connective_Soft_tissue;Epithelial,"Identify areas of inflammatory, connective soft tissue and epithelial concentration.",1870
pannuke_f3_1871,3,Colon,Inflammatory;Epithelial,Locate inflammatory and epithelial in this slide.,1871
pannuke_f3_1872,3,Colon,Inflammatory;Connective_Soft_tissue;Epithelial,"Required: inflammatory, connective soft tissue and epithelial segmentation.",1872
pannuke_f3_1873,3,Colon,Inflammatory;Epithelial,Spot all inflammatory and epithelial areas.,1873
pannuke_f3_1874,3,Colon,Inflammatory;Connective_Soft_tissue;Epithelial,"Identify inflammatory, connective soft tissue and epithelial in this image.",1874
pannuke_f3_1875,3,Colon,Inflammatory;Connective_Soft_tissue,Outline all inflammatory and connective soft tissue structures.,1875
pannuke_f3_1876,3,Colon,Inflammatory;Epithelial,Segment the inflammatory and epithelial in this tissue sample.,1876
pannuke_f3_1877,3,Colon,Inflammatory;Epithelial,Mark inflammatory and epithelial in this biopsy sample.,1877
pannuke_f3_1878,3,Colon,Inflammatory;Epithelial,Mark present inflammatory and epithelial tissue.,1878
pannuke_f3_1879,3,Colon,Inflammatory;Connective_Soft_tissue,The sample contains inflammatory and connective soft tissue. Delineate the regions.,1879
pannuke_f3_1880,3,Colon,Inflammatory;Connective_Soft_tissue;Epithelial,"Label visible inflammatory, connective soft tissue and epithelial.",1880
pannuke_f3_1881,3,Colon,Inflammatory;Connective_Soft_tissue;Epithelial,"Identify all inflammatory, connective soft tissue and epithelial cells.",1881
pannuke_f3_1882,3,Colon,Inflammatory;Connective_Soft_tissue;Epithelial,"Identify present inflammatory, connective soft tissue and epithelial tissue.",1882
pannuke_f3_1883,3,Colon,Inflammatory;Connective_Soft_tissue,Mark present inflammatory and connective soft tissue cells.,1883
pannuke_f3_1884,3,Colon,Epithelial,Segment regions with epithelial.,1884
pannuke_f3_1885,3,Colon,Epithelial,"Analyzing this sample, segment epithelial areas.",1885
pannuke_f3_1886,3,Colon,Inflammatory;Connective_Soft_tissue;Epithelial,"In Colon histology, delineate inflammatory, connective soft tissue and epithelial.",1886
pannuke_f3_1887,3,Colon,Inflammatory;Connective_Soft_tissue,Segment inflammatory and connective soft tissue throughout the image.,1887
pannuke_f3_1888,3,Colon,Connective_Soft_tissue;Epithelial,Segment all connective soft tissue and epithelial tissue.,1888
pannuke_f3_1889,3,Colon,Epithelial,Detect visible epithelial.,1889
pannuke_f3_1890,3,Colon,Inflammatory;Connective_Soft_tissue;Epithelial,"Generate a comprehensive mask for inflammatory, connective soft tissue and epithelial.",1890
pannuke_f3_1891,3,Colon,Inflammatory;Connective_Soft_tissue;Epithelial,"Can you find inflammatory, connective soft tissue and epithelial?",1891
pannuke_f3_1892,3,Colon,Inflammatory;Epithelial,Mark all inflammatory and epithelial structures.,1892
pannuke_f3_1893,3,Colon,Epithelial,Separate epithelial cells.,1893
pannuke_f3_1894,3,Colon,,,1894
pannuke_f3_1895,3,Colon,Inflammatory;Connective_Soft_tissue;Epithelial,"Mark visible inflammatory, connective soft tissue and epithelial regions.",1895
pannuke_f3_1896,3,Colon,,,1896
pannuke_f3_1897,3,Colon,,,1897
pannuke_f3_1898,3,Colon,Inflammatory;Connective_Soft_tissue,Find all inflammatory and connective soft tissue cells.,1898
pannuke_f3_1899,3,Colon,Inflammatory;Connective_Soft_tissue,Detect the inflammatory and connective soft tissue regions.,1899
pannuke_f3_1900,3,Colon,Connective_Soft_tissue,"Observing this sample, delineate connective soft tissue.",1900
pannuke_f3_1901,3,Colon,Connective_Soft_tissue,Segment extent of connective soft tissue.,1901
pannuke_f3_1902,3,Colon,Connective_Soft_tissue,What parts are connective soft tissue?,1902
pannuke_f3_1903,3,Colon,Connective_Soft_tissue,Locate visible connective soft tissue.,1903
pannuke_f3_1904,3,Colon,Connective_Soft_tissue,"Within Colon tissue, annotate connective soft tissue.",1904
pannuke_f3_1905,3,Colon,Connective_Soft_tissue,Objective: identify connective soft tissue regions.,1905
pannuke_f3_1906,3,Colon,Connective_Soft_tissue,Detect and segment connective soft tissue areas.,1906
pannuke_f3_1907,3,Colon,Connective_Soft_tissue,Segment the connective soft tissue with attention to boundary precision.,1907
pannuke_f3_1908,3,Colon,Inflammatory;Connective_Soft_tissue,Segment present inflammatory and connective soft tissue areas.,1908
pannuke_f3_1909,3,Colon,Inflammatory;Connective_Soft_tissue,Outline inflammatory and connective soft tissue areas.,1909
pannuke_f3_1910,3,Colon,Connective_Soft_tissue,This section has connective soft tissue. Locate and mark.,1910
pannuke_f3_1911,3,Colon,Connective_Soft_tissue,"From the Colon tissue, extract connective soft tissue regions.",1911
pannuke_f3_1912,3,Colon,Connective_Soft_tissue,"Looking at this tissue section, identify connective soft tissue.",1912
pannuke_f3_1913,3,Colon,Connective_Soft_tissue,Find all connective soft tissue cells.,1913
pannuke_f3_1914,3,Colon,Connective_Soft_tissue,Recognize connective soft tissue in Colon pathology.,1914
pannuke_f3_1915,3,Colon,Inflammatory;Connective_Soft_tissue,Segment the inflammatory and connective soft tissue cell populations.,1915
pannuke_f3_1916,3,Colon,Connective_Soft_tissue,Generate a comprehensive mask for connective soft tissue.,1916
pannuke_f3_1917,3,Colon,Connective_Soft_tissue,Segment connective soft tissue for feature extraction.,1917
pannuke_f3_1918,3,Colon,Connective_Soft_tissue;Epithelial,Can you find connective soft tissue and epithelial?,1918
pannuke_f3_1919,3,Colon,Connective_Soft_tissue;Epithelial,Find connective soft tissue and epithelial in this image.,1919
pannuke_f3_1920,3,Colon,Connective_Soft_tissue;Epithelial,Produce a detailed outline of connective soft tissue and epithelial structures.,1920
pannuke_f3_1921,3,Colon,Inflammatory;Connective_Soft_tissue;Epithelial,"Analyze inflammatory, connective soft tissue and epithelial presence.",1921
pannuke_f3_1922,3,Colon,Epithelial,Segment the epithelial infiltration.,1922
pannuke_f3_1923,3,Colon,Inflammatory;Connective_Soft_tissue;Epithelial,"Mark visible inflammatory, connective soft tissue and epithelial areas.",1923
pannuke_f3_1924,3,Colon,Inflammatory;Connective_Soft_tissue;Epithelial,"Where is the inflammatory, connective soft tissue and epithelial in this image?",1924
pannuke_f3_1925,3,Colon,Inflammatory;Connective_Soft_tissue,Delineate inflammatory and connective soft tissue areas.,1925
pannuke_f3_1926,3,Colon,Inflammatory;Connective_Soft_tissue,Show me all inflammatory and connective soft tissue.,1926
pannuke_f3_1927,3,Colon,Connective_Soft_tissue;Epithelial,Create mask for connective soft tissue and epithelial.,1927
pannuke_f3_1928,3,Colon,Connective_Soft_tissue;Epithelial,Highlight all connective soft tissue and epithelial structures.,1928
pannuke_f3_1929,3,Colon,Epithelial,What regions contain epithelial?,1929
pannuke_f3_1930,3,Colon,Connective_Soft_tissue;Epithelial,You should identify connective soft tissue and epithelial.,1930
pannuke_f3_1931,3,Colon,Inflammatory;Connective_Soft_tissue;Epithelial,"Segment all inflammatory, connective soft tissue and epithelial in the field.",1931
pannuke_f3_1932,3,Colon,Connective_Soft_tissue;Epithelial,Can you identify connective soft tissue and epithelial?,1932
pannuke_f3_1933,3,Colon,Connective_Soft_tissue;Epithelial,Mark connective soft tissue and epithelial structures in Colon.,1933
pannuke_f3_1934,3,Colon,Inflammatory;Connective_Soft_tissue;Epithelial,"Delineate all inflammatory, connective soft tissue and epithelial structures.",1934
pannuke_f3_1935,3,Colon,Inflammatory;Connective_Soft_tissue;Epithelial,"Indicate all inflammatory, connective soft tissue and epithelial cells.",1935
pannuke_f3_1936,3,Colon,Inflammatory;Connective_Soft_tissue;Epithelial,"Where are inflammatory, connective soft tissue and epithelial cells visible?",1936
pannuke_f3_1937,3,Colon,Connective_Soft_tissue;Epithelial,Mark connective soft tissue and epithelial distribution pattern.,1937
pannuke_f3_1938,3,Colon,Connective_Soft_tissue;Epithelial,What parts are connective soft tissue and epithelial?,1938
pannuke_f3_1939,3,Colon,Neoplastic;Inflammatory,Highlight visible neoplastic and inflammatory areas.,1939
pannuke_f3_1940,3,Colon,Neoplastic,Define neoplastic regions.,1940
pannuke_f3_1941,3,Colon,Neoplastic,Please mark neoplastic areas.,1941
pannuke_f3_1942,3,Colon,Neoplastic;Dead,Carefully segment all neoplastic and dead regions visible in this histopathology image.,1942
pannuke_f3_1943,3,Colon,Neoplastic,Delineate visible neoplastic regions.,1943
pannuke_f3_1944,3,Colon,Neoplastic;Inflammatory;Dead,"Delineate visible neoplastic, inflammatory and dead cells.",1944
pannuke_f3_1945,3,Colon,Neoplastic;Inflammatory,Draw neoplastic and inflammatory boundaries.,1945
pannuke_f3_1946,3,Colon,Neoplastic,Segment neoplastic being careful to capture all regions.,1946
pannuke_f3_1947,3,Esophagus,Neoplastic;Inflammatory;Connective_Soft_tissue,"Segment any neoplastic, inflammatory and connective soft tissue cells visible.",1947
pannuke_f3_1948,3,Esophagus,Neoplastic;Inflammatory;Connective_Soft_tissue,"Look for neoplastic, inflammatory and connective soft tissue in this slide.",1948
pannuke_f3_1949,3,Esophagus,Neoplastic;Inflammatory;Connective_Soft_tissue,"Document neoplastic, inflammatory and connective soft tissue in this Esophagus sample.",1949
pannuke_f3_1950,3,Esophagus,Neoplastic;Inflammatory;Connective_Soft_tissue,"Segment all neoplastic, inflammatory and connective soft tissue structures.",1950
pannuke_f3_1951,3,Esophagus,Neoplastic;Inflammatory,Locate and segment neoplastic and inflammatory.,1951
pannuke_f3_1952,3,Esophagus,Neoplastic;Inflammatory,Identify all neoplastic and inflammatory tissue.,1952
pannuke_f3_1953,3,Esophagus,Neoplastic;Inflammatory;Connective_Soft_tissue,"Across the Esophagus section, segment neoplastic, inflammatory and connective soft tissue.",1953
pannuke_f3_1954,3,Esophagus,Neoplastic;Inflammatory,Segment the neoplastic and inflammatory sections.,1954
pannuke_f3_1955,3,Esophagus,Neoplastic,Segment patches of neoplastic.,1955
pannuke_f3_1956,3,Esophagus,Neoplastic;Inflammatory,Review this Esophagus slide and identify neoplastic and inflammatory.,1956
pannuke_f3_1957,3,Esophagus,Neoplastic;Inflammatory,Highlight the neoplastic and inflammatory regions.,1957
pannuke_f3_1958,3,Esophagus,Neoplastic;Inflammatory;Connective_Soft_tissue,"Segment regions with neoplastic, inflammatory and connective soft tissue.",1958
pannuke_f3_1959,3,Esophagus,Neoplastic;Connective_Soft_tissue,Segment neoplastic and connective soft tissue for quantitative analysis.,1959
pannuke_f3_1960,3,Esophagus,Neoplastic;Inflammatory,Delineate neoplastic and inflammatory areas.,1960
pannuke_f3_1961,3,Esophagus,Neoplastic;Inflammatory;Connective_Soft_tissue,"Mark neoplastic, inflammatory and connective soft tissue adjacent to epithelium.",1961
pannuke_f3_1962,3,Esophagus,Neoplastic;Connective_Soft_tissue,Provide mask for neoplastic and connective soft tissue.,1962
pannuke_f3_1963,3,Esophagus,Connective_Soft_tissue,"For this Esophagus sample, mark connective soft tissue.",1963
pannuke_f3_1964,3,Esophagus,Neoplastic;Inflammatory,Label the neoplastic and inflammatory regions.,1964
pannuke_f3_1965,3,Esophagus,Neoplastic;Inflammatory;Connective_Soft_tissue;Dead,"Segment the neoplastic, inflammatory, connective soft tissue and dead nuclei.",1965
pannuke_f3_1966,3,Esophagus,Neoplastic;Inflammatory;Connective_Soft_tissue;Dead,"Define neoplastic, inflammatory, connective soft tissue and dead extent.",1966
pannuke_f3_1967,3,Esophagus,Connective_Soft_tissue;Dead,Purpose: delineate connective soft tissue and dead boundaries.,1967
pannuke_f3_1968,3,Esophagus,Neoplastic;Inflammatory;Connective_Soft_tissue,"Pinpoint the neoplastic, inflammatory and connective soft tissue tissue.",1968
pannuke_f3_1969,3,Esophagus,Neoplastic;Inflammatory;Connective_Soft_tissue,"Delineate present neoplastic, inflammatory and connective soft tissue areas.",1969
pannuke_f3_1970,3,Esophagus,Neoplastic;Inflammatory;Connective_Soft_tissue,"Outline neoplastic, inflammatory and connective soft tissue in the Esophagus image.",1970
pannuke_f3_1971,3,Esophagus,Neoplastic;Connective_Soft_tissue,Segment the neoplastic and connective soft tissue sections.,1971
pannuke_f3_1972,3,Esophagus,Neoplastic;Connective_Soft_tissue,Identify the neoplastic and connective soft tissue structures.,1972
pannuke_f3_1973,3,Esophagus,Inflammatory;Connective_Soft_tissue,Segment all visible inflammatory and connective soft tissue.,1973
pannuke_f3_1974,3,Esophagus,Inflammatory;Connective_Soft_tissue,Show me all inflammatory and connective soft tissue.,1974
pannuke_f3_1975,3,Esophagus,Inflammatory;Connective_Soft_tissue,Trace the inflammatory and connective soft tissue outlines.,1975
pannuke_f3_1976,3,Esophagus,Inflammatory;Connective_Soft_tissue,Emphasize inflammatory and connective soft tissue regions.,1976
pannuke_f3_1977,3,Esophagus,Inflammatory;Connective_Soft_tissue,Delineate present inflammatory and connective soft tissue cells.,1977
pannuke_f3_1978,3,Esophagus,Neoplastic;Inflammatory;Connective_Soft_tissue,"Given this pathology slide, segment neoplastic, inflammatory and connective soft tissue.",1978
pannuke_f3_1979,3,Esophagus,Inflammatory;Connective_Soft_tissue,Outline inflammatory and connective soft tissue in the Esophagus image.,1979
pannuke_f3_1980,3,Esophagus,Inflammatory;Connective_Soft_tissue,Mark inflammatory and connective soft tissue cells in this Esophagus sample.,1980
pannuke_f3_1981,3,Esophagus,Connective_Soft_tissue,connective soft tissue is visible. Segment the regions.,1981
pannuke_f3_1982,3,Esophagus,Connective_Soft_tissue,Distinguish the connective soft tissue regions.,1982
pannuke_f3_1983,3,Esophagus,Connective_Soft_tissue,Highlight connective soft tissue in this Esophagus slide.,1983
pannuke_f3_1984,3,Esophagus,Connective_Soft_tissue,Locate the connective soft tissue areas.,1984
pannuke_f3_1985,3,Esophagus,Connective_Soft_tissue,Record connective soft tissue regions in Esophagus.,1985
pannuke_f3_1986,3,Esophagus,Connective_Soft_tissue,Identify parenchymal connective soft tissue.,1986
pannuke_f3_1987,3,HeadNeck,,,1987
pannuke_f3_1988,3,HeadNeck,,,1988
pannuke_f3_1989,3,HeadNeck,,,1989
pannuke_f3_1990,3,HeadNeck,,,1990
pannuke_f3_1991,3,HeadNeck,,,1991
pannuke_f3_1992,3,HeadNeck,,,1992
pannuke_f3_1993,3,HeadNeck,Neoplastic;Inflammatory,Target neoplastic and inflammatory regions.,1993
pannuke_f3_1994,3,HeadNeck,Neoplastic;Inflammatory;Connective_Soft_tissue,"Mark all neoplastic, inflammatory and connective soft tissue tissue.",1994
pannuke_f3_1995,3,HeadNeck,Neoplastic;Inflammatory;Connective_Soft_tissue,"Segment neoplastic, inflammatory and connective soft tissue for quantitative analysis.",1995
pannuke_f3_1996,3,HeadNeck,Neoplastic;Connective_Soft_tissue,Can you identify neoplastic and connective soft tissue?,1996
pannuke_f3_1997,3,HeadNeck,Neoplastic;Inflammatory;Connective_Soft_tissue,"Highlight neoplastic, inflammatory and connective soft tissue cells.",1997
pannuke_f3_1998,3,HeadNeck,Neoplastic;Connective_Soft_tissue,Trace all neoplastic and connective soft tissue areas.,1998
pannuke_f3_1999,3,HeadNeck,Neoplastic;Connective_Soft_tissue,Segment all neoplastic and connective soft tissue tissue.,1999
pannuke_f3_2000,3,HeadNeck,Neoplastic;Connective_Soft_tissue,Note neoplastic and connective soft tissue presence in HeadNeck tissue.,2000
pannuke_f3_2001,3,HeadNeck,Connective_Soft_tissue,Identify connective soft tissue chromatin patterns.,2001
pannuke_f3_2002,3,HeadNeck,Connective_Soft_tissue,Segment any connective soft tissue present.,2002
pannuke_f3_2003,3,HeadNeck,Inflammatory;Connective_Soft_tissue,Mark inflammatory and connective soft tissue distribution pattern.,2003
pannuke_f3_2004,3,HeadNeck,Connective_Soft_tissue,Find connective soft tissue in this HeadNeck sample.,2004
pannuke_f3_2005,3,HeadNeck,Neoplastic;Connective_Soft_tissue,Identify neoplastic and connective soft tissue in HeadNeck histology.,2005
pannuke_f3_2006,3,HeadNeck,Neoplastic;Inflammatory;Connective_Soft_tissue,"Mark neoplastic, inflammatory and connective soft tissue distribution pattern.",2006
pannuke_f3_2007,3,HeadNeck,Inflammatory;Connective_Soft_tissue,Identify all inflammatory and connective soft tissue areas.,2007
pannuke_f3_2008,3,HeadNeck,Neoplastic;Inflammatory;Connective_Soft_tissue,"Point out visible neoplastic, inflammatory and connective soft tissue.",2008
pannuke_f3_2009,3,HeadNeck,Inflammatory;Connective_Soft_tissue,Can you mark inflammatory and connective soft tissue?,2009
pannuke_f3_2010,3,HeadNeck,Neoplastic;Inflammatory;Connective_Soft_tissue,"Annotate neoplastic, inflammatory and connective soft tissue in HeadNeck microscopy.",2010
pannuke_f3_2011,3,HeadNeck,Connective_Soft_tissue,Sketch connective soft tissue regions.,2011
pannuke_f3_2012,3,HeadNeck,Neoplastic;Inflammatory;Connective_Soft_tissue,"Can you mark neoplastic, inflammatory and connective soft tissue?",2012
pannuke_f3_2013,3,HeadNeck,Neoplastic;Inflammatory,Trace neoplastic and inflammatory boundaries.,2013
pannuke_f3_2014,3,HeadNeck,Neoplastic;Inflammatory;Connective_Soft_tissue,"This is a HeadNeck image. Segment neoplastic, inflammatory and connective soft tissue.",2014
pannuke_f3_2015,3,HeadNeck,Neoplastic,Identify histological regions showing neoplastic.,2015
pannuke_f3_2016,3,HeadNeck,Neoplastic;Connective_Soft_tissue,Provide mask for neoplastic and connective soft tissue.,2016
pannuke_f3_2017,3,HeadNeck,Neoplastic;Connective_Soft_tissue,Identify present neoplastic and connective soft tissue tissue.,2017
pannuke_f3_2018,3,HeadNeck,Neoplastic,Mark present neoplastic regions.,2018
pannuke_f3_2019,3,HeadNeck,Neoplastic;Inflammatory;Connective_Soft_tissue,"Identify neoplastic, inflammatory and connective soft tissue in the tissue microenvironment.",2019
pannuke_f3_2020,3,HeadNeck,Neoplastic;Inflammatory;Connective_Soft_tissue,"Mark neoplastic, inflammatory and connective soft tissue for morphometric study.",2020
pannuke_f3_2021,3,HeadNeck,Neoplastic,Target neoplastic cells.,2021
pannuke_f3_2022,3,HeadNeck,Neoplastic,Segment the neoplastic cell population.,2022
pannuke_f3_2023,3,HeadNeck,,,2023
pannuke_f3_2024,3,HeadNeck,Neoplastic;Connective_Soft_tissue,Segment the neoplastic and connective soft tissue tissue regions.,2024
pannuke_f3_2025,3,HeadNeck,,,2025
pannuke_f3_2026,3,HeadNeck,,,2026
pannuke_f3_2027,3,HeadNeck,Neoplastic,Distinguish all neoplastic areas.,2027
pannuke_f3_2028,3,HeadNeck,Neoplastic;Connective_Soft_tissue,You must mark neoplastic and connective soft tissue regions.,2028
pannuke_f3_2029,3,HeadNeck,Neoplastic;Connective_Soft_tissue,Find neoplastic and connective soft tissue in this HeadNeck sample.,2029
pannuke_f3_2030,3,HeadNeck,Neoplastic;Inflammatory;Connective_Soft_tissue,"Your task: segment neoplastic, inflammatory and connective soft tissue in this image.",2030
pannuke_f3_2031,3,HeadNeck,Neoplastic;Inflammatory,Outline the neoplastic and inflammatory regions.,2031
pannuke_f3_2032,3,HeadNeck,Inflammatory;Connective_Soft_tissue,Highlight visible inflammatory and connective soft tissue regions.,2032
pannuke_f3_2033,3,HeadNeck,Inflammatory;Connective_Soft_tissue,Find and segment inflammatory and connective soft tissue regions.,2033
pannuke_f3_2034,3,HeadNeck,Neoplastic;Inflammatory,Focus on neoplastic and inflammatory in this image.,2034
pannuke_f3_2035,3,HeadNeck,Neoplastic;Inflammatory;Connective_Soft_tissue,"Delineate visible neoplastic, inflammatory and connective soft tissue structures.",2035
pannuke_f3_2036,3,HeadNeck,Inflammatory;Connective_Soft_tissue,Segment inflammatory and connective soft tissue phenotypic features.,2036
pannuke_f3_2037,3,HeadNeck,Neoplastic;Inflammatory,Identify neoplastic and inflammatory for spatial analysis.,2037
pannuke_f3_2038,3,HeadNeck,Inflammatory;Connective_Soft_tissue,Segment inflammatory and connective soft tissue in relation to stroma.,2038
pannuke_f3_2039,3,HeadNeck,Neoplastic;Connective_Soft_tissue,Mark neoplastic and connective soft tissue adjacent to epithelium.,2039
pannuke_f3_2040,3,HeadNeck,Neoplastic;Connective_Soft_tissue,Output neoplastic and connective soft tissue regions.,2040
pannuke_f3_2041,3,HeadNeck,Neoplastic;Inflammatory;Connective_Soft_tissue,"Please segment neoplastic, inflammatory and connective soft tissue tissue.",2041
pannuke_f3_2042,3,HeadNeck,Neoplastic;Inflammatory;Connective_Soft_tissue,"From the HeadNeck tissue, extract neoplastic, inflammatory and connective soft tissue regions.",2042
pannuke_f3_2043,3,HeadNeck,Neoplastic;Inflammatory;Connective_Soft_tissue,"Segment locations of neoplastic, inflammatory and connective soft tissue.",2043
pannuke_f3_2044,3,HeadNeck,Neoplastic;Inflammatory;Connective_Soft_tissue,"Target class: neoplastic, inflammatory and connective soft tissue.",2044
pannuke_f3_2045,3,HeadNeck,Neoplastic;Inflammatory;Connective_Soft_tissue,"Precisely delineate the boundaries of neoplastic, inflammatory and connective soft tissue cells in this tissue section.",2045
pannuke_f3_2046,3,HeadNeck,Neoplastic;Inflammatory;Connective_Soft_tissue,"Mark visible neoplastic, inflammatory and connective soft tissue structures.",2046
pannuke_f3_2047,3,HeadNeck,Neoplastic;Inflammatory;Connective_Soft_tissue,"Create mask for neoplastic, inflammatory and connective soft tissue.",2047
pannuke_f3_2048,3,HeadNeck,Inflammatory;Connective_Soft_tissue,Delineate present inflammatory and connective soft tissue areas.,2048
pannuke_f3_2049,3,HeadNeck,Connective_Soft_tissue,Locate the connective soft tissue regions.,2049
pannuke_f3_2050,3,HeadNeck,Inflammatory;Connective_Soft_tissue,Distinguish inflammatory and connective soft tissue from other tissue.,2050
pannuke_f3_2051,3,HeadNeck,Neoplastic;Inflammatory;Connective_Soft_tissue,"Isolate neoplastic, inflammatory and connective soft tissue from background.",2051
pannuke_f3_2052,3,HeadNeck,Inflammatory;Connective_Soft_tissue,Please locate inflammatory and connective soft tissue.,2052
pannuke_f3_2053,3,HeadNeck,Inflammatory;Connective_Soft_tissue,Segment visible inflammatory and connective soft tissue tissue.,2053
pannuke_f3_2054,3,HeadNeck,Connective_Soft_tissue,"Analyzing this sample, segment connective soft tissue areas.",2054
pannuke_f3_2055,3,HeadNeck,Inflammatory;Connective_Soft_tissue,Highlight all inflammatory and connective soft tissue areas.,2055
pannuke_f3_2056,3,HeadNeck,Connective_Soft_tissue,Mark connective soft tissue cellular infiltration.,2056
pannuke_f3_2057,3,HeadNeck,Connective_Soft_tissue,Delineate all connective soft tissue structures.,2057
pannuke_f3_2058,3,HeadNeck,Inflammatory;Connective_Soft_tissue,Mark only inflammatory and connective soft tissue regions.,2058
pannuke_f3_2059,3,HeadNeck,Epithelial,Highlight epithelial cellular characteristics.,2059
pannuke_f3_2060,3,HeadNeck,Epithelial,Annotate the epithelial regions.,2060
pannuke_f3_2061,3,HeadNeck,Epithelial,Segment epithelial phenotypic features.,2061
pannuke_f3_2062,3,HeadNeck,Epithelial,Outline epithelial in the HeadNeck image.,2062
pannuke_f3_2063,3,HeadNeck,,,2063
pannuke_f3_2064,3,HeadNeck,,,2064
pannuke_f3_2065,3,HeadNeck,,,2065
pannuke_f3_2066,3,HeadNeck,,,2066
pannuke_f3_2067,3,HeadNeck,,,2067
pannuke_f3_2068,3,HeadNeck,Connective_Soft_tissue,This section has connective soft tissue. Locate and mark.,2068
pannuke_f3_2069,3,HeadNeck,Connective_Soft_tissue,Detect connective soft tissue in HeadNeck histology.,2069
pannuke_f3_2070,3,HeadNeck,Connective_Soft_tissue,Segment foci of connective soft tissue.,2070
pannuke_f3_2071,3,HeadNeck,Connective_Soft_tissue,Outline connective soft tissue cells.,2071
pannuke_f3_2072,3,HeadNeck,Connective_Soft_tissue,Delineate connective soft tissue boundaries.,2072
pannuke_f3_2073,3,HeadNeck,Connective_Soft_tissue,Mark connective soft tissue cellular infiltration.,2073
pannuke_f3_2074,3,HeadNeck,,,2074
pannuke_f3_2075,3,HeadNeck,Inflammatory;Connective_Soft_tissue,Highlight visible inflammatory and connective soft tissue regions.,2075
pannuke_f3_2076,3,HeadNeck,Connective_Soft_tissue,Segment connective soft tissue for pathological assessment.,2076
pannuke_f3_2077,3,HeadNeck,Connective_Soft_tissue,Show me the connective soft tissue areas.,2077
pannuke_f3_2078,3,HeadNeck,Connective_Soft_tissue,You should identify connective soft tissue.,2078
pannuke_f3_2079,3,HeadNeck,Connective_Soft_tissue,Mark visible connective soft tissue tissue.,2079
pannuke_f3_2080,3,HeadNeck,Connective_Soft_tissue,Segment connective soft tissue tissue.,2080
pannuke_f3_2081,3,HeadNeck,Connective_Soft_tissue,Highlight connective soft tissue in this HeadNeck slide.,2081
pannuke_f3_2082,3,HeadNeck,Inflammatory;Connective_Soft_tissue,Delineate inflammatory and connective soft tissue areas.,2082
pannuke_f3_2083,3,HeadNeck,Connective_Soft_tissue,Label connective soft tissue cells.,2083
pannuke_f3_2084,3,HeadNeck,Connective_Soft_tissue,Segment visible connective soft tissue structures.,2084
pannuke_f3_2085,3,HeadNeck,Connective_Soft_tissue,Delineate connective soft tissue boundaries.,2085
pannuke_f3_2086,3,HeadNeck,Connective_Soft_tissue,Separate connective soft tissue cells.,2086
pannuke_f3_2087,3,HeadNeck,Connective_Soft_tissue;Epithelial,Where is connective soft tissue and epithelial located?,2087
pannuke_f3_2088,3,HeadNeck,Connective_Soft_tissue;Epithelial,Target connective soft tissue and epithelial regions.,2088
pannuke_f3_2089,3,HeadNeck,Connective_Soft_tissue;Epithelial,Segment extent of connective soft tissue and epithelial.,2089
pannuke_f3_2090,3,HeadNeck,Neoplastic;Inflammatory;Connective_Soft_tissue,"From the HeadNeck tissue, extract neoplastic, inflammatory and connective soft tissue regions.",2090
pannuke_f3_2091,3,HeadNeck,Inflammatory;Connective_Soft_tissue,Delineate all inflammatory and connective soft tissue areas.,2091
pannuke_f3_2092,3,HeadNeck,Inflammatory;Connective_Soft_tissue,Segment the inflammatory and connective soft tissue structures.,2092
pannuke_f3_2093,3,HeadNeck,Inflammatory;Connective_Soft_tissue,Segment the inflammatory and connective soft tissue cell population.,2093
pannuke_f3_2094,3,HeadNeck,Connective_Soft_tissue,Delineate all connective soft tissue regions.,2094
pannuke_f3_2095,3,HeadNeck,Inflammatory;Connective_Soft_tissue,Draw around inflammatory and connective soft tissue.,2095
pannuke_f3_2096,3,HeadNeck,Neoplastic,Indicate neoplastic areas.,2096
pannuke_f3_2097,3,HeadNeck,Neoplastic,Identify all neoplastic areas.,2097
pannuke_f3_2098,3,HeadNeck,Neoplastic,Identify neoplastic including all visible instances.,2098
pannuke_f3_2099,3,HeadNeck,Neoplastic;Connective_Soft_tissue,Mark all neoplastic and connective soft tissue tissue.,2099
pannuke_f3_2100,3,HeadNeck,Neoplastic;Connective_Soft_tissue,Record neoplastic and connective soft tissue regions in HeadNeck.,2100
pannuke_f3_2101,3,HeadNeck,Neoplastic;Connective_Soft_tissue,Extract neoplastic and connective soft tissue cell boundaries.,2101
pannuke_f3_2102,3,HeadNeck,Inflammatory;Connective_Soft_tissue,Highlight present inflammatory and connective soft tissue regions.,2102
pannuke_f3_2103,3,HeadNeck,Inflammatory;Connective_Soft_tissue,Delineate present inflammatory and connective soft tissue tissue.,2103
pannuke_f3_2104,3,HeadNeck,Inflammatory;Connective_Soft_tissue,Assess inflammatory and connective soft tissue regions.,2104
pannuke_f3_2105,3,HeadNeck,Inflammatory;Connective_Soft_tissue,Distinguish all inflammatory and connective soft tissue areas.,2105
pannuke_f3_2106,3,HeadNeck,Inflammatory;Connective_Soft_tissue,Delineate visible inflammatory and connective soft tissue cells.,2106
pannuke_f3_2107,3,HeadNeck,Inflammatory;Connective_Soft_tissue,Pinpoint visible inflammatory and connective soft tissue.,2107
pannuke_f3_2108,3,HeadNeck,Inflammatory;Connective_Soft_tissue,Recognize all inflammatory and connective soft tissue areas.,2108
pannuke_f3_2109,3,HeadNeck,Neoplastic,Discern neoplastic cells.,2109
pannuke_f3_2110,3,HeadNeck,Neoplastic,Discern all neoplastic areas.,2110
pannuke_f3_2111,3,HeadNeck,Neoplastic;Connective_Soft_tissue,Assignment: segment neoplastic and connective soft tissue tissue.,2111
pannuke_f3_2112,3,HeadNeck,Neoplastic;Connective_Soft_tissue,Mark visible neoplastic and connective soft tissue tissue.,2112
pannuke_f3_2113,3,HeadNeck,Neoplastic;Inflammatory;Connective_Soft_tissue,"Where are neoplastic, inflammatory and connective soft tissue cells visible?",2113
pannuke_f3_2114,3,HeadNeck,Neoplastic;Inflammatory;Connective_Soft_tissue;Dead,"Segment the neoplastic, inflammatory, connective soft tissue and dead in this tissue sample.",2114
pannuke_f3_2115,3,HeadNeck,Neoplastic;Inflammatory;Connective_Soft_tissue;Dead,"Mark the neoplastic, inflammatory, connective soft tissue and dead tissue compartment.",2115
pannuke_f3_2116,3,HeadNeck,Neoplastic;Inflammatory;Connective_Soft_tissue;Dead,"Mark neoplastic, inflammatory, connective soft tissue and dead cytological features.",2116
pannuke_f3_2117,3,HeadNeck,Inflammatory;Dead,"In the HeadNeck section, locate inflammatory and dead.",2117
pannuke_f3_2118,3,HeadNeck,Neoplastic;Inflammatory;Dead,"The tissue shows neoplastic, inflammatory and dead. Mark the areas.",2118
pannuke_f3_2119,3,HeadNeck,Neoplastic;Inflammatory;Dead,"Delineate present neoplastic, inflammatory and dead cells.",2119
pannuke_f3_2120,3,HeadNeck,Neoplastic;Inflammatory;Connective_Soft_tissue;Dead,"Segment the neoplastic, inflammatory, connective soft tissue and dead components.",2120
pannuke_f3_2121,3,HeadNeck,Connective_Soft_tissue,Meticulously outline the connective soft tissue regions for analysis.,2121
pannuke_f3_2122,3,HeadNeck,Inflammatory;Connective_Soft_tissue,Outline the inflammatory and connective soft tissue regions.,2122
pannuke_f3_2123,3,HeadNeck,,,2123
pannuke_f3_2124,3,HeadNeck,,,2124
pannuke_f3_2125,3,HeadNeck,Neoplastic;Connective_Soft_tissue,Segment neoplastic and connective soft tissue in this histology image.,2125
pannuke_f3_2126,3,HeadNeck,Neoplastic;Inflammatory;Connective_Soft_tissue,"Discern neoplastic, inflammatory and connective soft tissue cells.",2126
pannuke_f3_2127,3,HeadNeck,Neoplastic;Inflammatory;Connective_Soft_tissue,"Recognize the neoplastic, inflammatory and connective soft tissue tissue.",2127
pannuke_f3_2128,3,HeadNeck,Neoplastic,Identify the neoplastic regions.,2128
pannuke_f3_2129,3,HeadNeck,Neoplastic;Inflammatory,Please mark neoplastic and inflammatory areas.,2129
pannuke_f3_2130,3,HeadNeck,Neoplastic,Segment zones of neoplastic.,2130
pannuke_f3_2131,3,HeadNeck,Neoplastic;Inflammatory,Highlight all neoplastic and inflammatory cells.,2131
pannuke_f3_2132,3,Kidney,Connective_Soft_tissue,Spot the connective soft tissue tissue.,2132
pannuke_f3_2133,3,Kidney,Neoplastic;Connective_Soft_tissue,Extract neoplastic and connective soft tissue regions from this image.,2133
pannuke_f3_2134,3,Kidney,Neoplastic,Identify neoplastic components.,2134
pannuke_f3_2135,3,Kidney,Neoplastic;Connective_Soft_tissue,Identify parenchymal neoplastic and connective soft tissue.,2135
pannuke_f3_2136,3,Kidney,Neoplastic,Segment the neoplastic infiltration.,2136
pannuke_f3_2137,3,Kidney,Inflammatory,Segment inflammatory membrane patterns.,2137
pannuke_f3_2138,3,Kidney,,,2138
pannuke_f3_2139,3,Kidney,Inflammatory,"Within the Kidney, identify inflammatory.",2139
pannuke_f3_2140,3,Kidney,Inflammatory,Output inflammatory regions.,2140
pannuke_f3_2141,3,Kidney,Inflammatory,Map inflammatory locations.,2141
pannuke_f3_2142,3,Kidney,,,2142
pannuke_f3_2143,3,Kidney,,,2143
pannuke_f3_2144,3,Kidney,Connective_Soft_tissue,Point out the connective soft tissue areas.,2144
pannuke_f3_2145,3,Kidney,Inflammatory;Connective_Soft_tissue,Locate visible inflammatory and connective soft tissue.,2145
pannuke_f3_2146,3,Kidney,Connective_Soft_tissue,Discern connective soft tissue cells.,2146
pannuke_f3_2147,3,Kidney,Connective_Soft_tissue,What parts are connective soft tissue?,2147
pannuke_f3_2148,3,Kidney,Connective_Soft_tissue,Segment intratumoral connective soft tissue.,2148
pannuke_f3_2149,3,Kidney,Connective_Soft_tissue,Highlight connective soft tissue in this Kidney slide.,2149
pannuke_f3_2150,3,Kidney,Neoplastic;Inflammatory;Connective_Soft_tissue,"Segment visible neoplastic, inflammatory and connective soft tissue structures.",2150
pannuke_f3_2151,3,Kidney,Neoplastic;Inflammatory;Connective_Soft_tissue,"Detect neoplastic, inflammatory and connective soft tissue in this slide.",2151
pannuke_f3_2152,3,Kidney,Neoplastic;Inflammatory;Connective_Soft_tissue,"Please find neoplastic, inflammatory and connective soft tissue.",2152
pannuke_f3_2153,3,Kidney,Neoplastic;Inflammatory;Connective_Soft_tissue,"Highlight neoplastic, inflammatory and connective soft tissue cells.",2153
pannuke_f3_2154,3,Kidney,Neoplastic;Connective_Soft_tissue,Annotate the neoplastic and connective soft tissue tissue.,2154
pannuke_f3_2155,3,Kidney,Neoplastic;Inflammatory;Connective_Soft_tissue,"Pinpoint visible neoplastic, inflammatory and connective soft tissue.",2155
pannuke_f3_2156,3,Kidney,Neoplastic;Inflammatory;Connective_Soft_tissue,"Segment locations of neoplastic, inflammatory and connective soft tissue.",2156
pannuke_f3_2157,3,Kidney,Connective_Soft_tissue;Epithelial,Provide mask for connective soft tissue and epithelial.,2157
pannuke_f3_2158,3,Kidney,Connective_Soft_tissue,Segment visible connective soft tissue.,2158
pannuke_f3_2159,3,Kidney,Connective_Soft_tissue;Epithelial,"Within Kidney tissue, annotate connective soft tissue and epithelial.",2159
pannuke_f3_2160,3,Kidney,Inflammatory;Connective_Soft_tissue;Epithelial,"Draw inflammatory, connective soft tissue and epithelial boundaries.",2160
pannuke_f3_2161,3,Kidney,Inflammatory;Connective_Soft_tissue;Epithelial,"Segment extent of inflammatory, connective soft tissue and epithelial.",2161
pannuke_f3_2162,3,Kidney,Connective_Soft_tissue;Epithelial,Distinguish visible connective soft tissue and epithelial.,2162
pannuke_f3_2163,3,Liver,Neoplastic;Inflammatory,"Within Liver architecture, locate neoplastic and inflammatory.",2163
pannuke_f3_2164,3,Liver,Neoplastic;Inflammatory;Connective_Soft_tissue,"Find neoplastic, inflammatory and connective soft tissue in this Liver sample.",2164
pannuke_f3_2165,3,Liver,Neoplastic;Connective_Soft_tissue,Outline neoplastic and connective soft tissue architectural patterns.,2165
pannuke_f3_2166,3,Liver,Neoplastic;Inflammatory;Connective_Soft_tissue,"Carefully segment all neoplastic, inflammatory and connective soft tissue regions visible in this histopathology image.",2166
pannuke_f3_2167,3,Liver,Neoplastic;Inflammatory;Connective_Soft_tissue,"Create an accurate segmentation of neoplastic, inflammatory and connective soft tissue areas.",2167
pannuke_f3_2168,3,Liver,Neoplastic;Inflammatory,Spot the neoplastic and inflammatory regions.,2168
pannuke_f3_2169,3,Liver,Neoplastic;Inflammatory;Connective_Soft_tissue,"Delineate the neoplastic, inflammatory and connective soft tissue regions.",2169
pannuke_f3_2170,3,Liver,Neoplastic;Inflammatory;Connective_Soft_tissue,"Focus solely on neoplastic, inflammatory and connective soft tissue.",2170
pannuke_f3_2171,3,Liver,Neoplastic;Connective_Soft_tissue,Delineate neoplastic and connective soft tissue with accurate boundary detection.,2171
pannuke_f3_2172,3,Liver,Neoplastic;Connective_Soft_tissue,Focus on neoplastic and connective soft tissue in this image.,2172
pannuke_f3_2173,3,Liver,Neoplastic;Connective_Soft_tissue,Identify visible neoplastic and connective soft tissue cells.,2173
pannuke_f3_2174,3,Liver,Neoplastic;Connective_Soft_tissue,Segment neoplastic and connective soft tissue phenotypic features.,2174
pannuke_f3_2175,3,Liver,Connective_Soft_tissue,Segment the connective soft tissue portions.,2175
pannuke_f3_2176,3,Liver,Inflammatory;Connective_Soft_tissue,Provide inflammatory and connective soft tissue segmentation.,2176
pannuke_f3_2177,3,Liver,Inflammatory;Connective_Soft_tissue,Identify inflammatory and connective soft tissue features in Liver.,2177
pannuke_f3_2178,3,Liver,Inflammatory;Connective_Soft_tissue,Highlight all inflammatory and connective soft tissue cells.,2178
pannuke_f3_2179,3,Liver,Inflammatory;Connective_Soft_tissue,Where are inflammatory and connective soft tissue cells visible?,2179
pannuke_f3_2180,3,Liver,Neoplastic;Inflammatory;Connective_Soft_tissue,"Segment the neoplastic, inflammatory and connective soft tissue portions.",2180
pannuke_f3_2181,3,Liver,Inflammatory;Connective_Soft_tissue,Identify inflammatory and connective soft tissue in Liver histology.,2181
pannuke_f3_2182,3,Liver,Inflammatory;Connective_Soft_tissue;Dead,"Focus on inflammatory, connective soft tissue and dead in this image.",2182
pannuke_f3_2183,3,Liver,Neoplastic;Inflammatory;Connective_Soft_tissue,"Can you find neoplastic, inflammatory and connective soft tissue?",2183
pannuke_f3_2184,3,Liver,Neoplastic;Connective_Soft_tissue,Segment zones of neoplastic and connective soft tissue presence.,2184
pannuke_f3_2185,3,Liver,Inflammatory;Connective_Soft_tissue;Epithelial,"Sketch inflammatory, connective soft tissue and epithelial boundaries.",2185
pannuke_f3_2186,3,Liver,Inflammatory;Connective_Soft_tissue;Epithelial,"Identify peritumoral inflammatory, connective soft tissue and epithelial.",2186
pannuke_f3_2187,3,Liver,Epithelial,Segment microscopic epithelial features.,2187
pannuke_f3_2188,3,Liver,Inflammatory;Connective_Soft_tissue;Epithelial,"You need to segment inflammatory, connective soft tissue and epithelial.",2188
pannuke_f3_2189,3,Liver,Neoplastic;Inflammatory;Connective_Soft_tissue,"Partition neoplastic, inflammatory and connective soft tissue regions.",2189
pannuke_f3_2190,3,Liver,Connective_Soft_tissue;Epithelial,"On this Liver image, highlight connective soft tissue and epithelial.",2190
pannuke_f3_2191,3,Liver,Connective_Soft_tissue;Epithelial,Recognize connective soft tissue and epithelial in Liver pathology.,2191
pannuke_f3_2192,3,Liver,Connective_Soft_tissue;Epithelial,Segment present connective soft tissue and epithelial regions.,2192
pannuke_f3_2193,3,Liver,Connective_Soft_tissue;Epithelial,Mark connective soft tissue and epithelial ensuring complete coverage of affected areas.,2193
pannuke_f3_2194,3,Liver,Connective_Soft_tissue;Epithelial,Delineate present connective soft tissue and epithelial regions.,2194
pannuke_f3_2195,3,Liver,Inflammatory;Connective_Soft_tissue;Epithelial,"Segment zones of inflammatory, connective soft tissue and epithelial.",2195
pannuke_f3_2196,3,Liver,Connective_Soft_tissue;Epithelial,Map all connective soft tissue and epithelial areas.,2196
pannuke_f3_2197,3,Liver,Connective_Soft_tissue;Epithelial,Which regions show connective soft tissue and epithelial?,2197
pannuke_f3_2198,3,Liver,Neoplastic;Connective_Soft_tissue,Indicate all neoplastic and connective soft tissue cells.,2198
pannuke_f3_2199,3,Liver,Neoplastic;Inflammatory;Connective_Soft_tissue,"This is a Liver image. Segment neoplastic, inflammatory and connective soft tissue.",2199
pannuke_f3_2200,3,Liver,Neoplastic,Your goal is to identify neoplastic.,2200
pannuke_f3_2201,3,Liver,Neoplastic;Inflammatory;Connective_Soft_tissue,"Mark visible neoplastic, inflammatory and connective soft tissue.",2201
pannuke_f3_2202,3,Liver,Neoplastic;Inflammatory;Connective_Soft_tissue,"Please segment neoplastic, inflammatory and connective soft tissue tissue.",2202
pannuke_f3_2203,3,Liver,Neoplastic;Inflammatory;Connective_Soft_tissue,"Identify and mark neoplastic, inflammatory and connective soft tissue.",2203
pannuke_f3_2204,3,Liver,Neoplastic;Inflammatory,Focus solely on neoplastic and inflammatory.,2204
pannuke_f3_2205,3,Liver,Neoplastic;Inflammatory;Connective_Soft_tissue,"Delineate visible neoplastic, inflammatory and connective soft tissue structures.",2205
pannuke_f3_2206,3,Liver,Neoplastic;Connective_Soft_tissue,neoplastic and connective soft tissue can be seen. Identify and segment.,2206
pannuke_f3_2207,3,Liver,Neoplastic;Inflammatory;Connective_Soft_tissue,"Sketch neoplastic, inflammatory and connective soft tissue regions.",2207
pannuke_f3_2208,3,Liver,Neoplastic;Inflammatory;Connective_Soft_tissue,"Mark neoplastic, inflammatory and connective soft tissue in this slide.",2208
pannuke_f3_2209,3,Liver,Neoplastic;Connective_Soft_tissue,What parts are neoplastic and connective soft tissue?,2209
pannuke_f3_2210,3,Liver,Neoplastic;Inflammatory;Connective_Soft_tissue,"Please highlight neoplastic, inflammatory and connective soft tissue.",2210
pannuke_f3_2211,3,Liver,Neoplastic;Inflammatory,Point out the neoplastic and inflammatory regions.,2211
pannuke_f3_2212,3,Liver,Neoplastic;Inflammatory;Connective_Soft_tissue,"Trace the neoplastic, inflammatory and connective soft tissue outlines.",2212
pannuke_f3_2213,3,Liver,Neoplastic;Inflammatory,Identify and mark neoplastic and inflammatory.,2213
pannuke_f3_2214,3,Liver,Neoplastic;Inflammatory,Where are neoplastic and inflammatory cells visible?,2214
pannuke_f3_2215,3,Liver,Connective_Soft_tissue,Where are the connective soft tissue regions?,2215
pannuke_f3_2216,3,Liver,Connective_Soft_tissue,"On this Liver image, highlight connective soft tissue.",2216
pannuke_f3_2217,3,Liver,Inflammatory;Connective_Soft_tissue,Can you mark inflammatory and connective soft tissue?,2217
pannuke_f3_2218,3,Liver,Connective_Soft_tissue,Please locate connective soft tissue.,2218
pannuke_f3_2219,3,Liver,Inflammatory;Connective_Soft_tissue,Detect and segment inflammatory and connective soft tissue areas.,2219
pannuke_f3_2220,3,Liver,Inflammatory;Connective_Soft_tissue,Delineate the inflammatory and connective soft tissue regions.,2220
pannuke_f3_2221,3,Liver,Connective_Soft_tissue,Highlight connective soft tissue in this image.,2221
pannuke_f3_2222,3,Liver,Connective_Soft_tissue,Highlight all connective soft tissue tissue.,2222
pannuke_f3_2223,3,Liver,Connective_Soft_tissue,Where are the connective soft tissue regions?,2223
pannuke_f3_2224,3,Liver,Neoplastic,Produce segmentation of neoplastic.,2224
pannuke_f3_2225,3,Liver,Neoplastic;Inflammatory;Connective_Soft_tissue,"Segment the neoplastic, inflammatory and connective soft tissue cell populations.",2225
pannuke_f3_2226,3,Liver,Neoplastic;Connective_Soft_tissue,Mark neoplastic and connective soft tissue cytological features.,2226
pannuke_f3_2227,3,Liver,Neoplastic;Connective_Soft_tissue,Sketch neoplastic and connective soft tissue boundaries.,2227
pannuke_f3_2228,3,Liver,Neoplastic;Inflammatory,Can you find neoplastic and inflammatory?,2228
pannuke_f3_2229,3,Liver,Neoplastic;Inflammatory;Connective_Soft_tissue,"Identify neoplastic, inflammatory and connective soft tissue in the tissue microenvironment.",2229
pannuke_f3_2230,3,Liver,Neoplastic;Inflammatory;Connective_Soft_tissue,"Mark visible neoplastic, inflammatory and connective soft tissue structures.",2230
pannuke_f3_2231,3,Liver,Connective_Soft_tissue,Locate connective soft tissue in this slide.,2231
pannuke_f3_2232,3,Liver,Connective_Soft_tissue,Mark all connective soft tissue regions.,2232
pannuke_f3_2233,3,Liver,Connective_Soft_tissue,Mark visible connective soft tissue regions.,2233
pannuke_f3_2234,3,Liver,Inflammatory;Connective_Soft_tissue,Mark inflammatory and connective soft tissue cytoplasmic features.,2234
pannuke_f3_2235,3,Liver,Inflammatory;Connective_Soft_tissue,Segment the inflammatory and connective soft tissue spread.,2235
pannuke_f3_2236,3,Liver,Neoplastic;Inflammatory;Connective_Soft_tissue,"Circle visible neoplastic, inflammatory and connective soft tissue.",2236
pannuke_f3_2237,3,Liver,Connective_Soft_tissue;Epithelial,Show me connective soft tissue and epithelial cells.,2237
pannuke_f3_2238,3,Liver,Connective_Soft_tissue;Epithelial,Identify only connective soft tissue and epithelial cells.,2238
pannuke_f3_2239,3,Liver,Epithelial,Segment epithelial in relation to stroma.,2239
pannuke_f3_2240,3,Liver,Inflammatory;Epithelial,Mark only inflammatory and epithelial regions.,2240
pannuke_f3_2241,3,Liver,Inflammatory;Connective_Soft_tissue;Epithelial,"Define inflammatory, connective soft tissue and epithelial extent.",2241
pannuke_f3_2242,3,Liver,Neoplastic;Inflammatory;Connective_Soft_tissue,"neoplastic, inflammatory and connective soft tissue is evident. Highlight the areas.",2242
pannuke_f3_2243,3,Liver,Neoplastic;Inflammatory;Connective_Soft_tissue,"Sketch neoplastic, inflammatory and connective soft tissue regions.",2243
pannuke_f3_2244,3,Liver,Inflammatory;Connective_Soft_tissue,Observe inflammatory and connective soft tissue distribution in Liver.,2244
pannuke_f3_2245,3,Liver,Inflammatory;Connective_Soft_tissue,What regions contain inflammatory and connective soft tissue?,2245
pannuke_f3_2246,3,Liver,Inflammatory;Connective_Soft_tissue,Delineate all inflammatory and connective soft tissue regions.,2246
pannuke_f3_2247,3,Liver,Inflammatory;Connective_Soft_tissue,Label all inflammatory and connective soft tissue areas.,2247
pannuke_f3_2248,3,Liver,Inflammatory;Connective_Soft_tissue,Identify present inflammatory and connective soft tissue cells.,2248
pannuke_f3_2249,3,Liver,Neoplastic;Connective_Soft_tissue,Find visible neoplastic and connective soft tissue.,2249
pannuke_f3_2250,3,Liver,Inflammatory;Connective_Soft_tissue,Outline inflammatory and connective soft tissue cells.,2250
pannuke_f3_2251,3,Liver,Neoplastic;Connective_Soft_tissue,Segment neoplastic and connective soft tissue in the tissue matrix.,2251
pannuke_f3_2252,3,Liver,Neoplastic,Target class: neoplastic.,2252
pannuke_f3_2253,3,Liver,Neoplastic;Connective_Soft_tissue,"Analyzing this sample, segment neoplastic and connective soft tissue areas.",2253
pannuke_f3_2254,3,Liver,Neoplastic;Connective_Soft_tissue,Objective: identify neoplastic and connective soft tissue regions.,2254
pannuke_f3_2255,3,Liver,Neoplastic;Connective_Soft_tissue,Segment areas containing neoplastic and connective soft tissue.,2255
pannuke_f3_2256,3,Lung,Neoplastic;Inflammatory,Identify present neoplastic and inflammatory areas.,2256
pannuke_f3_2257,3,Lung,Neoplastic;Connective_Soft_tissue,"From the Lung tissue, extract neoplastic and connective soft tissue regions.",2257
pannuke_f3_2258,3,Lung,Neoplastic;Inflammatory,"Given this pathology slide, segment neoplastic and inflammatory.",2258
pannuke_f3_2259,3,Lung,Neoplastic;Inflammatory;Connective_Soft_tissue,"Discern the neoplastic, inflammatory and connective soft tissue from background.",2259
pannuke_f3_2260,3,Lung,Neoplastic;Inflammatory;Connective_Soft_tissue,"Identify peritumoral neoplastic, inflammatory and connective soft tissue.",2260
pannuke_f3_2261,3,Lung,Neoplastic,Review this Lung slide and identify neoplastic.,2261
pannuke_f3_2262,3,Lung,Neoplastic;Inflammatory;Connective_Soft_tissue,"Segment visible neoplastic, inflammatory and connective soft tissue.",2262
pannuke_f3_2263,3,Lung,Neoplastic;Inflammatory;Connective_Soft_tissue,"Identify neoplastic, inflammatory and connective soft tissue including all visible instances.",2263
pannuke_f3_2264,3,Lung,Neoplastic;Inflammatory;Connective_Soft_tissue,"Identify neoplastic, inflammatory and connective soft tissue components.",2264
pannuke_f3_2265,3,Ovarian,Inflammatory;Connective_Soft_tissue,Segment all inflammatory and connective soft tissue regions.,2265
pannuke_f3_2266,3,Ovarian,Inflammatory;Connective_Soft_tissue,inflammatory and connective soft tissue is evident. Highlight the areas.,2266
pannuke_f3_2267,3,Ovarian,Inflammatory;Connective_Soft_tissue,Segment inflammatory and connective soft tissue cellular composition.,2267
pannuke_f3_2268,3,Ovarian,Inflammatory;Connective_Soft_tissue,Provide inflammatory and connective soft tissue segmentation.,2268
pannuke_f3_2269,3,Ovarian,Connective_Soft_tissue,Identify connective soft tissue tissue regions.,2269
pannuke_f3_2270,3,Ovarian,Connective_Soft_tissue,Show me the connective soft tissue areas.,2270
pannuke_f3_2271,3,Ovarian,Inflammatory;Connective_Soft_tissue,Delineate inflammatory and connective soft tissue in Ovarian pathology.,2271
pannuke_f3_2272,3,Ovarian,Connective_Soft_tissue,Segment connective soft tissue in relation to stroma.,2272
pannuke_f3_2273,3,Ovarian,Inflammatory;Connective_Soft_tissue;Epithelial,"Indicate inflammatory, connective soft tissue and epithelial areas.",2273
pannuke_f3_2274,3,Ovarian,Connective_Soft_tissue;Epithelial,Please find connective soft tissue and epithelial.,2274
pannuke_f3_2275,3,Ovarian,Epithelial,Find all epithelial cells.,2275
pannuke_f3_2276,3,Ovarian,Connective_Soft_tissue;Epithelial,Define connective soft tissue and epithelial boundaries.,2276
pannuke_f3_2277,3,Ovarian,Inflammatory;Connective_Soft_tissue;Epithelial,"Evaluate inflammatory, connective soft tissue and epithelial areas.",2277
pannuke_f3_2278,3,Ovarian,Inflammatory;Connective_Soft_tissue,Mark inflammatory and connective soft tissue in this biopsy sample.,2278
pannuke_f3_2279,3,Ovarian,Connective_Soft_tissue,Segment connective soft tissue in this histology image.,2279
pannuke_f3_2280,3,Ovarian,Inflammatory;Connective_Soft_tissue,Delineate inflammatory and connective soft tissue in Ovarian pathology.,2280
pannuke_f3_2281,3,Ovarian,Inflammatory;Connective_Soft_tissue;Epithelial,"Highlight all inflammatory, connective soft tissue and epithelial regions.",2281
pannuke_f3_2282,3,Ovarian,Inflammatory;Connective_Soft_tissue;Epithelial,"Outline inflammatory, connective soft tissue and epithelial architectural patterns.",2282
pannuke_f3_2283,3,Ovarian,Neoplastic,Segment neoplastic in relation to stroma.,2283
pannuke_f3_2284,3,Ovarian,Neoplastic;Inflammatory,Spot neoplastic and inflammatory cells.,2284
pannuke_f3_2285,3,Ovarian,Neoplastic,Annotate visible neoplastic.,2285
pannuke_f3_2286,3,Ovarian,Neoplastic;Connective_Soft_tissue,Label the neoplastic and connective soft tissue regions.,2286
pannuke_f3_2287,3,Ovarian,Neoplastic,Draw neoplastic outlines.,2287
pannuke_f3_2288,3,Ovarian,Neoplastic;Connective_Soft_tissue,Assess neoplastic and connective soft tissue regions.,2288
pannuke_f3_2289,3,Ovarian,Neoplastic,Identify and segment neoplastic.,2289
pannuke_f3_2290,3,Ovarian,Neoplastic;Inflammatory;Connective_Soft_tissue,"Circle all neoplastic, inflammatory and connective soft tissue areas.",2290
pannuke_f3_2291,3,Ovarian,Neoplastic;Inflammatory,Segment neoplastic and inflammatory in this tissue specimen.,2291
pannuke_f3_2292,3,Ovarian,Neoplastic;Connective_Soft_tissue,Document neoplastic and connective soft tissue in this Ovarian sample.,2292
pannuke_f3_2293,3,Ovarian,Neoplastic;Connective_Soft_tissue,Identify neoplastic and connective soft tissue components.,2293
pannuke_f3_2294,3,Ovarian,Neoplastic;Inflammatory;Connective_Soft_tissue,"Segment the neoplastic, inflammatory and connective soft tissue in this tissue sample.",2294
pannuke_f3_2295,3,Ovarian,Neoplastic,Segment neoplastic tissue.,2295
pannuke_f3_2296,3,Ovarian,Neoplastic;Inflammatory;Connective_Soft_tissue,"Assess neoplastic, inflammatory and connective soft tissue regions.",2296
pannuke_f3_2297,3,Ovarian,Neoplastic;Inflammatory;Connective_Soft_tissue,"Segment present neoplastic, inflammatory and connective soft tissue tissue.",2297
pannuke_f3_2298,3,Ovarian,Neoplastic;Inflammatory;Connective_Soft_tissue,"Mark all neoplastic, inflammatory and connective soft tissue regions.",2298
pannuke_f3_2299,3,Ovarian,Neoplastic;Inflammatory;Connective_Soft_tissue,"Show me the neoplastic, inflammatory and connective soft tissue regions.",2299
pannuke_f3_2300,3,Ovarian,Neoplastic;Inflammatory;Connective_Soft_tissue,"Mark neoplastic, inflammatory and connective soft tissue distribution pattern.",2300
pannuke_f3_2301,3,Ovarian,Neoplastic;Connective_Soft_tissue,Segment neoplastic and connective soft tissue in the tissue matrix.,2301
pannuke_f3_2302,3,Ovarian,Neoplastic,Segment present neoplastic structures.,2302
pannuke_f3_2303,3,Ovarian,Neoplastic,Draw neoplastic outlines.,2303
pannuke_f3_2304,3,Ovarian,Neoplastic,Delineate visible neoplastic areas.,2304
pannuke_f3_2305,3,Ovarian,Neoplastic,Segment all neoplastic areas.,2305
pannuke_f3_2306,3,Ovarian,Neoplastic;Connective_Soft_tissue,Delineate visible neoplastic and connective soft tissue tissue.,2306
pannuke_f3_2307,3,Ovarian,Neoplastic;Inflammatory,Show me all neoplastic and inflammatory.,2307
pannuke_f3_2308,3,Ovarian,Neoplastic,Please find neoplastic.,2308
pannuke_f3_2309,3,Ovarian,Neoplastic;Inflammatory,Where is the neoplastic and inflammatory in this image?,2309
pannuke_f3_2310,3,Ovarian,Neoplastic,Create segmentation of neoplastic.,2310
pannuke_f3_2311,3,Ovarian,Neoplastic,Delineate neoplastic areas.,2311
pannuke_f3_2312,3,Ovarian,Neoplastic,Segment locations of neoplastic.,2312
pannuke_f3_2313,3,Pancreatic,Inflammatory;Connective_Soft_tissue;Epithelial,"Segment inflammatory, connective soft tissue and epithelial in this image.",2313
pannuke_f3_2314,3,Pancreatic,Neoplastic;Connective_Soft_tissue,Delineate all neoplastic and connective soft tissue regions.,2314
pannuke_f3_2315,3,Pancreatic,Neoplastic;Inflammatory;Connective_Soft_tissue,"Given this pathology slide, segment neoplastic, inflammatory and connective soft tissue.",2315
pannuke_f3_2316,3,Pancreatic,Neoplastic;Inflammatory;Connective_Soft_tissue,"Mark stromal neoplastic, inflammatory and connective soft tissue regions.",2316
pannuke_f3_2317,3,Pancreatic,Neoplastic;Inflammatory;Connective_Soft_tissue,"Segment the entire neoplastic, inflammatory and connective soft tissue population.",2317
pannuke_f3_2318,3,Pancreatic,Inflammatory;Connective_Soft_tissue,Segment any inflammatory and connective soft tissue cells visible.,2318
pannuke_f3_2319,3,Pancreatic,Inflammatory;Connective_Soft_tissue,Output inflammatory and connective soft tissue mask.,2319
pannuke_f3_2320,3,Pancreatic,Inflammatory;Connective_Soft_tissue,Identify inflammatory and connective soft tissue spatial arrangement.,2320
pannuke_f3_2321,3,Pancreatic,Inflammatory;Connective_Soft_tissue,Separate inflammatory and connective soft tissue from other tissue.,2321
pannuke_f3_2322,3,Pancreatic,Inflammatory;Connective_Soft_tissue,Partition inflammatory and connective soft tissue regions.,2322
pannuke_f3_2323,3,Pancreatic,Inflammatory;Connective_Soft_tissue;Epithelial,"Segment the inflammatory, connective soft tissue and epithelial cell population.",2323
pannuke_f3_2324,3,Pancreatic,Inflammatory;Connective_Soft_tissue;Epithelial,"Produce segmentation of inflammatory, connective soft tissue and epithelial.",2324
pannuke_f3_2325,3,Pancreatic,Inflammatory;Connective_Soft_tissue;Epithelial,"Mark all inflammatory, connective soft tissue and epithelial regions.",2325
pannuke_f3_2326,3,Pancreatic,Inflammatory;Connective_Soft_tissue,Extract all inflammatory and connective soft tissue areas.,2326
pannuke_f3_2327,3,Pancreatic,Inflammatory;Connective_Soft_tissue,Highlight all inflammatory and connective soft tissue tissue.,2327
pannuke_f3_2328,3,Pancreatic,Inflammatory;Connective_Soft_tissue,Segment any inflammatory and connective soft tissue present.,2328
pannuke_f3_2329,3,Pancreatic,Connective_Soft_tissue,Locate visible connective soft tissue.,2329
pannuke_f3_2330,3,Pancreatic,Inflammatory;Connective_Soft_tissue,Segment each inflammatory and connective soft tissue region.,2330
pannuke_f3_2331,3,Pancreatic,Neoplastic;Inflammatory;Connective_Soft_tissue,"Segment only neoplastic, inflammatory and connective soft tissue.",2331
pannuke_f3_2332,3,Pancreatic,Neoplastic,Point out the neoplastic areas.,2332
pannuke_f3_2333,3,Prostate,Connective_Soft_tissue;Epithelial,Where can you find connective soft tissue and epithelial?,2333
pannuke_f3_2334,3,Prostate,Connective_Soft_tissue;Epithelial,Accurately identify and mark all connective soft tissue and epithelial areas present in the slide.,2334
pannuke_f3_2335,3,Prostate,Connective_Soft_tissue;Epithelial,Identify present connective soft tissue and epithelial cells.,2335
pannuke_f3_2336,3,Prostate,Connective_Soft_tissue;Epithelial,Detect all connective soft tissue and epithelial cells.,2336
pannuke_f3_2337,3,Prostate,Connective_Soft_tissue;Epithelial,Identify the connective soft tissue and epithelial structures.,2337
pannuke_f3_2338,3,Prostate,Neoplastic;Connective_Soft_tissue,Identify neoplastic and connective soft tissue tissue regions.,2338
pannuke_f3_2339,3,Prostate,Neoplastic;Connective_Soft_tissue,"Looking at this tissue section, identify neoplastic and connective soft tissue.",2339
pannuke_f3_2340,3,Prostate,Neoplastic;Connective_Soft_tissue,Identify histological regions showing neoplastic and connective soft tissue.,2340
pannuke_f3_2341,3,Prostate,Neoplastic;Connective_Soft_tissue,Identify histological regions showing neoplastic and connective soft tissue.,2341
pannuke_f3_2342,3,Prostate,Neoplastic;Connective_Soft_tissue,Delineate visible neoplastic and connective soft tissue regions.,2342
pannuke_f3_2343,3,Prostate,Neoplastic;Connective_Soft_tissue,Recognize visible neoplastic and connective soft tissue.,2343
pannuke_f3_2344,3,Prostate,Neoplastic;Connective_Soft_tissue,Mark neoplastic and connective soft tissue distribution pattern.,2344
pannuke_f3_2345,3,Prostate,Neoplastic;Connective_Soft_tissue,Delineate neoplastic and connective soft tissue for clinical evaluation.,2345
pannuke_f3_2346,3,Prostate,Neoplastic;Inflammatory;Connective_Soft_tissue,"Highlight neoplastic, inflammatory and connective soft tissue in this Prostate slide.",2346
pannuke_f3_2347,3,Prostate,Connective_Soft_tissue,Mark visible connective soft tissue.,2347
pannuke_f3_2348,3,Prostate,Connective_Soft_tissue,Detect connective soft tissue in this slide.,2348
pannuke_f3_2349,3,Prostate,Inflammatory;Connective_Soft_tissue,Segment sites of inflammatory and connective soft tissue.,2349
pannuke_f3_2350,3,Prostate,Neoplastic;Connective_Soft_tissue,Mark visible neoplastic and connective soft tissue.,2350
pannuke_f3_2351,3,Prostate,Neoplastic;Inflammatory;Connective_Soft_tissue,"Identify the neoplastic, inflammatory and connective soft tissue regions.",2351
pannuke_f3_2352,3,Prostate,Connective_Soft_tissue,Identify all connective soft tissue areas.,2352
pannuke_f3_2353,3,Prostate,Neoplastic;Inflammatory;Connective_Soft_tissue,"Mark visible neoplastic, inflammatory and connective soft tissue regions.",2353
pannuke_f3_2354,3,Prostate,Neoplastic,Locate visible neoplastic.,2354
pannuke_f3_2355,3,Prostate,Neoplastic,Indicate all neoplastic cells.,2355
pannuke_f3_2356,3,Prostate,Neoplastic,Delineate all neoplastic tissue.,2356
pannuke_f3_2357,3,Prostate,Neoplastic,Mark stromal neoplastic regions.,2357
pannuke_f3_2358,3,Prostate,Neoplastic;Connective_Soft_tissue,Review this Prostate slide and identify neoplastic and connective soft tissue.,2358
pannuke_f3_2359,3,Prostate,Neoplastic;Connective_Soft_tissue,Identify present neoplastic and connective soft tissue areas.,2359
pannuke_f3_2360,3,Prostate,Connective_Soft_tissue,Identify connective soft tissue abnormalities.,2360
pannuke_f3_2361,3,Prostate,Connective_Soft_tissue,Identify all connective soft tissue areas.,2361
pannuke_f3_2362,3,Prostate,Connective_Soft_tissue,Partition connective soft tissue regions.,2362
pannuke_f3_2363,3,Prostate,Connective_Soft_tissue,Identify nuclear connective soft tissue features.,2363
pannuke_f3_2364,3,Prostate,Connective_Soft_tissue,Extract all connective soft tissue areas.,2364
pannuke_f3_2365,3,Prostate,Neoplastic;Connective_Soft_tissue,Delineate all neoplastic and connective soft tissue tissue.,2365
pannuke_f3_2366,3,Prostate,Neoplastic;Inflammatory;Connective_Soft_tissue,"Identify only neoplastic, inflammatory and connective soft tissue cells.",2366
pannuke_f3_2367,3,Prostate,Neoplastic;Inflammatory;Connective_Soft_tissue,"Target class: neoplastic, inflammatory and connective soft tissue.",2367
pannuke_f3_2368,3,Prostate,Neoplastic;Inflammatory;Connective_Soft_tissue,"Highlight all neoplastic, inflammatory and connective soft tissue regions.",2368
pannuke_f3_2369,3,Prostate,Neoplastic;Connective_Soft_tissue,"In the Prostate microstructure, find neoplastic and connective soft tissue.",2369
pannuke_f3_2370,3,Prostate,Neoplastic;Connective_Soft_tissue,Mark the pathological neoplastic and connective soft tissue regions.,2370
pannuke_f3_2371,3,Prostate,Neoplastic;Connective_Soft_tissue;Epithelial,"Separate neoplastic, connective soft tissue and epithelial regions.",2371
pannuke_f3_2372,3,Prostate,Neoplastic;Connective_Soft_tissue,Your task: segment neoplastic and connective soft tissue in this image.,2372
pannuke_f3_2373,3,Prostate,,,2373
pannuke_f3_2374,3,Prostate,Neoplastic;Connective_Soft_tissue,Segment neoplastic and connective soft tissue for pathological assessment.,2374
pannuke_f3_2375,3,Prostate,,,2375
pannuke_f3_2376,3,Skin,Neoplastic;Inflammatory,Delineate the neoplastic and inflammatory tissue.,2376
pannuke_f3_2377,3,Skin,Neoplastic;Inflammatory,Segment areas containing neoplastic and inflammatory.,2377
pannuke_f3_2378,3,Skin,Neoplastic;Inflammatory,Segment neoplastic and inflammatory in this tissue specimen.,2378
pannuke_f3_2379,3,Skin,Neoplastic;Inflammatory,Recognize neoplastic and inflammatory in Skin pathology.,2379
pannuke_f3_2380,3,Skin,Neoplastic;Inflammatory,Provide a complete segmentation of neoplastic and inflammatory regions.,2380
pannuke_f3_2381,3,Skin,Neoplastic;Inflammatory,Which parts have neoplastic and inflammatory?,2381
pannuke_f3_2382,3,Skin,Connective_Soft_tissue,Trace the connective soft tissue outlines.,2382
pannuke_f3_2383,3,Skin,Connective_Soft_tissue,Label the connective soft tissue tissue.,2383
pannuke_f3_2384,3,Skin,Inflammatory;Connective_Soft_tissue,The task is to segment inflammatory and connective soft tissue.,2384
pannuke_f3_2385,3,Skin,Inflammatory;Connective_Soft_tissue,Delineate inflammatory and connective soft tissue in Skin pathology.,2385
pannuke_f3_2386,3,Skin,Connective_Soft_tissue,Purpose: delineate connective soft tissue boundaries.,2386
pannuke_f3_2387,3,Skin,Neoplastic;Inflammatory;Connective_Soft_tissue,"Locate the neoplastic, inflammatory and connective soft tissue areas.",2387
pannuke_f3_2388,3,Skin,Connective_Soft_tissue;Epithelial,Identify the connective soft tissue and epithelial regions.,2388
pannuke_f3_2389,3,Skin,Inflammatory;Epithelial,Mark cellular inflammatory and epithelial regions.,2389
pannuke_f3_2390,3,Skin,Connective_Soft_tissue;Epithelial,Please locate connective soft tissue and epithelial.,2390
pannuke_f3_2391,3,Skin,Epithelial,Extract all epithelial areas.,2391
pannuke_f3_2392,3,Skin,Inflammatory;Connective_Soft_tissue,Classes to segment: inflammatory and connective soft tissue.,2392
pannuke_f3_2393,3,Skin,Inflammatory;Connective_Soft_tissue,Highlight present inflammatory and connective soft tissue regions.,2393
pannuke_f3_2394,3,Skin,Inflammatory;Connective_Soft_tissue,Identify the inflammatory and connective soft tissue structures.,2394
pannuke_f3_2395,3,Skin,Neoplastic;Inflammatory,Scan for neoplastic and inflammatory cells.,2395
pannuke_f3_2396,3,Skin,Neoplastic,Show me neoplastic cells.,2396
pannuke_f3_2397,3,Skin,Neoplastic;Inflammatory,Point out the neoplastic and inflammatory areas.,2397
pannuke_f3_2398,3,Skin,Neoplastic;Inflammatory,Mark neoplastic and inflammatory lesion areas.,2398
pannuke_f3_2399,3,Skin,Neoplastic;Inflammatory,Label the neoplastic and inflammatory regions.,2399
pannuke_f3_2400,3,Skin,Neoplastic;Inflammatory;Connective_Soft_tissue,"Delineate neoplastic, inflammatory and connective soft tissue for clinical evaluation.",2400
pannuke_f3_2401,3,Skin,Neoplastic,Identify all neoplastic cells.,2401
pannuke_f3_2402,3,Skin,Neoplastic;Inflammatory;Connective_Soft_tissue,"Label the neoplastic, inflammatory and connective soft tissue tissue.",2402
pannuke_f3_2403,3,Skin,Neoplastic;Inflammatory;Connective_Soft_tissue,"Segment all visible neoplastic, inflammatory and connective soft tissue.",2403
pannuke_f3_2404,3,Skin,Neoplastic,Highlight neoplastic cells.,2404
pannuke_f3_2405,3,Skin,Neoplastic;Inflammatory;Connective_Soft_tissue,"Detect the neoplastic, inflammatory and connective soft tissue areas.",2405
pannuke_f3_2406,3,Skin,Neoplastic;Inflammatory;Connective_Soft_tissue,"Segment visible neoplastic, inflammatory and connective soft tissue.",2406
pannuke_f3_2407,3,Skin,Neoplastic;Inflammatory;Connective_Soft_tissue,"Find the neoplastic, inflammatory and connective soft tissue areas.",2407
pannuke_f3_2408,3,Skin,Neoplastic;Inflammatory;Connective_Soft_tissue,"Mark visible neoplastic, inflammatory and connective soft tissue.",2408
pannuke_f3_2409,3,Skin,Connective_Soft_tissue,Partition connective soft tissue regions.,2409
pannuke_f3_2410,3,Skin,Connective_Soft_tissue,Draw connective soft tissue boundaries.,2410
pannuke_f3_2411,3,Skin,Connective_Soft_tissue,What areas show connective soft tissue?,2411
pannuke_f3_2412,3,Stomach,Inflammatory;Connective_Soft_tissue,Mark present inflammatory and connective soft tissue tissue.,2412
pannuke_f3_2413,3,Stomach,Connective_Soft_tissue,Identify connective soft tissue abnormalities.,2413
pannuke_f3_2414,3,Stomach,Connective_Soft_tissue,Concentrate on connective soft tissue regions.,2414
pannuke_f3_2415,3,Stomach,Connective_Soft_tissue,Annotate connective soft tissue cells.,2415
pannuke_f3_2416,3,Stomach,Connective_Soft_tissue,"In this Stomach tissue, segment connective soft tissue.",2416
pannuke_f3_2417,3,Stomach,Connective_Soft_tissue,Scan for connective soft tissue cells.,2417
pannuke_f3_2418,3,Stomach,Connective_Soft_tissue,Segment foci of connective soft tissue.,2418
pannuke_f3_2419,3,Stomach,Neoplastic;Inflammatory;Connective_Soft_tissue;Dead,"Mark neoplastic, inflammatory, connective soft tissue and dead for morphometric study.",2419
pannuke_f3_2420,3,Stomach,Neoplastic;Connective_Soft_tissue;Dead,"Segment present neoplastic, connective soft tissue and dead areas.",2420
pannuke_f3_2421,3,Stomach,Neoplastic;Inflammatory;Connective_Soft_tissue;Dead,"Delineate the neoplastic, inflammatory, connective soft tissue and dead tissue.",2421
pannuke_f3_2422,3,Stomach,Neoplastic;Inflammatory;Connective_Soft_tissue,"Highlight visible neoplastic, inflammatory and connective soft tissue cells.",2422
pannuke_f3_2423,3,Stomach,Neoplastic;Inflammatory;Connective_Soft_tissue,"Assess neoplastic, inflammatory and connective soft tissue regions.",2423
pannuke_f3_2424,3,Stomach,Neoplastic;Inflammatory;Connective_Soft_tissue,"Mark neoplastic, inflammatory and connective soft tissue lesion areas.",2424
pannuke_f3_2425,3,Stomach,Neoplastic;Inflammatory;Connective_Soft_tissue,"Segment any neoplastic, inflammatory and connective soft tissue cells visible.",2425
pannuke_f3_2426,3,Stomach,Neoplastic;Inflammatory;Connective_Soft_tissue;Dead,"Delineate neoplastic, inflammatory, connective soft tissue and dead morphological features.",2426
pannuke_f3_2427,3,Stomach,Neoplastic;Inflammatory;Connective_Soft_tissue,"Across the Stomach section, segment neoplastic, inflammatory and connective soft tissue.",2427
pannuke_f3_2428,3,Stomach,Neoplastic;Inflammatory;Connective_Soft_tissue;Dead,"Separate neoplastic, inflammatory, connective soft tissue and dead cells.",2428
pannuke_f3_2429,3,Stomach,Neoplastic;Inflammatory;Connective_Soft_tissue;Dead,"Segment neoplastic, inflammatory, connective soft tissue and dead being careful to capture all regions.",2429
pannuke_f3_2430,3,Stomach,Neoplastic;Inflammatory;Connective_Soft_tissue;Dead,"Document neoplastic, inflammatory, connective soft tissue and dead in this Stomach sample.",2430
pannuke_f3_2431,3,Stomach,Neoplastic;Inflammatory;Connective_Soft_tissue;Dead,"Your goal is to identify neoplastic, inflammatory, connective soft tissue and dead.",2431
pannuke_f3_2432,3,Stomach,Neoplastic;Inflammatory;Connective_Soft_tissue,"Spot visible neoplastic, inflammatory and connective soft tissue.",2432
pannuke_f3_2433,3,Stomach,Neoplastic;Inflammatory;Connective_Soft_tissue;Dead,"For Stomach pathology, outline neoplastic, inflammatory, connective soft tissue and dead.",2433
pannuke_f3_2434,3,Stomach,Neoplastic;Connective_Soft_tissue,Locate the neoplastic and connective soft tissue regions.,2434
pannuke_f3_2435,3,Stomach,Neoplastic;Connective_Soft_tissue,Locate the neoplastic and connective soft tissue areas.,2435
pannuke_f3_2436,3,Stomach,Neoplastic;Connective_Soft_tissue,"From the Stomach tissue, extract neoplastic and connective soft tissue regions.",2436
pannuke_f3_2437,3,Stomach,Connective_Soft_tissue,Develop a precise map of connective soft tissue distribution.,2437
pannuke_f3_2438,3,Stomach,Connective_Soft_tissue,"For this Stomach biopsy, segment connective soft tissue areas.",2438
pannuke_f3_2439,3,Stomach,Neoplastic;Inflammatory;Connective_Soft_tissue,"Distinguish all neoplastic, inflammatory and connective soft tissue areas.",2439
pannuke_f3_2440,3,Stomach,Neoplastic;Inflammatory;Connective_Soft_tissue,"Accurately identify and mark all neoplastic, inflammatory and connective soft tissue areas present in the slide.",2440
pannuke_f3_2441,3,Stomach,Neoplastic,Emphasize neoplastic presence.,2441
pannuke_f3_2442,3,Stomach,Neoplastic;Inflammatory;Connective_Soft_tissue,"Discern visible neoplastic, inflammatory and connective soft tissue.",2442
pannuke_f3_2443,3,Stomach,Neoplastic;Connective_Soft_tissue,Segment present neoplastic and connective soft tissue areas.,2443
pannuke_f3_2444,3,Stomach,Neoplastic;Inflammatory;Connective_Soft_tissue,"Please find neoplastic, inflammatory and connective soft tissue.",2444
pannuke_f3_2445,3,Stomach,Neoplastic;Connective_Soft_tissue,Mark only neoplastic and connective soft tissue regions.,2445
pannuke_f3_2446,3,Stomach,Neoplastic;Connective_Soft_tissue,Please identify neoplastic and connective soft tissue cells.,2446
pannuke_f3_2447,3,Stomach,Connective_Soft_tissue,"Presented with this tissue, identify connective soft tissue.",2447
pannuke_f3_2448,3,Stomach,Neoplastic;Inflammatory;Connective_Soft_tissue,"In this Stomach histology, identify neoplastic, inflammatory and connective soft tissue cells.",2448
pannuke_f3_2449,3,Stomach,Connective_Soft_tissue,Identify all connective soft tissue nuclei.,2449
pannuke_f3_2450,3,Stomach,Neoplastic;Inflammatory;Connective_Soft_tissue;Dead,"Delineate present neoplastic, inflammatory, connective soft tissue and dead structures.",2450
pannuke_f3_2451,3,Stomach,Neoplastic;Inflammatory;Connective_Soft_tissue;Dead,"Identify neoplastic, inflammatory, connective soft tissue and dead components.",2451
pannuke_f3_2452,3,Stomach,Neoplastic;Inflammatory;Connective_Soft_tissue;Dead,"Partition neoplastic, inflammatory, connective soft tissue and dead regions.",2452
pannuke_f3_2453,3,Stomach,Neoplastic;Inflammatory;Connective_Soft_tissue;Dead,"Within the Stomach, identify neoplastic, inflammatory, connective soft tissue and dead.",2453
pannuke_f3_2454,3,Stomach,Neoplastic;Inflammatory;Connective_Soft_tissue,"Chart neoplastic, inflammatory and connective soft tissue distribution.",2454
pannuke_f3_2455,3,Testis,Inflammatory;Connective_Soft_tissue,Highlight visible inflammatory and connective soft tissue structures.,2455
pannuke_f3_2456,3,Testis,Inflammatory;Connective_Soft_tissue,inflammatory and connective soft tissue is visible. Segment the regions.,2456
pannuke_f3_2457,3,Testis,Inflammatory;Connective_Soft_tissue,Mark all inflammatory and connective soft tissue tissue.,2457
pannuke_f3_2458,3,Testis,Inflammatory;Connective_Soft_tissue,Discern the inflammatory and connective soft tissue regions.,2458
pannuke_f3_2459,3,Testis,Inflammatory;Connective_Soft_tissue,Segment inflammatory and connective soft tissue areas in this slide.,2459
pannuke_f3_2460,3,Testis,Connective_Soft_tissue,Segment visible connective soft tissue areas.,2460
pannuke_f3_2461,3,Testis,Inflammatory;Connective_Soft_tissue,Highlight visible inflammatory and connective soft tissue cells.,2461
pannuke_f3_2462,3,Testis,Inflammatory,Spot visible inflammatory.,2462
pannuke_f3_2463,3,Testis,Inflammatory,Segment the inflammatory histological features.,2463
pannuke_f3_2464,3,Testis,Connective_Soft_tissue,Identify connective soft tissue in this histology section.,2464
pannuke_f3_2465,3,Testis,Connective_Soft_tissue,Highlight present connective soft tissue regions.,2465
pannuke_f3_2466,3,Testis,Neoplastic,Pinpoint visible neoplastic.,2466
pannuke_f3_2467,3,Testis,Neoplastic;Inflammatory;Connective_Soft_tissue,"Examine neoplastic, inflammatory and connective soft tissue distribution.",2467
pannuke_f3_2468,3,Testis,Neoplastic;Connective_Soft_tissue,Mark neoplastic and connective soft tissue cells in this Testis sample.,2468
pannuke_f3_2469,3,Testis,Neoplastic;Inflammatory;Connective_Soft_tissue,"Trace the neoplastic, inflammatory and connective soft tissue regions.",2469
pannuke_f3_2470,3,Testis,Neoplastic,Can you locate neoplastic?,2470
pannuke_f3_2471,3,Testis,Neoplastic;Inflammatory;Connective_Soft_tissue,"Create an accurate segmentation of neoplastic, inflammatory and connective soft tissue areas.",2471
pannuke_f3_2472,3,Testis,Neoplastic;Inflammatory;Connective_Soft_tissue,"Shown this histology, mark neoplastic, inflammatory and connective soft tissue.",2472
pannuke_f3_2473,3,Testis,Neoplastic;Inflammatory;Connective_Soft_tissue,"Within Testis architecture, locate neoplastic, inflammatory and connective soft tissue.",2473
pannuke_f3_2474,3,Testis,Neoplastic;Inflammatory;Connective_Soft_tissue,"Trace neoplastic, inflammatory and connective soft tissue boundaries.",2474
pannuke_f3_2475,3,Testis,Neoplastic;Inflammatory;Connective_Soft_tissue,"Chart neoplastic, inflammatory and connective soft tissue distribution.",2475
pannuke_f3_2476,3,Testis,Neoplastic;Inflammatory;Connective_Soft_tissue,"Segment any neoplastic, inflammatory and connective soft tissue cells visible.",2476
pannuke_f3_2477,3,Testis,Neoplastic;Inflammatory;Connective_Soft_tissue,"Show me the neoplastic, inflammatory and connective soft tissue areas.",2477
pannuke_f3_2478,3,Testis,Neoplastic;Inflammatory,Delineate all neoplastic and inflammatory structures.,2478
pannuke_f3_2479,3,Testis,Neoplastic;Inflammatory,Segment the neoplastic and inflammatory in this tissue sample.,2479
pannuke_f3_2480,3,Testis,Neoplastic,Segment visible neoplastic cells.,2480
pannuke_f3_2481,3,Testis,Neoplastic,Mark all neoplastic structures.,2481
pannuke_f3_2482,3,Testis,Neoplastic;Connective_Soft_tissue,Point out all neoplastic and connective soft tissue.,2482
pannuke_f3_2483,3,Thyroid,Inflammatory;Epithelial,The tissue shows inflammatory and epithelial. Mark the areas.,2483
pannuke_f3_2484,3,Thyroid,Inflammatory;Connective_Soft_tissue;Epithelial,"Provide a complete segmentation of inflammatory, connective soft tissue and epithelial regions.",2484
pannuke_f3_2485,3,Thyroid,Inflammatory;Connective_Soft_tissue;Epithelial,"Mark the inflammatory, connective soft tissue and epithelial tissue compartment.",2485
pannuke_f3_2486,3,Thyroid,Dead;Epithelial,Plot dead and epithelial locations.,2486
pannuke_f3_2487,3,Thyroid,Inflammatory;Connective_Soft_tissue;Epithelial,"Identify inflammatory, connective soft tissue and epithelial nuclear characteristics.",2487
pannuke_f3_2488,3,Thyroid,Inflammatory;Connective_Soft_tissue;Epithelial,"Segment margins of inflammatory, connective soft tissue and epithelial.",2488
pannuke_f3_2489,3,Thyroid,Epithelial,This Thyroid slide shows epithelial. Segment it.,2489
pannuke_f3_2490,3,Thyroid,Inflammatory;Epithelial,Target inflammatory and epithelial in this image.,2490
pannuke_f3_2491,3,Thyroid,Inflammatory;Connective_Soft_tissue;Epithelial,"Highlight inflammatory, connective soft tissue and epithelial in this Thyroid slide.",2491
pannuke_f3_2492,3,Thyroid,Epithelial,Point out all epithelial.,2492
pannuke_f3_2493,3,Thyroid,Connective_Soft_tissue;Epithelial,Which regions show connective soft tissue and epithelial?,2493
pannuke_f3_2494,3,Thyroid,Connective_Soft_tissue;Epithelial,Mark present connective soft tissue and epithelial structures.,2494
pannuke_f3_2495,3,Thyroid,Epithelial,Segment present epithelial regions.,2495
pannuke_f3_2496,3,Thyroid,Connective_Soft_tissue;Epithelial,Mark visible connective soft tissue and epithelial cells.,2496
pannuke_f3_2497,3,Thyroid,Inflammatory,"Given this pathology slide, segment inflammatory.",2497
pannuke_f3_2498,3,Thyroid,Connective_Soft_tissue;Epithelial,Evaluate connective soft tissue and epithelial areas.,2498
pannuke_f3_2499,3,Thyroid,Inflammatory;Connective_Soft_tissue;Epithelial,"Show me the inflammatory, connective soft tissue and epithelial regions.",2499
pannuke_f3_2500,3,Thyroid,Inflammatory;Connective_Soft_tissue;Epithelial,"Find all inflammatory, connective soft tissue and epithelial cells.",2500
pannuke_f3_2501,3,Thyroid,Connective_Soft_tissue;Epithelial,Target connective soft tissue and epithelial regions.,2501
pannuke_f3_2502,3,Thyroid,Connective_Soft_tissue;Epithelial,Highlight all connective soft tissue and epithelial structures.,2502
pannuke_f3_2503,3,Thyroid,Inflammatory;Connective_Soft_tissue;Epithelial,"Segment the inflammatory, connective soft tissue and epithelial cells.",2503
pannuke_f3_2504,3,Thyroid,Inflammatory;Connective_Soft_tissue;Epithelial,"Document inflammatory, connective soft tissue and epithelial in this Thyroid sample.",2504
pannuke_f3_2505,3,Thyroid,Inflammatory;Connective_Soft_tissue;Epithelial,"Mark inflammatory, connective soft tissue and epithelial cells in this Thyroid sample.",2505
pannuke_f3_2506,3,Thyroid,Inflammatory;Connective_Soft_tissue;Epithelial,"Identify nuclear inflammatory, connective soft tissue and epithelial features.",2506
pannuke_f3_2507,3,Thyroid,Inflammatory;Connective_Soft_tissue;Epithelial,"Mark inflammatory, connective soft tissue and epithelial ensuring complete coverage of affected areas.",2507
pannuke_f3_2508,3,Thyroid,Inflammatory;Connective_Soft_tissue;Epithelial,"Segment inflammatory, connective soft tissue and epithelial cellular composition.",2508
pannuke_f3_2509,3,Thyroid,Inflammatory;Connective_Soft_tissue;Epithelial,"Identify the inflammatory, connective soft tissue and epithelial regions.",2509
pannuke_f3_2510,3,Thyroid,Neoplastic;Inflammatory;Connective_Soft_tissue,"Delineate present neoplastic, inflammatory and connective soft tissue structures.",2510
pannuke_f3_2511,3,Thyroid,Neoplastic;Connective_Soft_tissue,Identify neoplastic and connective soft tissue chromatin patterns.,2511
pannuke_f3_2512,3,Thyroid,Neoplastic;Connective_Soft_tissue,Map neoplastic and connective soft tissue distribution.,2512
pannuke_f3_2513,3,Thyroid,Neoplastic;Connective_Soft_tissue,Mark visible neoplastic and connective soft tissue regions.,2513
pannuke_f3_2514,3,Thyroid,Neoplastic;Connective_Soft_tissue;Epithelial,"Emphasize neoplastic, connective soft tissue and epithelial regions.",2514
pannuke_f3_2515,3,Thyroid,Neoplastic;Inflammatory;Connective_Soft_tissue;Epithelial,"Segment all neoplastic, inflammatory, connective soft tissue and epithelial regions.",2515
pannuke_f3_2516,3,Thyroid,Neoplastic;Connective_Soft_tissue,Identify visible neoplastic and connective soft tissue.,2516
pannuke_f3_2517,3,Thyroid,Neoplastic;Inflammatory;Connective_Soft_tissue,"Pinpoint visible neoplastic, inflammatory and connective soft tissue.",2517
pannuke_f3_2518,3,Thyroid,Neoplastic;Connective_Soft_tissue,Generate neoplastic and connective soft tissue segmentation.,2518
pannuke_f3_2519,3,Thyroid,Inflammatory;Connective_Soft_tissue;Epithelial,"Identify present inflammatory, connective soft tissue and epithelial tissue.",2519
pannuke_f3_2520,3,Thyroid,Inflammatory;Connective_Soft_tissue;Epithelial,"Segment all visible inflammatory, connective soft tissue and epithelial.",2520
pannuke_f3_2521,3,Thyroid,Connective_Soft_tissue;Epithelial,This section has connective soft tissue and epithelial. Locate and mark.,2521
pannuke_f3_2522,3,Thyroid,Inflammatory;Connective_Soft_tissue;Epithelial,"Label all inflammatory, connective soft tissue and epithelial areas.",2522
pannuke_f3_2523,3,Uterus,Connective_Soft_tissue,Look for connective soft tissue in this slide.,2523
pannuke_f3_2524,3,Uterus,Inflammatory;Connective_Soft_tissue,Segment sites of inflammatory and connective soft tissue.,2524
pannuke_f3_2525,3,Uterus,Connective_Soft_tissue,There is connective soft tissue present. Mark it.,2525
pannuke_f3_2526,3,Uterus,Inflammatory;Connective_Soft_tissue,Identify inflammatory and connective soft tissue in Uterus histology.,2526
pannuke_f3_2527,3,Uterus,Inflammatory;Connective_Soft_tissue,Identify parenchymal inflammatory and connective soft tissue.,2527
pannuke_f3_2528,3,Uterus,Connective_Soft_tissue,Mark connective soft tissue cytological features.,2528
pannuke_f3_2529,3,Uterus,Connective_Soft_tissue,Map connective soft tissue locations.,2529
pannuke_f3_2530,3,Uterus,Inflammatory;Connective_Soft_tissue,inflammatory and connective soft tissue can be seen. Identify and segment.,2530
pannuke_f3_2531,3,Uterus,Inflammatory;Connective_Soft_tissue,Detect inflammatory and connective soft tissue in Uterus histology.,2531
pannuke_f3_2532,3,Uterus,Connective_Soft_tissue,Sketch connective soft tissue regions.,2532
pannuke_f3_2533,3,Uterus,Connective_Soft_tissue,Mark all connective soft tissue regions.,2533
pannuke_f3_2534,3,Uterus,Connective_Soft_tissue,Segment all connective soft tissue areas.,2534
pannuke_f3_2535,3,Uterus,Connective_Soft_tissue,Extract all connective soft tissue areas.,2535
pannuke_f3_2536,3,Uterus,Neoplastic,Mark the neoplastic regions.,2536
pannuke_f3_2537,3,Uterus,Neoplastic,Divide neoplastic from surroundings.,2537
pannuke_f3_2538,3,Uterus,Neoplastic;Connective_Soft_tissue,Identify neoplastic and connective soft tissue in this histology section.,2538
pannuke_f3_2539,3,Uterus,Neoplastic;Connective_Soft_tissue,Mark neoplastic and connective soft tissue in this slide.,2539
pannuke_f3_2540,3,Uterus,Neoplastic;Connective_Soft_tissue,"Within the Uterus, identify neoplastic and connective soft tissue.",2540
pannuke_f3_2541,3,Uterus,Neoplastic,Trace all neoplastic areas.,2541
pannuke_f3_2542,3,Uterus,Neoplastic;Inflammatory;Connective_Soft_tissue,"Can you locate neoplastic, inflammatory and connective soft tissue?",2542
pannuke_f3_2543,3,Uterus,Neoplastic;Connective_Soft_tissue,Highlight visible neoplastic and connective soft tissue cells.,2543
pannuke_f3_2544,3,Uterus,Neoplastic,Segment neoplastic throughout the image.,2544
pannuke_f3_2545,3,Uterus,Neoplastic,Identify neoplastic in this pathology slide.,2545
pannuke_f3_2546,3,Uterus,Neoplastic,"From the Uterus tissue, extract neoplastic regions.",2546
pannuke_f3_2547,3,Uterus,Neoplastic,Annotate visible neoplastic.,2547
pannuke_f3_2548,3,Uterus,Neoplastic,"From the Uterus tissue, extract neoplastic regions.",2548
pannuke_f3_2549,3,Uterus,Neoplastic,Highlight present neoplastic tissue.,2549
pannuke_f3_2550,3,Uterus,Neoplastic;Connective_Soft_tissue,Identify present neoplastic and connective soft tissue structures.,2550
pannuke_f3_2551,3,Uterus,Neoplastic;Inflammatory;Connective_Soft_tissue,"Output neoplastic, inflammatory and connective soft tissue mask.",2551
pannuke_f3_2552,3,Uterus,Neoplastic,Classes to segment: neoplastic.,2552
pannuke_f3_2553,3,Uterus,Neoplastic;Connective_Soft_tissue,Segment neoplastic and connective soft tissue in this tissue specimen.,2553
pannuke_f3_2554,3,Uterus,Neoplastic;Inflammatory;Connective_Soft_tissue,"Where are the neoplastic, inflammatory and connective soft tissue regions?",2554
pannuke_f3_2555,3,Uterus,Neoplastic;Connective_Soft_tissue,Segment neoplastic and connective soft tissue patterns in Uterus.,2555
pannuke_f3_2556,3,Uterus,Neoplastic;Connective_Soft_tissue,Highlight visible neoplastic and connective soft tissue tissue.,2556
pannuke_f3_2557,3,Uterus,Neoplastic;Connective_Soft_tissue,Segment neoplastic and connective soft tissue in the Uterus section.,2557
pannuke_f3_2558,3,Uterus,Inflammatory;Connective_Soft_tissue,Highlight present inflammatory and connective soft tissue cells.,2558
pannuke_f3_2559,3,Uterus,Neoplastic;Connective_Soft_tissue,Target neoplastic and connective soft tissue in this image.,2559
pannuke_f3_2560,3,Uterus,Neoplastic;Connective_Soft_tissue,"Within Uterus architecture, locate neoplastic and connective soft tissue.",2560
pannuke_f3_2561,3,Uterus,Neoplastic;Inflammatory;Connective_Soft_tissue,"Look for neoplastic, inflammatory and connective soft tissue in this slide.",2561
pannuke_f3_2562,3,Uterus,Connective_Soft_tissue,Segment regions with connective soft tissue.,2562
pannuke_f3_2563,3,Uterus,Neoplastic;Inflammatory;Connective_Soft_tissue,"Target neoplastic, inflammatory and connective soft tissue cells.",2563
pannuke_f3_2564,3,Uterus,Inflammatory;Connective_Soft_tissue,Segment the inflammatory and connective soft tissue distribution.,2564
pannuke_f3_2565,3,Uterus,Neoplastic;Inflammatory;Connective_Soft_tissue,"Delineate visible neoplastic, inflammatory and connective soft tissue cells.",2565
pannuke_f3_2566,3,Uterus,Inflammatory;Connective_Soft_tissue,Chart inflammatory and connective soft tissue presence.,2566
pannuke_f3_2567,3,Uterus,Connective_Soft_tissue,Identify visible connective soft tissue regions.,2567
pannuke_f3_2568,3,Uterus,Inflammatory;Connective_Soft_tissue,Locate the inflammatory and connective soft tissue areas.,2568
pannuke_f3_2569,3,Uterus,Inflammatory;Connective_Soft_tissue,Which regions show inflammatory and connective soft tissue?,2569
pannuke_f3_2570,3,Uterus,Inflammatory;Connective_Soft_tissue,Segment inflammatory and connective soft tissue phenotypic features.,2570
pannuke_f3_2571,3,Uterus,Inflammatory;Connective_Soft_tissue,Indicate inflammatory and connective soft tissue areas.,2571
pannuke_f3_2572,3,Uterus,Connective_Soft_tissue,Can you locate connective soft tissue?,2572
pannuke_f3_2573,3,Uterus,Inflammatory;Connective_Soft_tissue,Recognize inflammatory and connective soft tissue in Uterus pathology.,2573
pannuke_f3_2574,3,Uterus,Inflammatory;Connective_Soft_tissue,Your task: segment inflammatory and connective soft tissue in this image.,2574
pannuke_f3_2575,3,Uterus,Inflammatory;Connective_Soft_tissue,Map inflammatory and connective soft tissue locations.,2575
pannuke_f3_2576,3,Uterus,Connective_Soft_tissue,Highlight all connective soft tissue cells.,2576
pannuke_f3_2577,3,Uterus,Inflammatory;Connective_Soft_tissue,Show me inflammatory and connective soft tissue cells.,2577
pannuke_f3_2578,3,Uterus,Inflammatory;Connective_Soft_tissue,Distinguish visible inflammatory and connective soft tissue.,2578
pannuke_f3_2579,3,Uterus,Inflammatory;Connective_Soft_tissue,Mark inflammatory and connective soft tissue structures in Uterus.,2579
pannuke_f3_2580,3,Uterus,Inflammatory;Connective_Soft_tissue,Which areas contain inflammatory and connective soft tissue?,2580
pannuke_f3_2581,3,Uterus,Neoplastic;Inflammatory;Connective_Soft_tissue,"The task is to segment neoplastic, inflammatory and connective soft tissue.",2581
pannuke_f3_2582,3,Uterus,Neoplastic,Segment patches of neoplastic.,2582
pannuke_f3_2583,3,Uterus,Neoplastic;Connective_Soft_tissue,Segment all neoplastic and connective soft tissue areas.,2583
pannuke_f3_2584,3,Uterus,Neoplastic;Inflammatory;Connective_Soft_tissue,"Highlight all neoplastic, inflammatory and connective soft tissue structures.",2584
pannuke_f3_2585,3,Uterus,Neoplastic;Inflammatory;Connective_Soft_tissue,"Segment boundaries of neoplastic, inflammatory and connective soft tissue.",2585
pannuke_f3_2586,3,Uterus,Neoplastic;Connective_Soft_tissue,Mark neoplastic and connective soft tissue in this slide.,2586
pannuke_f3_2587,3,Uterus,Neoplastic;Inflammatory;Connective_Soft_tissue,"Label visible neoplastic, inflammatory and connective soft tissue.",2587
pannuke_f3_2588,3,Uterus,Neoplastic;Inflammatory;Connective_Soft_tissue,"Objective: identify neoplastic, inflammatory and connective soft tissue regions.",2588
pannuke_f3_2589,3,Uterus,Neoplastic;Inflammatory;Connective_Soft_tissue,"Highlight present neoplastic, inflammatory and connective soft tissue tissue.",2589
pannuke_f3_2590,3,Uterus,Neoplastic;Connective_Soft_tissue,Indicate where neoplastic and connective soft tissue is present.,2590
pannuke_f3_2591,3,Uterus,Neoplastic,You need to segment neoplastic.,2591
pannuke_f3_2592,3,Uterus,Neoplastic;Connective_Soft_tissue,The task is to segment neoplastic and connective soft tissue.,2592
pannuke_f3_2593,3,Uterus,Neoplastic;Inflammatory;Connective_Soft_tissue,"Viewing this section, segment neoplastic, inflammatory and connective soft tissue.",2593
pannuke_f3_2594,3,Uterus,Connective_Soft_tissue,Target class: connective soft tissue.,2594
pannuke_f3_2595,3,Uterus,Inflammatory;Connective_Soft_tissue;Dead,"Develop a precise map of inflammatory, connective soft tissue and dead distribution.",2595
pannuke_f3_2596,3,Uterus,Connective_Soft_tissue,Observe connective soft tissue distribution in Uterus.,2596
pannuke_f3_2597,3,Uterus,Connective_Soft_tissue,Where can you find connective soft tissue?,2597
pannuke_f3_2598,3,Uterus,Connective_Soft_tissue,Segment the connective soft tissue with attention to boundary precision.,2598
pannuke_f3_2599,3,Uterus,Connective_Soft_tissue;Dead,Point out the connective soft tissue and dead areas.,2599
pannuke_f3_2600,3,Uterus,Connective_Soft_tissue;Dead,Locate visible connective soft tissue and dead.,2600
pannuke_f3_2601,3,Uterus,Inflammatory;Connective_Soft_tissue;Dead,"Segment present inflammatory, connective soft tissue and dead structures.",2601
pannuke_f3_2602,3,Uterus,Inflammatory;Connective_Soft_tissue;Dead,"Segment inflammatory, connective soft tissue and dead elements.",2602
pannuke_f3_2603,3,Uterus,Inflammatory;Connective_Soft_tissue;Dead,"Discern the inflammatory, connective soft tissue and dead from background.",2603
pannuke_f3_2604,3,Uterus,Connective_Soft_tissue;Dead,Segment the connective soft tissue and dead nuclei.,2604
pannuke_f3_2605,3,Uterus,Connective_Soft_tissue,Determine connective soft tissue distribution.,2605
pannuke_f3_2606,3,Uterus,Inflammatory;Connective_Soft_tissue,Identify inflammatory and connective soft tissue in this histology section.,2606
pannuke_f3_2607,3,Uterus,Neoplastic;Inflammatory;Connective_Soft_tissue,"Required: neoplastic, inflammatory and connective soft tissue segmentation.",2607
pannuke_f3_2608,3,Uterus,Neoplastic;Inflammatory;Connective_Soft_tissue,"Outline neoplastic, inflammatory and connective soft tissue cells.",2608
pannuke_f3_2609,3,Uterus,Neoplastic,Segment tissue showing neoplastic.,2609
pannuke_f3_2610,3,Uterus,Neoplastic;Inflammatory;Connective_Soft_tissue,"Highlight the neoplastic, inflammatory and connective soft tissue tissue.",2610
pannuke_f3_2611,3,Uterus,Neoplastic,This section has neoplastic. Locate and mark.,2611
pannuke_f3_2612,3,Uterus,Neoplastic;Inflammatory,Segment patches of neoplastic and inflammatory.,2612
pannuke_f3_2613,3,Uterus,Neoplastic;Connective_Soft_tissue,Mark cellular neoplastic and connective soft tissue regions.,2613
pannuke_f3_2614,3,Uterus,Neoplastic;Inflammatory,Draw neoplastic and inflammatory outlines.,2614
pannuke_f3_2615,3,Uterus,Neoplastic;Inflammatory;Connective_Soft_tissue,"Identify present neoplastic, inflammatory and connective soft tissue regions.",2615
pannuke_f3_2616,3,Uterus,Neoplastic;Inflammatory;Connective_Soft_tissue,"Detect visible neoplastic, inflammatory and connective soft tissue.",2616
pannuke_f3_2617,3,Uterus,Neoplastic;Inflammatory;Connective_Soft_tissue,"Show me where neoplastic, inflammatory and connective soft tissue is.",2617
pannuke_f3_2618,3,Uterus,Neoplastic;Inflammatory;Connective_Soft_tissue,"Isolate neoplastic, inflammatory and connective soft tissue cells.",2618
pannuke_f3_2619,3,Uterus,Neoplastic;Inflammatory;Connective_Soft_tissue;Dead,"Point out all neoplastic, inflammatory, connective soft tissue and dead.",2619
pannuke_f3_2620,3,Uterus,Neoplastic;Inflammatory;Connective_Soft_tissue;Dead,"Across the Uterus section, segment neoplastic, inflammatory, connective soft tissue and dead.",2620
pannuke_f3_2621,3,Uterus,Neoplastic;Inflammatory;Dead,"Inspect this Uterus sample for neoplastic, inflammatory and dead.",2621
pannuke_f3_2622,3,Uterus,Neoplastic,Identify present neoplastic structures.,2622
pannuke_f3_2623,3,Uterus,Neoplastic,Outline the neoplastic regions.,2623
pannuke_f3_2624,3,Uterus,Neoplastic;Inflammatory,Produce segmentation of neoplastic and inflammatory.,2624
pannuke_f3_2625,3,Uterus,Neoplastic;Inflammatory,Separate neoplastic and inflammatory regions.,2625
pannuke_f3_2626,3,Uterus,Neoplastic;Connective_Soft_tissue,Can you segment neoplastic and connective soft tissue?,2626
pannuke_f3_2627,3,Uterus,Neoplastic;Inflammatory;Connective_Soft_tissue,"Segment foci of neoplastic, inflammatory and connective soft tissue.",2627
pannuke_f3_2628,3,Uterus,Neoplastic;Connective_Soft_tissue;Dead,"This image contains neoplastic, connective soft tissue and dead. Segment it.",2628
pannuke_f3_2629,3,Uterus,Neoplastic,Mark regions of neoplastic accumulation.,2629
pannuke_f3_2630,3,Uterus,Neoplastic;Inflammatory,Delineate neoplastic and inflammatory with accurate boundary detection.,2630
pannuke_f3_2631,3,Uterus,Neoplastic,Identify neoplastic in Uterus histology.,2631
pannuke_f3_2632,3,Uterus,Neoplastic,Assess neoplastic regions.,2632
pannuke_f3_2633,3,Uterus,Neoplastic,Mark neoplastic lesion areas.,2633
pannuke_f3_2634,3,Colon,Inflammatory;Connective_Soft_tissue;Epithelial,"Identify inflammatory, connective soft tissue and epithelial cellular morphology.",2634
pannuke_f3_2635,3,Colon,Inflammatory;Connective_Soft_tissue;Epithelial,"Identify inflammatory, connective soft tissue and epithelial spatial arrangement.",2635
pannuke_f3_2636,3,Colon,Inflammatory;Epithelial,Mark stromal inflammatory and epithelial regions.,2636
pannuke_f3_2637,3,Colon,Connective_Soft_tissue,Highlight present connective soft tissue cells.,2637
pannuke_f3_2638,3,Colon,Connective_Soft_tissue,Recognize visible connective soft tissue.,2638
pannuke_f3_2639,3,Colon,Connective_Soft_tissue,Pinpoint the connective soft tissue regions.,2639
pannuke_f3_2640,3,Colon,Connective_Soft_tissue,"For this Colon biopsy, segment connective soft tissue areas.",2640
pannuke_f3_2641,3,Colon,Connective_Soft_tissue,You should identify connective soft tissue.,2641
pannuke_f3_2642,3,Colon,Connective_Soft_tissue,Segment the connective soft tissue nuclei.,2642
pannuke_f3_2643,3,Colon,Connective_Soft_tissue,Locate connective soft tissue in Colon tissue.,2643
pannuke_f3_2644,3,Colon,Inflammatory;Connective_Soft_tissue,Analyze this Colon and segment inflammatory and connective soft tissue.,2644
pannuke_f3_2645,3,Colon,Neoplastic;Connective_Soft_tissue,Discern all neoplastic and connective soft tissue areas.,2645
pannuke_f3_2646,3,Colon,Neoplastic,Mark stromal neoplastic regions.,2646
pannuke_f3_2647,3,Colon,Neoplastic;Inflammatory;Connective_Soft_tissue,"Highlight all neoplastic, inflammatory and connective soft tissue regions.",2647
pannuke_f3_2648,3,Colon,Neoplastic;Inflammatory;Connective_Soft_tissue,"This section has neoplastic, inflammatory and connective soft tissue. Locate and mark.",2648
pannuke_f3_2649,3,Colon,Neoplastic,Distinguish visible neoplastic.,2649
pannuke_f3_2650,3,Colon,Inflammatory;Connective_Soft_tissue,Segment the inflammatory and connective soft tissue in this tissue sample.,2650
pannuke_f3_2651,3,Colon,Inflammatory;Connective_Soft_tissue,Mark present inflammatory and connective soft tissue regions.,2651
pannuke_f3_2652,3,Colon,Inflammatory;Connective_Soft_tissue,Mark regions of inflammatory and connective soft tissue accumulation.,2652
pannuke_f3_2653,3,Colon,Inflammatory;Connective_Soft_tissue,Plot inflammatory and connective soft tissue locations.,2653
pannuke_f3_2654,3,Colon,Connective_Soft_tissue,Draw connective soft tissue outlines.,2654
pannuke_f3_2655,3,Colon,Inflammatory;Connective_Soft_tissue,Segment inflammatory and connective soft tissue histopathological features.,2655
pannuke_f3_2656,3,Colon,Connective_Soft_tissue,Segment connective soft tissue in the tumor stroma.,2656
pannuke_f3_2657,3,Colon,Inflammatory;Connective_Soft_tissue,Identify inflammatory and connective soft tissue nuclear characteristics.,2657
pannuke_f3_2658,3,Colon,Neoplastic;Inflammatory,Detect the neoplastic and inflammatory regions.,2658
pannuke_f3_2659,3,Colon,Neoplastic;Inflammatory;Connective_Soft_tissue,"Delineate visible neoplastic, inflammatory and connective soft tissue tissue.",2659
pannuke_f3_2660,3,Colon,Neoplastic;Inflammatory;Connective_Soft_tissue,"Segment neoplastic, inflammatory and connective soft tissue for quantitative analysis.",2660
pannuke_f3_2661,3,Colon,Neoplastic;Inflammatory,Recognize the neoplastic and inflammatory tissue.,2661
pannuke_f3_2662,3,Colon,Inflammatory;Connective_Soft_tissue,Please segment inflammatory and connective soft tissue.,2662
pannuke_f3_2663,3,Colon,Inflammatory;Connective_Soft_tissue,Find visible inflammatory and connective soft tissue.,2663
pannuke_f3_2664,3,Colon,Inflammatory;Connective_Soft_tissue,"Observing this sample, delineate inflammatory and connective soft tissue.",2664
pannuke_f3_2665,3,Colon,Neoplastic;Connective_Soft_tissue,Segment zones of neoplastic and connective soft tissue presence.,2665
pannuke_f3_2666,3,Colon,Neoplastic;Inflammatory;Connective_Soft_tissue,"Distinguish neoplastic, inflammatory and connective soft tissue from other tissue.",2666
pannuke_f3_2667,3,Colon,Inflammatory;Connective_Soft_tissue;Epithelial,"Mark inflammatory, connective soft tissue and epithelial ensuring complete coverage of affected areas.",2667
pannuke_f3_2668,3,Colon,Inflammatory;Connective_Soft_tissue;Epithelial,"Identify all inflammatory, connective soft tissue and epithelial nuclei.",2668
pannuke_f3_2669,3,Colon,Inflammatory;Connective_Soft_tissue,Mark inflammatory and connective soft tissue cytological features.,2669
pannuke_f3_2670,3,Colon,Inflammatory;Connective_Soft_tissue,Point out the inflammatory and connective soft tissue regions.,2670
pannuke_f3_2671,3,Colon,Connective_Soft_tissue,Indicate the connective soft tissue regions.,2671
pannuke_f3_2672,3,Colon,Inflammatory;Connective_Soft_tissue,inflammatory and connective soft tissue can be seen. Identify and segment.,2672
pannuke_f3_2673,3,Colon,Inflammatory;Connective_Soft_tissue,Segment all inflammatory and connective soft tissue cells.,2673
pannuke_f3_2674,3,Colon,Inflammatory;Connective_Soft_tissue,Goal: mark all inflammatory and connective soft tissue cells.,2674
pannuke_f3_2675,3,Colon,Neoplastic;Inflammatory;Connective_Soft_tissue,"Identify present neoplastic, inflammatory and connective soft tissue tissue.",2675
pannuke_f3_2676,3,Colon,Neoplastic;Inflammatory;Connective_Soft_tissue,"From the Colon tissue, extract neoplastic, inflammatory and connective soft tissue regions.",2676
pannuke_f3_2677,3,Colon,Neoplastic;Inflammatory;Connective_Soft_tissue,"Identify nuclear neoplastic, inflammatory and connective soft tissue features.",2677
pannuke_f3_2678,3,Colon,Neoplastic;Inflammatory,Look for neoplastic and inflammatory in this slide.,2678
pannuke_f3_2679,3,Colon,Inflammatory;Connective_Soft_tissue,Pinpoint inflammatory and connective soft tissue in this Colon.,2679
pannuke_f3_2680,3,Colon,Inflammatory;Connective_Soft_tissue,Identify all inflammatory and connective soft tissue areas.,2680
pannuke_f3_2681,3,Colon,Neoplastic;Inflammatory;Connective_Soft_tissue,"Delineate neoplastic, inflammatory and connective soft tissue for pattern recognition.",2681
pannuke_f3_2682,3,Colon,Neoplastic;Inflammatory,Show me the neoplastic and inflammatory regions.,2682
pannuke_f3_2683,3,Colon,Neoplastic;Inflammatory;Connective_Soft_tissue,"Identify neoplastic, inflammatory and connective soft tissue including all visible instances.",2683
pannuke_f3_2684,3,Colon,Connective_Soft_tissue,Mark connective soft tissue cytological features.,2684
pannuke_f3_2685,3,Colon,Connective_Soft_tissue,Which structures are connective soft tissue?,2685
pannuke_f3_2686,3,Colon,Connective_Soft_tissue,Delineate the connective soft tissue regions.,2686
pannuke_f3_2687,3,Colon,Inflammatory;Connective_Soft_tissue,Mark inflammatory and connective soft tissue lesion areas.,2687
pannuke_f3_2688,3,Colon,Inflammatory,Meticulously outline the inflammatory regions for analysis.,2688
pannuke_f3_2689,3,Colon,Inflammatory,Identify inflammatory chromatin patterns.,2689
pannuke_f3_2690,3,Colon,Connective_Soft_tissue,Point out visible connective soft tissue.,2690
pannuke_f3_2691,3,Colon,Connective_Soft_tissue,Mark visible connective soft tissue structures.,2691
pannuke_f3_2692,3,Colon,Connective_Soft_tissue,Assignment: segment connective soft tissue tissue.,2692
pannuke_f3_2693,3,Colon,Inflammatory;Connective_Soft_tissue,Recognize the inflammatory and connective soft tissue regions.,2693
pannuke_f3_2694,3,Colon,,,2694
pannuke_f3_2695,3,Colon,,,2695
pannuke_f3_2696,3,Colon,Connective_Soft_tissue,Find the connective soft tissue areas.,2696
pannuke_f3_2697,3,Colon,Inflammatory;Connective_Soft_tissue,Target inflammatory and connective soft tissue in this image.,2697
pannuke_f3_2698,3,Colon,Neoplastic;Inflammatory;Connective_Soft_tissue,"Segment neoplastic, inflammatory and connective soft tissue to enable cell counting.",2698
pannuke_f3_2699,3,Colon,Neoplastic;Inflammatory;Connective_Soft_tissue,"Precisely delineate the boundaries of neoplastic, inflammatory and connective soft tissue cells in this tissue section.",2699
pannuke_f3_2700,3,Colon,Neoplastic;Inflammatory;Connective_Soft_tissue,"Distinguish neoplastic, inflammatory and connective soft tissue cells.",2700
pannuke_f3_2701,3,Colon,Neoplastic;Connective_Soft_tissue,Outline the neoplastic and connective soft tissue regions.,2701
pannuke_f3_2702,3,Colon,Neoplastic;Inflammatory;Connective_Soft_tissue,"Scan for neoplastic, inflammatory and connective soft tissue cells.",2702
pannuke_f3_2703,3,Colon,Connective_Soft_tissue,Segment visible connective soft tissue.,2703
pannuke_f3_2704,3,Colon,Connective_Soft_tissue,Segment the connective soft tissue cells.,2704
pannuke_f3_2705,3,Colon,Connective_Soft_tissue,Partition connective soft tissue regions.,2705
pannuke_f3_2706,3,Colon,Connective_Soft_tissue,Circle the connective soft tissue regions.,2706
pannuke_f3_2707,3,Colon,Connective_Soft_tissue,Outline connective soft tissue in the Colon image.,2707
pannuke_f3_2708,3,Colon,Connective_Soft_tissue,Separate connective soft tissue cells.,2708
pannuke_f3_2709,3,Colon,Connective_Soft_tissue,Detect the connective soft tissue regions.,2709
pannuke_f3_2710,3,Colon,Inflammatory;Connective_Soft_tissue;Epithelial,"Outline the inflammatory, connective soft tissue and epithelial boundaries.",2710
pannuke_f3_2711,3,Colon,Inflammatory;Connective_Soft_tissue;Epithelial,"Segment all inflammatory, connective soft tissue and epithelial regions.",2711
pannuke_f3_2712,3,Colon,Inflammatory;Connective_Soft_tissue;Epithelial,"Identify present inflammatory, connective soft tissue and epithelial areas.",2712
pannuke_f3_2713,3,Colon,Inflammatory;Connective_Soft_tissue;Epithelial,"In the Colon specimen, label inflammatory, connective soft tissue and epithelial.",2713
pannuke_f3_2714,3,Colon,Neoplastic;Dead,Find neoplastic and dead in this Colon sample.,2714
pannuke_f3_2715,3,Colon,Neoplastic;Inflammatory;Connective_Soft_tissue,"Segment neoplastic, inflammatory and connective soft tissue cellular composition.",2715
pannuke_f3_2716,3,Colon,Neoplastic;Inflammatory;Connective_Soft_tissue,"Provide neoplastic, inflammatory and connective soft tissue segmentation.",2716
pannuke_f3_2717,3,Colon,Neoplastic;Inflammatory;Connective_Soft_tissue,"Identify neoplastic, inflammatory and connective soft tissue components.",2717
pannuke_f3_2718,3,Colon,Neoplastic;Connective_Soft_tissue,Segment only neoplastic and connective soft tissue.,2718
pannuke_f3_2719,3,Colon,Inflammatory;Connective_Soft_tissue,Identify all inflammatory and connective soft tissue regions.,2719
pannuke_f3_2720,3,Colon,Inflammatory;Connective_Soft_tissue,Sketch inflammatory and connective soft tissue boundaries.,2720
pannuke_f3_2721,3,Colon,Inflammatory;Connective_Soft_tissue,Segment the inflammatory and connective soft tissue infiltration.,2721
