{
  "dice_Neoplastic": 0.9658903065659218,
  "iou_Neoplastic": 0.9340308022434128,
  "f1_Neoplastic": 0.9658903015660911,
  "precision_Neoplastic": 0.9715438223713412,
  "recall_Neoplastic": 0.960302206904639,
  "dice_Inflammatory": 0.6389847183877446,
  "iou_Inflammatory": 0.46949121513963094,
  "f1_Inflammatory": 0.6389847133998707,
  "precision_Inflammatory": 0.6089926575948524,
  "recall_Inflammatory": 0.6720839390542956,
  "dice_Connective_Soft_tissue": 0.49064129131101547,
  "iou_Connective_Soft_tissue": 0.32506606182249553,
  "f1_Connective_Soft_tissue": 0.49064128644766825,
  "precision_Connective_Soft_tissue": 0.42103576546713467,
  "recall_Connective_Soft_tissue": 0.5878194542347155,
  "dice_Dead": 0.3282739056906883,
  "iou_Dead": 0.19636823688291924,
  "f1_Dead": 0.32827390074305607,
  "precision_Dead": 0.2977936138138734,
  "recall_Dead": 0.3657052031227745,
  "dice_Epithelial": 0.6276135823657705,
  "iou_Epithelial": 0.4573155011601427,
  "f1_Epithelial": 0.6276135774607159,
  "precision_Epithelial": 0.7279223968077527,
  "recall_Epithelial": 0.5516019885986113,
  "dice_macro": 0.6102807608642282,
  "iou_macro": 0.4764543634497202,
  "f1_macro": 0.6102807559234804,
  "precision_macro": 0.6054576512109909,
  "recall_macro": 0.6275025583830072,
  "accuracy": 0.9312459159189485,
  "pq_Neoplastic": 0.9254879055969157,
  "dq_Neoplastic": 0.9889786921345005,
  "sq_Neoplastic": 0.9358016638350889,
  "pq_Inflammatory": 0.22569729942560998,
  "dq_Inflammatory": 0.3453397697709221,
  "sq_Inflammatory": 0.6535514272663243,
  "pq_Connective_Soft_tissue": 0.16072519637239996,
  "dq_Connective_Soft_tissue": 0.2582654528018291,
  "sq_Connective_Soft_tissue": 0.622325574825243,
  "pq_Dead": 0.057107182276177025,
  "dq_Dead": 0.09374999999023438,
  "sq_Dead": 0.6091432776760073,
  "pq_Epithelial": 0.43216004255379864,
  "dq_Epithelial": 0.6471962616671215,
  "sq_Epithelial": 0.6677418708207489,
  "mPQ": 0.36023552524498026,
  "mDQ": 0.4667060352729216,
  "mSQ": 0.6977127628846824,
  "bPQ": 0.9999999999926525,
  "bDQ": 0.9999999999963263,
  "bSQ": 0.9999999999963263,
  "best_epoch": 44,
  "fold": 3
}