{
  "dice_Neoplastic": 0.9596808479546305,
  "iou_Neoplastic": 0.9224869561113084,
  "f1_Neoplastic": 0.9596808429552404,
  "precision_Neoplastic": 0.970398582983206,
  "recall_Neoplastic": 0.9491972744460171,
  "dice_Inflammatory": 0.6263808896664229,
  "iou_Inflammatory": 0.45600769889864834,
  "f1_Inflammatory": 0.6263808846819048,
  "precision_Inflammatory": 0.5933619857948009,
  "recall_Inflammatory": 0.663291152414613,
  "dice_Connective_Soft_tissue": 0.42311414740680875,
  "iou_Connective_Soft_tissue": 0.2683226225354212,
  "f1_Connective_Soft_tissue": 0.42311414265839664,
  "precision_Connective_Soft_tissue": 0.34559228157288424,
  "recall_Connective_Soft_tissue": 0.5454722900511132,
  "dice_Dead": 0.38036930747599035,
  "iou_Dead": 0.23484940686276337,
  "f1_Dead": 0.3803693025043838,
  "precision_Dead": 0.35370482187523145,
  "recall_Dead": 0.41138184873522887,
  "dice_Epithelial": 0.6452815258542964,
  "iou_Epithelial": 0.4763214927449899,
  "f1_Epithelial": 0.6452815208983307,
  "precision_Epithelial": 0.7121099708505834,
  "recall_Epithelial": 0.5899200748327914,
  "dice_macro": 0.6069653436716298,
  "iou_macro": 0.4715976354306262,
  "f1_macro": 0.6069653387396512,
  "precision_macro": 0.5950335286153412,
  "recall_macro": 0.6318525280959527,
  "accuracy": 0.9190212876358925,
  "pq_Neoplastic": 0.9049222586835242,
  "dq_Neoplastic": 0.9647245342807582,
  "sq_Neoplastic": 0.9380110347853658,
  "pq_Inflammatory": 0.21920536393359752,
  "dq_Inflammatory": 0.3334647221101028,
  "sq_Inflammatory": 0.6573569838107812,
  "pq_Connective_Soft_tissue": 0.12155742869220511,
  "dq_Connective_Soft_tissue": 0.19969666329524927,
  "sq_Connective_Soft_tissue": 0.608710364441512,
  "pq_Dead": 0.05496595407779141,
  "dq_Dead": 0.08633093523937685,
  "sq_Dead": 0.6366889681593604,
  "pq_Epithelial": 0.4363623982096503,
  "dq_Epithelial": 0.6629588431443169,
  "sq_Epithelial": 0.6582043557033604,
  "mPQ": 0.3474026807193537,
  "mDQ": 0.4494351396139608,
  "mSQ": 0.699794341380076,
  "bPQ": 0.999999999992073,
  "bDQ": 0.9999999999960365,
  "bSQ": 0.9999999999960365,
  "best_epoch": 49,
  "fold": 2
}