{
  "fold_0": {
    "fold": 0,
    "num_images": 2656,
    "per_class_dice": [
      0.9557622149137848,
      0.47816265060240964,
      0.23042168674698796,
      0.9755271084337349,
      0.8125
    ],
    "per_class_pq": [
      0.0,
      0.47816265060240964,
      0.23042168674698796,
      0.9755271084337349,
      0.8125
    ],
    "mean_dice": 0.6904747321393835,
    "mean_pq": 0.4993222891566266
  },
  "fold_1": {
    "fold": 1,
    "num_images": 2523,
    "per_class_dice": [
      0.9543875395377571,
      0.4708680142687277,
      0.21323820848196592,
      0.9722552516845026,
      0.7923107411811335
    ],
    "per_class_pq": [
      0.0,
      0.4708680142687277,
      0.21323820848196592,
      0.9722552516845026,
      0.7923107411811335
    ],
    "mean_dice": 0.6806119510308173,
    "mean_pq": 0.489734443123266
  },
  "fold_2": {
    "fold": 2,
    "num_images": 2722,
    "per_class_dice": [
      0.9563315932274216,
      0.48163115356355624,
      0.22446730345334312,
      0.9643644379132991,
      0.8141072740631888
    ],
    "per_class_pq": [
      0.0,
      0.48163115356355624,
      0.22446730345334312,
      0.9643644379132991,
      0.8141072740631888
    ],
    "mean_dice": 0.6881803524441618,
    "mean_pq": 0.4969140337986775
  }
}