{
  "zero_shot": {
    "CoNSeP": {
      "dataset": "CoNSeP",
      "per_class": {
        "Neoplastic": {
          "DQ": 0.005480650030347984,
          "SQ": 0.1967857791170002,
          "PQ": 0.0038429752404001497,
          "Dice": 0.004878363276503219
        },
        "Inflammatory": {
          "DQ": 0.060134645058207946,
          "SQ": 0.45061552634025925,
          "PQ": 0.037985278026003974,
          "Dice": 0.07715736793077485
        },
        "Connective_Soft_tissue": {
          "DQ": 0.024661305019834295,
          "SQ": 0.38618835185660577,
          "PQ": 0.014716415690835328,
          "Dice": 0.03561739938390444
        },
        "Epithelial": {
          "DQ": 0.8571428571428571,
          "SQ": 0.8571428571428571,
          "PQ": 0.8571428571428571,
          "Dice": 0.8571428571428704
        }
      },
      "macro": {
        "mPQ": 0.22842188152502413,
        "mDice": 0.24369899693351324,
        "bPQ": 0.22842188152502413
      }
    },
    "MoNuSAC": {
      "dataset": "MoNuSAC",
      "per_class": {
        "Inflammatory": {
          "DQ": 0.03285339314533035,
          "SQ": 0.1750020971753469,
          "PQ": 0.0203819353990349,
          "Dice": 0.09655000393451812
        },
        "Epithelial": {
          "DQ": 0.6470588235294118,
          "SQ": 0.6470588235294118,
          "PQ": 0.6470588235294118,
          "Dice": 0.6470588235295993
        }
      },
      "macro": {
        "mPQ": 0.33372037946422334,
        "mDice": 0.37180441373205875,
        "bPQ": 0.33372037946422334
      }
    }
  },
  "fine_tuned": {
    "CoNSeP": {
      "dataset": "CoNSeP_Finetuned",
      "classes": {
        "Neoplastic": {
          "dice": 0.9515728503280851,
          "dq": 0.3031159398181062,
          "sq": 0.6347378104212633,
          "pq": 0.23155309120326614,
          "n_samples": 98
        },
        "Inflammatory": {
          "dice": 0.5301276578018902,
          "dq": 0.48006261747333234,
          "sq": 0.5578359010775071,
          "pq": 0.3362681439450413,
          "n_samples": 79
        },
        "Connective": {
          "dice": 0.0017417626003183226,
          "dq": 0.0,
          "sq": 0.0,
          "pq": 0.0,
          "n_samples": 84
        },
        "Epithelial": {
          "dice": 0.07308155562529114,
          "dq": 0.0058361391663345015,
          "sq": 0.06106343669347986,
          "pq": 0.0032411551805685067,
          "n_samples": 18
        }
      },
      "mPQ": 0.142765597582219
    },
    "MoNuSAC": {
      "dataset": "MoNuSAC_Finetuned",
      "classes": {
        "Inflammatory": {
          "dice": 0.48861632741822125,
          "dq": 0.4359536568834408,
          "sq": 0.48664377172791223,
          "pq": 0.2960516206078714,
          "n_samples": 553
        },
        "Epithelial": {
          "dice": 0.7045276784814588,
          "dq": 0.5929910101687128,
          "sq": 0.6793031753676516,
          "pq": 0.41858276016967083,
          "n_samples": 1201
        }
      },
      "mPQ": 0.3573171903887711
    }
  },
  "training_history": {
    "CoNSeP": {
      "train_loss": [
        0.17562994650668567,
        0.173783543623156,
        0.1676827325589127,
        0.1652951625486215,
        0.16347657930519846,
        0.1621292448706097,
        0.1616588607430458,
        0.1636303977833854,
        0.16017939647038779,
        0.16024775182207426,
        0.15982621245914036,
        0.15986959098113906,
        0.159649305873447,
        0.16129589991437066,
        0.16093989089131355,
        0.1623154766857624,
        0.15878412127494812,
        0.1572182248863909,
        0.1604428527255853,
        0.15758206240004963
      ],
      "val_loss": [
        0.1669402519861857,
        0.1639582763115565,
        0.1620039145151774,
        0.16022725403308868,
        0.15925999151335823,
        0.15793301827377743,
        0.15773491064707437,
        0.15665937629010943,
        0.15758283105161455,
        0.15598589678605398,
        0.1562985810968611,
        0.15656750897566477,
        0.15597275065051186,
        0.15584787560833824,
        0.15572219259209102,
        0.15561586618423462,
        0.1559302873081631,
        0.15527132815784878,
        0.1555537631114324,
        0.15564426448610094
      ],
      "val_dice": [
        0.31236720394205164,
        0.3534807659789092,
        0.4464667836825053,
        0.4466705945906816,
        0.44986727668179405,
        0.45135755561016233,
        0.42533522650289035,
        0.41182975007945466,
        0.411714325417523,
        0.41444198511049357,
        0.40980503571012783,
        0.43428194350390525,
        0.42609673193483444,
        0.4467706288452502,
        0.4515163873632749,
        0.4500569524588409,
        0.4428242691965015,
        0.4379029812084304,
        0.44650294452353756,
        0.4466097141029659
      ]
    },
    "MoNuSAC": {
      "train_loss": [
        0.5474030080253892,
        0.5088227476734898,
        0.4964670111842194,
        0.48669855939798634,
        0.4789885688403337,
        0.47196750662441866,
        0.46644542516076853,
        0.46205683424070115,
        0.45712447785660026,
        0.4532169754000196,
        0.4499828115145578,
        0.4474066902581233,
        0.44513600924858776,
        0.4431545938147936,
        0.44193130647688705,
        0.44071698320615066,
        0.4399957874585093,
        0.43921416095050986,
        0.439183746042584,
        0.43945597743380804
      ],
      "val_loss": [
        0.4960501617926327,
        0.4844880461055327,
        0.4766197641265584,
        0.47427764327768335,
        0.465197761109806,
        0.46464604442132346,
        0.4539585299989119,
        0.45508341515127987,
        0.45077504512460476,
        0.43794827760859606,
        0.44294629122484175,
        0.4380066995633477,
        0.44286973288352477,
        0.4373061763730279,
        0.43621467237166545,
        0.4378873892327681,
        0.4373010710917692,
        0.43659070994764726,
        0.4360071850970467,
        0.4334049025640131
      ],
      "val_dice": [
        0.3055708226938725,
        0.36465930214414055,
        0.3899262747104794,
        0.40421660178060387,
        0.39633709271961337,
        0.41659149947225976,
        0.41976748923513746,
        0.41807704275463975,
        0.43644567470127665,
        0.4315118529101742,
        0.4490145095051291,
        0.4402807446830837,
        0.4512144292907292,
        0.4476475136191877,
        0.4472636966011527,
        0.4506768220753385,
        0.44466778204266694,
        0.4473524810132072,
        0.4436786902168642,
        0.4470642801779265
      ]
    }
  },
  "config": {
    "base_model": "results/cipsnet_pannuke_cv3_balanced_VIT_B_16_distil_bert_uncased_20260103_201916/fold1/best_model.pth",
    "finetune_config": {
      "epochs": 20,
      "batch_size": 4,
      "learning_rate": 1e-05,
      "weight_decay": 0.0001,
      "val_split": 0.2,
      "seed": 42,
      "save_dir": "results/finetuned_models",
      "use_balanced_loss": true
    }
  }
}