{
  "experiment_date": "2026-01-22 15:57:56",
  "models_compared": [
    "CIPS-Net",
    "SAM (ViT-B)"
  ],
  "datasets": [
    "CoNSeP",
    "MoNuSAC"
  ],
  "experiments": [
    "Zero-Shot",
    "Fine-tuned"
  ],
  "all_results": {
    "SAM_finetuned_CoNSeP": {
      "dataset": "CoNSeP",
      "model": "SAM (vit_b) Fine-tuned",
      "overall": {
        "dice": 0.3843666944893519,
        "dq": 0.01447850304882083,
        "sq": 0.5166904359657781,
        "pq": 0.009221732834345821,
        "num_samples": 14
      },
      "classes": {},
      "mPQ": 0.009221732834345821
    },
    "SAM_finetuned_MoNuSAC": {
      "dataset": "MoNuSAC",
      "model": "SAM (vit_b) Fine-tuned",
      "overall": {
        "dice": 0.43125342230557157,
        "dq": 0.033808818648787514,
        "sq": 0.29331068897838347,
        "pq": 0.022982606566481753,
        "num_samples": 85
      },
      "classes": {},
      "mPQ": 0.022982606566481753
    },
    "zeroshot_CoNSeP": {
      "overall": {
        "Dice": 0.24369899693351324,
        "PQ": 0.22842188152502413
      },
      "mPQ": 0.22842188152502413,
      "per_class": {
        "Neoplastic": {
          "DQ": 0.005480650030347984,
          "SQ": 0.1967857791170002,
          "PQ": 0.0038429752404001497,
          "Dice": 0.004878363276503219
        },
        "Inflammatory": {
          "DQ": 0.060134645058207946,
          "SQ": 0.45061552634025925,
          "PQ": 0.037985278026003974,
          "Dice": 0.07715736793077485
        },
        "Connective_Soft_tissue": {
          "DQ": 0.024661305019834295,
          "SQ": 0.38618835185660577,
          "PQ": 0.014716415690835328,
          "Dice": 0.03561739938390444
        },
        "Epithelial": {
          "DQ": 0.8571428571428571,
          "SQ": 0.8571428571428571,
          "PQ": 0.8571428571428571,
          "Dice": 0.8571428571428704
        }
      }
    },
    "zeroshot_MoNuSAC": {
      "overall": {
        "Dice": 0.37180441373205875,
        "PQ": 0.33372037946422334
      },
      "mPQ": 0.33372037946422334,
      "per_class": {
        "Inflammatory": {
          "DQ": 0.03285339314533035,
          "SQ": 0.1750020971753469,
          "PQ": 0.0203819353990349,
          "Dice": 0.09655000393451812
        },
        "Epithelial": {
          "DQ": 0.6470588235294118,
          "SQ": 0.6470588235294118,
          "PQ": 0.6470588235294118,
          "Dice": 0.6470588235295993
        }
      }
    },
    "finetuned_CoNSeP": {
      "overall": {
        "dice": 0.3891309565888962,
        "pq": 0.142765597582219
      },
      "mPQ": 0.142765597582219,
      "classes": {
        "Neoplastic": {
          "dice": 0.9515728503280851,
          "dq": 0.3031159398181062,
          "sq": 0.6347378104212633,
          "pq": 0.23155309120326614,
          "n_samples": 98
        },
        "Inflammatory": {
          "dice": 0.5301276578018902,
          "dq": 0.48006261747333234,
          "sq": 0.5578359010775071,
          "pq": 0.3362681439450413,
          "n_samples": 79
        },
        "Connective": {
          "dice": 0.0017417626003183226,
          "dq": 0.0,
          "sq": 0.0,
          "pq": 0.0,
          "n_samples": 84
        },
        "Epithelial": {
          "dice": 0.07308155562529114,
          "dq": 0.0058361391663345015,
          "sq": 0.06106343669347986,
          "pq": 0.0032411551805685067,
          "n_samples": 18
        }
      }
    },
    "finetuned_MoNuSAC": {
      "overall": {
        "dice": 0.59657200294984,
        "pq": 0.3573171903887711
      },
      "mPQ": 0.3573171903887711,
      "classes": {
        "Inflammatory": {
          "dice": 0.48861632741822125,
          "dq": 0.4359536568834408,
          "sq": 0.48664377172791223,
          "pq": 0.2960516206078714,
          "n_samples": 553
        },
        "Epithelial": {
          "dice": 0.7045276784814588,
          "dq": 0.5929910101687128,
          "sq": 0.6793031753676516,
          "pq": 0.41858276016967083,
          "n_samples": 1201
        }
      }
    },
    "SAM_zeroshot_CoNSeP": {
      "dataset": "CoNSeP",
      "model": "SAM (vit_b)",
      "overall": {
        "Dice": 0.26700026760449574,
        "DQ": 0.09612963755213177,
        "SQ": 0.4973088037211685,
        "PQ": 0.07446305308359132,
        "num_samples": 14
      },
      "per_class": {},
      "mPQ": 0.07446305308359132
    },
    "SAM_zeroshot_MoNuSAC": {
      "dataset": "MoNuSAC",
      "model": "SAM (vit_b)",
      "overall": {
        "Dice": 0.4052264347107336,
        "DQ": 0.23281556476013676,
        "SQ": 0.499268890804899,
        "PQ": 0.18768272726084673,
        "num_samples": 85
      },
      "per_class": {},
      "mPQ": 0.18768272726084673
    }
  }
}