{
  "dice_Neoplastic": 0.952009049191722,
  "iou_Neoplastic": 0.9084134251898562,
  "f1_Neoplastic": 0.9520090441926687,
  "precision_Neoplastic": 0.9652922042577156,
  "recall_Neoplastic": 0.9390865044902262,
  "dice_Inflammatory": 0.556079229702514,
  "iou_Inflammatory": 0.3851175501741325,
  "f1_Inflammatory": 0.5560792247142982,
  "precision_Inflammatory": 0.5303320472739915,
  "recall_Inflammatory": 0.5844539875863964,
  "dice_Connective_Soft_tissue": 0.3317771343762012,
  "iou_Connective_Soft_tissue": 0.19888058197316444,
  "f1_Connective_Soft_tissue": 0.3317771296714224,
  "precision_Connective_Soft_tissue": 0.26691851878817213,
  "recall_Connective_Soft_tissue": 0.4382733034755659,
  "dice_Dead": 0.3310500414966667,
  "iou_Dead": 0.198358278994502,
  "f1_Dead": 0.33105003651969334,
  "precision_Dead": 0.3100036122026435,
  "recall_Dead": 0.35516233806945546,
  "dice_Epithelial": 0.6141391137088518,
  "iou_Epithelial": 0.44314629252032334,
  "f1_Epithelial": 0.6141391087144478,
  "precision_Epithelial": 0.6353975420647325,
  "recall_Epithelial": 0.5942571162285544,
  "dice_macro": 0.5570109136951912,
  "iou_macro": 0.42678322577039574,
  "f1_macro": 0.5570109087625061,
  "precision_macro": 0.5415887849174511,
  "recall_macro": 0.5822466499700397,
  "accuracy": 0.904276913555999,
  "pq_Neoplastic": 0.8909764988470343,
  "dq_Neoplastic": 0.9530227948426045,
  "sq_Neoplastic": 0.934895265536836,
  "pq_Inflammatory": 0.11721458259120188,
  "dq_Inflammatory": 0.19047619047469128,
  "sq_Inflammatory": 0.6153765586086534,
  "pq_Connective_Soft_tissue": 0.07844616878131651,
  "dq_Connective_Soft_tissue": 0.1315250767649359,
  "sq_Connective_Soft_tissue": 0.5964350731497156,
  "pq_Dead": 0.04265523911116944,
  "dq_Dead": 0.07352941175389274,
  "sq_Dead": 0.5801112519972148,
  "pq_Epithelial": 0.35813864976579274,
  "dq_Epithelial": 0.5682574916633018,
  "sq_Epithelial": 0.6302400848557461,
  "mPQ": 0.297486227819303,
  "mDQ": 0.38336219309988523,
  "mSQ": 0.6714116468296332,
  "bPQ": 0.999999999992073,
  "bDQ": 0.9999999999960365,
  "bSQ": 0.9999999999960365,
  "best_epoch": 48,
  "fold": 2
}