{
  "dice_Neoplastic": 0.9684825591845123,
  "iou_Neoplastic": 0.9388911140647879,
  "f1_Neoplastic": 0.9684825541845625,
  "precision_Neoplastic": 0.9715631295367136,
  "recall_Neoplastic": 0.9654214624382981,
  "dice_Inflammatory": 0.6465963873909227,
  "iou_Inflammatory": 0.47775577172017525,
  "f1_Inflammatory": 0.6465963823969962,
  "precision_Inflammatory": 0.6248176873521173,
  "recall_Inflammatory": 0.6699481591062134,
  "dice_Connective_Soft_tissue": 0.5129079468967439,
  "iou_Connective_Soft_tissue": 0.344906655796062,
  "f1_Connective_Soft_tissue": 0.5129079419614455,
  "precision_Connective_Soft_tissue": 0.46052095488617634,
  "recall_Connective_Soft_tissue": 0.5787434493551002,
  "dice_Dead": 0.3353624954307135,
  "iou_Dead": 0.20146277763787754,
  "f1_Dead": 0.3353624904397597,
  "precision_Dead": 0.35027489309709325,
  "recall_Dead": 0.321667991211227,
  "dice_Epithelial": 0.6311156573434525,
  "iou_Epithelial": 0.4610438133280623,
  "f1_Epithelial": 0.6311156524036768,
  "precision_Epithelial": 0.7089195741129267,
  "recall_Epithelial": 0.5687007547189125,
  "dice_macro": 0.6188930092492689,
  "iou_macro": 0.48481202650939303,
  "f1_macro": 0.6188930042772882,
  "precision_macro": 0.6232192477970055,
  "recall_macro": 0.6208963633659502,
  "accuracy": 0.9359706148830766,
  "pq_Neoplastic": 0.93435872260452,
  "dq_Neoplastic": 0.9981631153526886,
  "sq_Neoplastic": 0.9360781902608932,
  "pq_Inflammatory": 0.2263204544684204,
  "dq_Inflammatory": 0.3432613551724255,
  "sq_Inflammatory": 0.659324013781674,
  "pq_Connective_Soft_tissue": 0.1600172391615315,
  "dq_Connective_Soft_tissue": 0.25666666666544447,
  "sq_Connective_Soft_tissue": 0.6234437889440005,
  "pq_Dead": 0.044527557668940954,
  "dq_Dead": 0.07291666665907119,
  "sq_Dead": 0.6106636480948009,
  "pq_Epithelial": 0.4310111922888197,
  "dq_Epithelial": 0.6447831183905092,
  "sq_Epithelial": 0.6684591764199699,
  "mPQ": 0.35924703323844653,
  "mDQ": 0.4631581844480278,
  "mSQ": 0.6995937635002676,
  "bPQ": 0.9999999999926525,
  "bDQ": 0.9999999999963263,
  "bSQ": 0.9999999999963263,
  "best_epoch": 43,
  "fold": 3
}