{
  "dice_Neoplastic": 0.9326479431086431,
  "iou_Neoplastic": 0.8737959861387842,
  "f1_Neoplastic": 0.932647938110461,
  "precision_Neoplastic": 0.950778153461527,
  "recall_Neoplastic": 0.915196237637574,
  "dice_Inflammatory": 0.37822705901415965,
  "iou_Inflammatory": 0.2332182572883746,
  "f1_Inflammatory": 0.3782270540669724,
  "precision_Inflammatory": 0.34297757746517216,
  "recall_Inflammatory": 0.4215520199617561,
  "dice_Connective_Soft_tissue": 0.114078093348562,
  "iou_Connective_Soft_tissue": 0.060489298600446384,
  "f1_Connective_Soft_tissue": 0.11407808857782106,
  "precision_Connective_Soft_tissue": 0.09395868919668116,
  "recall_Connective_Soft_tissue": 0.14516159129363465,
  "dice_Dead": 0.223158877738054,
  "iou_Dead": 0.12559303977272282,
  "f1_Dead": 0.22315887375409732,
  "precision_Dead": 0.15381905482632874,
  "recall_Dead": 0.40632575452942793,
  "dice_Epithelial": 0.48741537699043563,
  "iou_Epithelial": 0.32224007144845446,
  "f1_Epithelial": 0.48741537211272107,
  "precision_Epithelial": 0.42149813558002186,
  "recall_Epithelial": 0.5777719670070538,
  "dice_macro": 0.42710547003997085,
  "iou_macro": 0.32306733064975646,
  "f1_macro": 0.4271054653244145,
  "precision_macro": 0.3926063221059462,
  "recall_macro": 0.49320151408588925,
  "accuracy": 0.8692674526630116,
  "best_epoch": 50,
  "fold": 1
}