{
  "zero_shot": {
    "CoNSeP": {
      "dice": 0.27694743424190243,
      "dice_std": 0.18516526262841443,
      "aji": 0.031601957227217495,
      "aji_std": 0.035364625784010596,
      "dq": 0.0014055689439043415,
      "dq_std": 0.003964156739918995,
      "sq": 0.08718024201113359,
      "sq_std": 0.21454310924897374,
      "pq": 0.0008171920082510874,
      "pq_std": 0.002235777060567897,
      "pq_class_1": 0.001138791630231038,
      "pq_class_1_std": 0.003153651689243401,
      "dq_class_1": 0.001963377320886654,
      "dq_class_1_std": 0.0056035143255620005,
      "sq_class_1": 0.08718024201113359,
      "sq_class_1_std": 0.21454310924897374,
      "pq_class_2": 0.0,
      "pq_class_2_std": 0.0,
      "dq_class_2": 0.0,
      "dq_class_2_std": 0.0,
      "sq_class_2": 0.0,
      "sq_class_2_std": 0.0,
      "pq_class_3": 0.0,
      "pq_class_3_std": 0.0,
      "dq_class_3": 0.0,
      "dq_class_3_std": 0.0,
      "sq_class_3": 0.0,
      "sq_class_3_std": 0.0,
      "pq_class_4": 1.0,
      "pq_class_4_std": 0.0,
      "dq_class_4": 1.0,
      "dq_class_4_std": 0.0,
      "sq_class_4": 1.0,
      "sq_class_4_std": 0.0,
      "pq_class_5": 0.8571428571428571,
      "pq_class_5_std": 0.3499271061118826,
      "dq_class_5": 0.8571428571428571,
      "dq_class_5_std": 0.3499271061118826,
      "sq_class_5": 0.8571428571428571,
      "sq_class_5_std": 0.3499271061118826
    },
    "MoNuSAC": {
      "dice": 0.19038710956443308,
      "dice_std": 0.20412339599492058,
      "aji": 0.09960890851226363,
      "aji_std": 0.14150246526345345,
      "dq": 0.12766297223990358,
      "dq_std": 0.17839029475150267,
      "sq": 0.39502017515695753,
      "sq_std": 0.384654262774997,
      "pq": 0.10027987746031221,
      "pq_std": 0.14312909294466533,
      "pq_class_1": 0.21176470588235294,
      "pq_class_1_std": 0.4085589495102432,
      "dq_class_1": 0.21176470588235294,
      "dq_class_1_std": 0.4085589495102432,
      "sq_class_1": 0.21176470588235294,
      "sq_class_1_std": 0.4085589495102432,
      "pq_class_2": 0.10485590041538168,
      "pq_class_2_std": 0.2608921915041492,
      "dq_class_2": 0.1147001397520499,
      "dq_class_2_std": 0.2671188244539498,
      "sq_class_2": 0.2610286864200936,
      "sq_class_2_std": 0.3877607660943435,
      "pq_class_3": 0.9058823529411765,
      "pq_class_3_std": 0.2919923210821378,
      "dq_class_3": 0.9058823529411765,
      "dq_class_3_std": 0.2919923210821378,
      "sq_class_3": 0.9058823529411765,
      "sq_class_3_std": 0.2919923210821378,
      "pq_class_4": 1.0,
      "pq_class_4_std": 0.0,
      "dq_class_4": 1.0,
      "dq_class_4_std": 0.0,
      "sq_class_4": 1.0,
      "sq_class_4_std": 0.0,
      "pq_class_5": 0.5176470588235295,
      "pq_class_5_std": 0.49968848427283064,
      "dq_class_5": 0.5176470588235295,
      "dq_class_5_std": 0.49968848427283064,
      "sq_class_5": 0.5176470588235295,
      "sq_class_5_std": 0.49968848427283064
    }
  },
  "finetuned": {
    "CoNSeP": {
      "metrics": {
        "dice": 0.18164268017083926,
        "dice_std": 0.12566092363260653,
        "aji": 0.03198511377484271,
        "aji_std": 0.030560282834782505,
        "dq": 0.005223031172581824,
        "dq_std": 0.008138441621759572,
        "sq": 0.22774566366140986,
        "sq_std": 0.30907281384817176,
        "pq": 0.003355778921800778,
        "pq_std": 0.005326251049939845,
        "pq_class_1": 0.28816998759709517,
        "pq_class_1_std": 0.4502477219873603,
        "dq_class_1": 0.28920830048859664,
        "dq_class_1_std": 0.4496412321023049,
        "sq_class_1": 0.38752840422431084,
        "sq_class_1_std": 0.4562473039831591,
        "pq_class_2": 0.0,
        "pq_class_2_std": 0.0,
        "dq_class_2": 0.0,
        "dq_class_2_std": 0.0,
        "sq_class_2": 0.0,
        "sq_class_2_std": 0.0,
        "pq_class_3": 0.0008581235697940503,
        "pq_class_3_std": 0.0030940085315766495,
        "dq_class_3": 0.0012531328320802004,
        "dq_class_3_std": 0.004518234681032568,
        "sq_class_3": 0.04891304347826087,
        "sq_class_3_std": 0.17635848629986906,
        "pq_class_4": 1.0,
        "pq_class_4_std": 0.0,
        "dq_class_4": 1.0,
        "dq_class_4_std": 0.0,
        "sq_class_4": 1.0,
        "sq_class_4_std": 0.0,
        "pq_class_5": 0.8571428571428571,
        "pq_class_5_std": 0.3499271061118826,
        "dq_class_5": 0.8571428571428571,
        "dq_class_5_std": 0.3499271061118826,
        "sq_class_5": 0.8571428571428571,
        "sq_class_5_std": 0.3499271061118826
      },
      "best_val_pq": 0.008297341952282607
    },
    "MoNuSAC": {
      "metrics": {
        "dice": 0.3045745354132065,
        "dice_std": 0.22736257887709155,
        "aji": 0.14105846832743926,
        "aji_std": 0.18956300216156105,
        "dq": 0.18685772458647534,
        "dq_std": 0.2544289866854267,
        "sq": 0.4094645949508472,
        "sq_std": 0.37602346711601675,
        "pq": 0.1445903243564628,
        "pq_std": 0.1990844957412237,
        "pq_class_1": 1.0,
        "pq_class_1_std": 0.0,
        "dq_class_1": 1.0,
        "dq_class_1_std": 0.0,
        "sq_class_1": 1.0,
        "sq_class_1_std": 0.0,
        "pq_class_2": 0.16355263571295464,
        "pq_class_2_std": 0.2344578481395805,
        "dq_class_2": 0.2044767594574347,
        "dq_class_2_std": 0.2788570262941896,
        "sq_class_2": 0.3945954501672512,
        "sq_class_2_std": 0.38978110996291393,
        "pq_class_3": 1.0,
        "pq_class_3_std": 0.0,
        "dq_class_3": 1.0,
        "dq_class_3_std": 0.0,
        "sq_class_3": 1.0,
        "sq_class_3_std": 0.0,
        "pq_class_4": 1.0,
        "pq_class_4_std": 0.0,
        "dq_class_4": 1.0,
        "dq_class_4_std": 0.0,
        "sq_class_4": 1.0,
        "sq_class_4_std": 0.0,
        "pq_class_5": 0.45895584100556813,
        "pq_class_5_std": 0.4981812455914556,
        "dq_class_5": 0.45906610066707093,
        "dq_class_5_std": 0.49808317186919393,
        "sq_class_5": 0.46524064171123,
        "sq_class_5_std": 0.4958577596290324
      },
      "best_val_pq": 0.002551518626762628
    }
  },
  "timestamp": "2026-01-25T21:03:58.328278",
  "model": "HoverNet",
  "pretrained_on": "PanNuke"
}