{
  "CoNSeP": {
    "dice": 0.27694743424190243,
    "dice_std": 0.18516526262841443,
    "aji": 0.031601957227217495,
    "aji_std": 0.035364625784010596,
    "dq": 0.0014055689439043415,
    "dq_std": 0.003964156739918995,
    "sq": 0.08718024201113359,
    "sq_std": 0.21454310924897374,
    "pq": 0.0008171920082510874,
    "pq_std": 0.002235777060567897,
    "pq_class_1": 0.001138791630231038,
    "pq_class_1_std": 0.003153651689243401,
    "dq_class_1": 0.001963377320886654,
    "dq_class_1_std": 0.0056035143255620005,
    "sq_class_1": 0.08718024201113359,
    "sq_class_1_std": 0.21454310924897374,
    "pq_class_2": 0.0,
    "pq_class_2_std": 0.0,
    "dq_class_2": 0.0,
    "dq_class_2_std": 0.0,
    "sq_class_2": 0.0,
    "sq_class_2_std": 0.0,
    "pq_class_3": 0.0,
    "pq_class_3_std": 0.0,
    "dq_class_3": 0.0,
    "dq_class_3_std": 0.0,
    "sq_class_3": 0.0,
    "sq_class_3_std": 0.0,
    "pq_class_4": 1.0,
    "pq_class_4_std": 0.0,
    "dq_class_4": 1.0,
    "dq_class_4_std": 0.0,
    "sq_class_4": 1.0,
    "sq_class_4_std": 0.0,
    "pq_class_5": 0.8571428571428571,
    "pq_class_5_std": 0.3499271061118826,
    "dq_class_5": 0.8571428571428571,
    "dq_class_5_std": 0.3499271061118826,
    "sq_class_5": 0.8571428571428571,
    "sq_class_5_std": 0.3499271061118826
  },
  "MoNuSAC": {
    "dice": 0.19038710956443308,
    "dice_std": 0.20412339599492058,
    "aji": 0.09960890851226363,
    "aji_std": 0.14150246526345345,
    "dq": 0.12766297223990358,
    "dq_std": 0.17839029475150267,
    "sq": 0.39502017515695753,
    "sq_std": 0.384654262774997,
    "pq": 0.10027987746031221,
    "pq_std": 0.14312909294466533,
    "pq_class_1": 0.21176470588235294,
    "pq_class_1_std": 0.4085589495102432,
    "dq_class_1": 0.21176470588235294,
    "dq_class_1_std": 0.4085589495102432,
    "sq_class_1": 0.21176470588235294,
    "sq_class_1_std": 0.4085589495102432,
    "pq_class_2": 0.10485590041538168,
    "pq_class_2_std": 0.2608921915041492,
    "dq_class_2": 0.1147001397520499,
    "dq_class_2_std": 0.2671188244539498,
    "sq_class_2": 0.2610286864200936,
    "sq_class_2_std": 0.3877607660943435,
    "pq_class_3": 0.9058823529411765,
    "pq_class_3_std": 0.2919923210821378,
    "dq_class_3": 0.9058823529411765,
    "dq_class_3_std": 0.2919923210821378,
    "sq_class_3": 0.9058823529411765,
    "sq_class_3_std": 0.2919923210821378,
    "pq_class_4": 1.0,
    "pq_class_4_std": 0.0,
    "dq_class_4": 1.0,
    "dq_class_4_std": 0.0,
    "sq_class_4": 1.0,
    "sq_class_4_std": 0.0,
    "pq_class_5": 0.5176470588235295,
    "pq_class_5_std": 0.49968848427283064,
    "dq_class_5": 0.5176470588235295,
    "dq_class_5_std": 0.49968848427283064,
    "sq_class_5": 0.5176470588235295,
    "sq_class_5_std": 0.49968848427283064
  }
}