{
  "dice_Neoplastic_mean": 0.9460273383151735,
  "dice_Neoplastic_std": 0.01533744285235555,
  "iou_Neoplastic_mean": 0.8978515922537493,
  "iou_Neoplastic_std": 0.027745940107101432,
  "f1_Neoplastic_mean": 0.9460273333163257,
  "f1_Neoplastic_std": 0.015337442851536908,
  "precision_Neoplastic_mean": 0.959639778660777,
  "precision_Neoplastic_std": 0.009347021331011656,
  "recall_Neoplastic_mean": 0.9328477256431263,
  "recall_Neoplastic_std": 0.021098911922458923,
  "dice_Inflammatory_mean": 0.473554881944414,
  "dice_Inflammatory_std": 0.12207457136972451,
  "iou_Inflammatory_mean": 0.3160627732200069,
  "iou_Inflammatory_std": 0.10937031826139215,
  "f1_Inflammatory_mean": 0.4735548770017661,
  "f1_Inflammatory_std": 0.12207457134058419,
  "precision_Inflammatory_mean": 0.4327241923542799,
  "precision_Inflammatory_std": 0.1269596688207756,
  "recall_Inflammatory_mean": 0.5244577980839851,
  "recall_Inflammatory_std": 0.11483925694715183,
  "dice_Connective_Soft_tissue_mean": 0.26784008184838476,
  "dice_Connective_Soft_tissue_std": 0.16121581448314656,
  "iou_Connective_Soft_tissue_mean": 0.16143536274457349,
  "iou_Connective_Soft_tissue_std": 0.10986107182648694,
  "f1_Connective_Soft_tissue_mean": 0.26784007703727747,
  "f1_Connective_Soft_tissue_std": 0.1612158144289483,
  "precision_Connective_Soft_tissue_mean": 0.22689912272963875,
  "precision_Connective_Soft_tissue_std": 0.14193331872165554,
  "recall_Connective_Soft_tissue_mean": 0.3273610700496183,
  "recall_Connective_Soft_tissue_std": 0.18599574363403568,
  "dice_Dead_mean": 0.26040963262668,
  "dice_Dead_std": 0.06625466356974953,
  "iou_Dead_mean": 0.15083385785860517,
  "iou_Dead_std": 0.044815588925377875,
  "f1_Dead_mean": 0.2604096282772907,
  "f1_Dead_std": 0.06625466304011425,
  "precision_Dead_mean": 0.20635370042180146,
  "precision_Dead_std": 0.08967978172331408,
  "recall_Dead_mean": 0.3863975261278704,
  "recall_Dead_std": 0.01876678028059825,
  "dice_Epithelial_mean": 0.5500169033036403,
  "dice_Epithelial_std": 0.06250851569941471,
  "iou_Epithelial_mean": 0.38103822135739435,
  "iou_Epithelial_std": 0.0595801812491672,
  "f1_Epithelial_mean": 0.5500168983601432,
  "f1_Epithelial_std": 0.06250851565285279,
  "precision_Epithelial_mean": 0.5346269060039037,
  "precision_Epithelial_std": 0.12160842150594489,
  "recall_Epithelial_mean": 0.5772800464841795,
  "recall_Epithelial_std": 0.00818562866351876,
  "dice_macro_mean": 0.4995697676076585,
  "dice_macro_std": 0.08408699212145368,
  "iou_macro_mean": 0.38144436148686583,
  "iou_macro_std": 0.06936517121863359,
  "f1_macro_mean": 0.49956976279856063,
  "f1_macro_std": 0.08408699199271844,
  "precision_macro_mean": 0.4720487400340802,
  "precision_macro_std": 0.09646032255217402,
  "recall_macro_mean": 0.549668833277756,
  "recall_macro_std": 0.05954851231286506,
  "accuracy_mean": 0.893747826962933,
  "accuracy_std": 0.028401497936976966,
  "experiment_name": "cipsnet_pannuke_cv3_balanced_VIT_L_16_Bio_ClinicalBERT_",
  "num_folds": 3,
  "num_epochs": 50,
  "loss_type": "balanced"
}