{
  "dice_Neoplastic": 0.9426681060659681,
  "iou_Neoplastic": 0.8915536469429362,
  "f1_Neoplastic": 0.9426681010673721,
  "precision_Neoplastic": 0.9587348151328458,
  "recall_Neoplastic": 0.9271310209970657,
  "dice_Inflammatory": 0.43129295948716084,
  "iou_Inflammatory": 0.2749353119153231,
  "f1_Inflammatory": 0.43129295458994965,
  "precision_Inflammatory": 0.3772086740061158,
  "recall_Inflammatory": 0.5034824084276821,
  "dice_Connective_Soft_tissue": 0.25384491305814777,
  "iou_Connective_Soft_tissue": 0.14537363545566953,
  "f1_Connective_Soft_tissue": 0.25384490827178124,
  "precision_Connective_Soft_tissue": 0.2103621240724267,
  "recall_Connective_Soft_tissue": 0.3199878227471818,
  "dice_Dead": 0.2211647552770893,
  "iou_Dead": 0.12433121950624502,
  "f1_Dead": 0.2211647511749339,
  "precision_Dead": 0.15533877099394708,
  "recall_Dead": 0.38380506891054994,
  "dice_Epithelial": 0.5502033415858887,
  "iou_Epithelial": 0.3795038003382761,
  "f1_Epithelial": 0.5502033366037782,
  "precision_Epithelial": 0.5191495036342401,
  "recall_Epithelial": 0.5852086215163479,
  "dice_macro": 0.47983481509485093,
  "iou_macro": 0.36313952283168993,
  "f1_macro": 0.47983481034156306,
  "precision_macro": 0.4441587775679151,
  "recall_macro": 0.5439229885197655,
  "accuracy": 0.8870888463887338,
  "best_epoch": 50,
  "fold": 2
}