{
  "pannuke": {
    "per_image_text": {
      "variant": "CIPS-Net (Per-Image Text)",
      "text_instruction": "Per-image from annotations.csv",
      "num_images": 2656,
      "per_class": {
        "Neoplastic": {
          "Dice": 0.8857218086977591,
          "PQ": 0.0008312741511690057
        },
        "Inflammatory": {
          "Dice": 0.6974327189758236,
          "PQ": 0.6041219538542062
        },
        "Connective_Soft_tissue": {
          "Dice": 0.45539349003178337,
          "PQ": 0.28323741560770266
        },
        "Dead": {
          "Dice": 0.9775072941949299,
          "PQ": 0.9766391366019135
        },
        "Epithelial": {
          "Dice": 0.8144478072098131,
          "PQ": 0.8130291945964639
        }
      },
      "macro": {
        "mDice": 0.7661006238220218,
        "mPQ": 0.535571794962291
      }
    },
    "common_text": {
      "variant": "CIPS-Net (Common Text)",
      "text_instruction": "Segment all Neoplastic, Inflammatory, Connective, Dead, and Epithelial cells in the image.",
      "num_images": 2656,
      "per_class": {
        "Neoplastic": {
          "Dice": 0.9383899555373264,
          "PQ": 8.333080962307545e-05,
          "DQ": 0.00012693631669535285,
          "SQ": 0.0007859885288956412
        },
        "Inflammatory": {
          "Dice": 0.3379466954411547,
          "PQ": 0.2384869784735511,
          "DQ": 0.2649266123131629,
          "SQ": 0.38955633213226804
        },
        "Connective_Soft_tissue": {
          "Dice": 0.1381489492459001,
          "PQ": 0.029502516918756466,
          "DQ": 0.030218679199332393,
          "SQ": 0.10245359462999623
        },
        "Dead": {
          "Dice": 0.22895909554790705,
          "PQ": 0.2260002792435827,
          "DQ": 0.22721814256190914,
          "SQ": 0.2322435075570061
        },
        "Epithelial": {
          "Dice": 0.13539512098568923,
          "PQ": 0.0516422477500454,
          "DQ": 0.057316347818517605,
          "SQ": 0.11507423738443853
        }
      },
      "macro": {
        "mDice": 0.35576796335159544,
        "mPQ": 0.10914307063911174
      }
    },
    "no_text": {
      "variant": "CIPS-Net (No Text)",
      "text_instruction": "",
      "num_images": 2656,
      "per_class": {
        "Neoplastic": {
          "Dice": 0.9557697875537428,
          "PQ": 0.0,
          "DQ": 0.0,
          "SQ": 0.0
        },
        "Inflammatory": {
          "Dice": 0.4796686746987952,
          "PQ": 0.4796686746987952,
          "DQ": 0.4796686746987952,
          "SQ": 0.4796686746987952
        },
        "Connective_Soft_tissue": {
          "Dice": 0.2311746987951807,
          "PQ": 0.2311746987951807,
          "DQ": 0.2311746987951807,
          "SQ": 0.2311746987951807
        },
        "Dead": {
          "Dice": 0.9755271084337349,
          "PQ": 0.9755271084337349,
          "DQ": 0.9755271084337349,
          "SQ": 0.9755271084337349
        },
        "Epithelial": {
          "Dice": 0.8128765060240963,
          "PQ": 0.8128765060240963,
          "DQ": 0.8128765060240963,
          "SQ": 0.8128765060240963
        }
      },
      "macro": {
        "mDice": 0.69100335510111,
        "mPQ": 0.4998493975903614
      }
    }
  },
  "consep": {
    "per_image_text": {
      "variant": "CoNSeP (Per-Image Text)",
      "text_variant": "per_image",
      "dataset": "CoNSeP",
      "num_images": 14,
      "per_class": {
        "Neoplastic": {
          "Dice": 0.15380967607275647,
          "PQ": 0.0,
          "DQ": 0.0,
          "SQ": 0.0
        },
        "Inflammatory": {
          "Dice": 0.4276642563175507,
          "PQ": 0.20215175177884645,
          "DQ": 0.30695709071101007,
          "SQ": 0.6424304532787406
        },
        "Connective_Soft_tissue": {
          "Dice": 0.20155055935389732,
          "PQ": 0.02764904651310011,
          "DQ": 0.045189312373414316,
          "SQ": 0.4331023458458203
        },
        "Epithelial": {
          "Dice": 0.9105584808709893,
          "PQ": 0.8681018631926897,
          "DQ": 0.8744514870788826,
          "SQ": 0.9023680511246954
        }
      },
      "macro": {
        "mDice": 0.42339574315379847,
        "mPQ": 0.2744756653711591
      }
    },
    "common_text": {
      "variant": "CoNSeP (Common Text)",
      "text_variant": "common",
      "dataset": "CoNSeP",
      "num_images": 14,
      "per_class": {
        "Neoplastic": {
          "Dice": 0.08180887715315176,
          "PQ": 0.0004477264884440486,
          "DQ": 0.0007740736008090725,
          "SQ": 0.17183508294903557
        },
        "Inflammatory": {
          "Dice": 0.346668870108951,
          "PQ": 0.1723322836890506,
          "DQ": 0.25393619796712036,
          "SQ": 0.5271406993898963
        },
        "Connective_Soft_tissue": {
          "Dice": 0.13271112267906632,
          "PQ": 0.007457546524258831,
          "DQ": 0.012789824486226023,
          "SQ": 0.4141367409956759
        },
        "Epithelial": {
          "Dice": 0.038413625234728445,
          "PQ": 0.0,
          "DQ": 0.0,
          "SQ": 0.0
        }
      },
      "macro": {
        "mDice": 0.1499006237939744,
        "mPQ": 0.04505938917543837
      }
    },
    "no_text": {
      "variant": "CoNSeP (No Text)",
      "text_variant": "no_text",
      "dataset": "CoNSeP",
      "num_images": 14,
      "per_class": {
        "Neoplastic": {
          "Dice": 0.15219697071583885,
          "PQ": 0.0,
          "DQ": 0.0,
          "SQ": 0.0
        },
        "Inflammatory": {
          "Dice": 5.172780855617406e-12,
          "PQ": 0.0,
          "DQ": 0.0,
          "SQ": 0.0
        },
        "Connective_Soft_tissue": {
          "Dice": 1.3522697504004216e-12,
          "PQ": 0.0,
          "DQ": 0.0,
          "SQ": 0.0
        },
        "Epithelial": {
          "Dice": 0.8571428571428704,
          "PQ": 0.8571428571428571,
          "DQ": 0.8571428571428571,
          "SQ": 0.8571428571428571
        }
      },
      "macro": {
        "mDice": 0.2523349569663086,
        "mPQ": 0.21428571428571427
      }
    }
  },
  "monusac": {
    "per_image_text": {
      "variant": "MoNuSAC (Per-Image Text)",
      "text_variant": "per_image",
      "dataset": "MoNuSAC",
      "num_images": 85,
      "per_class": {
        "Inflammatory": {
          "Dice": 0.18449703623128724,
          "PQ": 0.05480037814390234,
          "DQ": 0.08427376567476626,
          "SQ": 0.29788042546454996
        },
        "Epithelial": {
          "Dice": 0.6470588235295993,
          "PQ": 0.6470588235294118,
          "DQ": 0.6470588235294118,
          "SQ": 0.6470588235294118
        }
      },
      "macro": {
        "mDice": 0.41577792988044326,
        "mPQ": 0.3509296008366571
      }
    },
    "common_text": {
      "variant": "MoNuSAC (Common Text)",
      "text_variant": "common",
      "dataset": "MoNuSAC",
      "num_images": 85,
      "per_class": {
        "Inflammatory": {
          "Dice": 0.14146528714762563,
          "PQ": 0.07329573254595179,
          "DQ": 0.10670226873214311,
          "SQ": 0.24000872209276722
        },
        "Epithelial": {
          "Dice": 0.0617413304401171,
          "PQ": 0.047409314992606054,
          "DQ": 0.04766329951723994,
          "SQ": 0.06802096644572682
        }
      },
      "macro": {
        "mDice": 0.10160330879387136,
        "mPQ": 0.060352523769278923
      }
    },
    "no_text": {
      "variant": "MoNuSAC (No Text)",
      "text_variant": "no_text",
      "dataset": "MoNuSAC",
      "num_images": 85,
      "per_class": {
        "Inflammatory": {
          "Dice": 0.07058823529692772,
          "PQ": 0.07058823529411765,
          "DQ": 0.07058823529411765,
          "SQ": 0.07058823529411765
        },
        "Epithelial": {
          "Dice": 0.6470588235295993,
          "PQ": 0.6470588235294118,
          "DQ": 0.6470588235294118,
          "SQ": 0.6470588235294118
        }
      },