{
  "dataset": "PanNuke",
  "fold": 1,
  "per_image_text": {
    "variant": "CIPS-Net (Per-Image Text)",
    "text_instruction": "Per-image from annotations.csv",
    "num_images": 2656,
    "per_class": {
      "Neoplastic": {
        "Dice": 0.8857218086977591,
        "PQ": 0.0008312741511690057
      },
      "Inflammatory": {
        "Dice": 0.6974327189758236,
        "PQ": 0.6041219538542062
      },
      "Connective_Soft_tissue": {
        "Dice": 0.45539349003178337,
        "PQ": 0.28323741560770266
      },
      "Dead": {
        "Dice": 0.9775072941949299,
        "PQ": 0.9766391366019135
      },
      "Epithelial": {
        "Dice": 0.8144478072098131,
        "PQ": 0.8130291945964639
      }
    },
    "macro": {
      "mDice": 0.7661006238220218,
      "mPQ": 0.535571794962291
    }
  },
  "common_text": {
    "variant": "CIPS-Net (Common Text)",
    "text_instruction": "Segment all Neoplastic, Inflammatory, Connective, Dead, and Epithelial cells in the image.",
    "num_images": 2656,
    "per_class": {
      "Neoplastic": {
        "Dice": 0.9383899555373264,
        "PQ": 8.333080962307545e-05,
        "DQ": 0.00012693631669535285,
        "SQ": 0.0007859885288956412
      },
      "Inflammatory": {
        "Dice": 0.3379466954411547,
        "PQ": 0.2384869784735511,
        "DQ": 0.2649266123131629,
        "SQ": 0.38955633213226804
      },
      "Connective_Soft_tissue": {
        "Dice": 0.1381489492459001,
        "PQ": 0.029502516918756466,
        "DQ": 0.030218679199332393,
        "SQ": 0.10245359462999623
      },
      "Dead": {
        "Dice": 0.22895909554790705,
        "PQ": 0.2260002792435827,
        "DQ": 0.22721814256190914,
        "SQ": 0.2322435075570061
      },
      "Epithelial": {
        "Dice": 0.13539512098568923,
        "PQ": 0.0516422477500454,
        "DQ": 0.057316347818517605,
        "SQ": 0.11507423738443853
      }
    },
    "macro": {
      "mDice": 0.35576796335159544,
      "mPQ": 0.10914307063911174
    }
  },
  "no_text": {
    "variant": "CIPS-Net (No Text)",
    "text_instruction": "",
    "num_images": 2656,
    "per_class": {
      "Neoplastic": {
        "Dice": 0.9557697875537428,
        "PQ": 0.0,
        "DQ": 0.0,
        "SQ": 0.0
      },
      "Inflammatory": {
        "Dice": 0.4796686746987952,
        "PQ": 0.4796686746987952,
        "DQ": 0.4796686746987952,
        "SQ": 0.4796686746987952
      },
      "Connective_Soft_tissue": {
        "Dice": 0.2311746987951807,
        "PQ": 0.2311746987951807,
        "DQ": 0.2311746987951807,
        "SQ": 0.2311746987951807
      },
      "Dead": {
        "Dice": 0.9755271084337349,
        "PQ": 0.9755271084337349,
        "DQ": 0.9755271084337349,
        "SQ": 0.9755271084337349
      },
      "Epithelial": {
        "Dice": 0.8128765060240963,
        "PQ": 0.8128765060240963,
        "DQ": 0.8128765060240963,
        "SQ": 0.8128765060240963
      }
    },
    "macro": {
      "mDice": 0.69100335510111,
      "mPQ": 0.4998493975903614
    }
  }
}