{
  "dice_Neoplastic": 0.9635303863934273,
  "iou_Neoplastic": 0.9296272401471172,
  "f1_Neoplastic": 0.9635303813936479,
  "precision_Neoplastic": 0.9699739334711798,
  "recall_Neoplastic": 0.95717188346896,
  "dice_Inflammatory": 0.6349325018513192,
  "iou_Inflammatory": 0.4651290157537423,
  "f1_Inflammatory": 0.6349324968515015,
  "precision_Inflammatory": 0.631108935692619,
  "recall_Inflammatory": 0.6388026804734347,
  "dice_Connective_Soft_tissue": 0.45626391592650517,
  "iou_Connective_Soft_tissue": 0.29555823733973374,
  "f1_Connective_Soft_tissue": 0.4562639111158074,
  "precision_Connective_Soft_tissue": 0.38194575024830923,
  "recall_Connective_Soft_tissue": 0.5664903682916043,
  "dice_Dead": 0.4300649072711136,
  "iou_Dead": 0.27393801773267445,
  "f1_Dead": 0.43006490227323163,
  "precision_Dead": 0.43915698718711066,
  "recall_Dead": 0.42134166657087796,
  "dice_Epithelial": 0.6158781571078198,
  "iou_Epithelial": 0.44495949563292553,
  "f1_Epithelial": 0.6158781522021108,
  "precision_Epithelial": 0.7139174218562233,
  "recall_Epithelial": 0.5415142868502243,
  "dice_macro": 0.6201339737100371,
  "iou_macro": 0.4818424013212386,
  "f1_macro": 0.6201339687672599,
  "precision_macro": 0.6272206056910884,
  "recall_macro": 0.6250641771310202,
  "accuracy": 0.9264754479893424,
  "pq_Neoplastic": 0.9198353312989154,
  "dq_Neoplastic": 0.9856927710806263,
  "sq_Neoplastic": 0.9331866462716262,
  "pq_Inflammatory": 0.20597878611278544,
  "dq_Inflammatory": 0.3174242424218377,
  "sq_Inflammatory": 0.6489069156824262,
  "pq_Connective_Soft_tissue": 0.1389144668000701,
  "dq_Connective_Soft_tissue": 0.22439024390134446,
  "sq_Connective_Soft_tissue": 0.6190753411772453,
  "pq_Dead": 0.06809344229377065,
  "dq_Dead": 0.10769230767573966,
  "sq_Dead": 0.6322962499680037,
  "pq_Epithelial": 0.4248888996145033,
  "dq_Epithelial": 0.644927536216306,
  "sq_Epithelial": 0.6588164960473906,
  "mPQ": 0.351542185224009,
  "mDQ": 0.4560254202591708,
  "mSQ": 0.6984563298293385,
  "bPQ": 0.99999999999247,
  "bDQ": 0.999999999996235,
  "bSQ": 0.999999999996235,
  "best_epoch": 47,
  "fold": 1
}