{
  "per_fold": {
    "fold1": {
      "dice": 0.7535348995560818,
      "aji": 0.5569033857488233,
      "dq": 0.6314812030939182,
      "sq": 0.799784897646086,
      "pq": 0.5041939465440435,
      "pq_class_1": 0.5795060390169104,
      "dq_class_1": 0.6349386195346957,
      "sq_class_1": 0.7262447249863865,
      "pq_class_2": 0.5896400957953936,
      "dq_class_2": 0.6026666666666667,
      "sq_class_2": 0.6123153425261826,
      "pq_class_3": 0.31326250287655855,
      "dq_class_3": 0.3657990181473153,
      "sq_class_3": 0.5589338303849555,
      "pq_class_4": 1.0,
      "dq_class_4": 1.0,
      "sq_class_4": 1.0,
      "pq_class_5": 0.587423511136898,
      "dq_class_5": 0.6251894050594019,
      "sq_class_5": 0.6982686269219937
    },
    "fold2": {
      "dice": 0.7586728621671998,
      "aji": 0.5620802401704722,
      "dq": 0.6571278725979561,
      "sq": 0.8088627529007326,
      "pq": 0.5313711560139496,
      "pq_class_1": 0.5527853803493469,
      "dq_class_1": 0.6165410047640697,
      "sq_class_1": 0.664073197453813,
      "pq_class_2": 0.5598179602079254,
      "dq_class_2": 0.5693333333333334,
      "sq_class_2": 0.5758688919978663,
      "pq_class_3": 0.33714240833582937,
      "dq_class_3": 0.392559496059496,
      "sq_class_3": 0.5651981337666225,
      "pq_class_4": 1.0,
      "dq_class_4": 1.0,
      "sq_class_4": 1.0,
      "pq_class_5": 0.643921311464276,
      "dq_class_5": 0.6971889445864329,
      "sq_class_5": 0.7866098528897437
    },
    "fold3": {
      "dice": 0.7608541800263648,
      "aji": 0.568591126074673,
      "dq": 0.6430171427320396,
      "sq": 0.8133114156501386,
      "pq": 0.5237948841812861,
      "pq_class_1": 0.4141250505328182,
      "dq_class_1": 0.4693934721462042,
      "sq_class_1": 0.5319466803467464,
      "pq_class_2": 0.5795642985765549,
      "dq_class_2": 0.5963809523809523,
      "sq_class_2": 0.5986694736029787,
      "pq_class_3": 0.29051408625385927,
      "dq_class_3": 0.3388564442093854,
      "sq_class_3": 0.4890502585963786,
      "pq_class_4": 1.0,
      "dq_class_4": 1.0,
      "sq_class_4": 1.0,
      "pq_class_5": 0.6973420874273678,
      "dq_class_5": 0.7357919051748154,
      "sq_class_5": 0.8530995762269046
    }
  },
  "mean_metrics": {
    "dice_mean": 0.7576873139165489,
    "dice_std": 0.0030682726591615772,
    "aji_mean": 0.5625249173313228,
    "aji_std": 0.00478184914122561,
    "dq_mean": 0.6438754061413046,
    "dq_std": 0.010487782613501603,
    "sq_mean": 0.8073196887323192,
    "sq_std": 0.005628940551552706,
    "pq_mean": 0.5197866622464263,
    "pq_std": 0.011451333574511635,
    "pq_class_1_mean": 0.5154721566330251,
    "pq_class_1_std": 0.07248873630237124,
    "dq_class_1_mean": 0.5736243654816565,
    "dq_class_1_std": 0.07408408466709486,
    "sq_class_1_mean": 0.6407548675956486,
    "sq_class_1_std": 0.08101745045864095,
    "pq_class_2_mean": 0.576340784859958,
    "pq_class_2_std": 0.012386369477780813,
    "dq_class_2_mean": 0.5894603174603175,
    "dq_class_2_std": 0.01446142382469792,
    "sq_class_2_mean": 0.5956179027090092,
    "sq_class_2_std": 0.015034848468783965,
    "pq_class_3_mean": 0.3136396658220824,
    "pq_class_3_std": 0.019037800887717962,
    "dq_class_3_mean": 0.3657383194720656,
    "dq_class_3_std": 0.021924221122627534,
    "sq_class_3_mean": 0.5377274075826521,
    "sq_class_3_std": 0.0345148180669144,
    "pq_class_4_mean": 1.0,
    "pq_class_4_std": 0.0,
    "dq_class_4_mean": 1.0,
    "dq_class_4_std": 0.0,
    "sq_class_4_mean": 1.0,
    "sq_class_4_std": 0.0,
    "pq_class_5_mean": 0.6428956366761805,
    "pq_class_5_std": 0.044879931372564595,
    "dq_class_5_mean": 0.6860567516068835,
    "dq_class_5_std": 0.04583428519020421,
    "sq_class_5_mean": 0.7793260186795473,
    "sq_class_5_std": 0.06341895823945284
  },
  "config": {
    "model_mode": "fast",
    "nr_types": 6,
    "batch_size": 4,
    "num_epochs": 20,
    "learning_rate": 0.0001
  },
  "timestamp": "2026-01-25T03:10:25.059433"
}