{
  "dice_Neoplastic": 0.9627659657709093,
  "iou_Neoplastic": 0.9282051436795278,
  "f1_Neoplastic": 0.962765960771144,
  "precision_Neoplastic": 0.9694063673879584,
  "recall_Neoplastic": 0.9562159182947395,
  "dice_Inflammatory": 0.6111446273319214,
  "iou_Inflammatory": 0.440034750456323,
  "f1_Inflammatory": 0.6111446223483761,
  "precision_Inflammatory": 0.5779863255915516,
  "recall_Inflammatory": 0.6483389658625169,
  "dice_Connective_Soft_tissue": 0.4355972391384444,
  "iou_Connective_Soft_tissue": 0.27844315417760457,
  "f1_Connective_Soft_tissue": 0.43559723426223007,
  "precision_Connective_Soft_tissue": 0.37637655491980837,
  "recall_Connective_Soft_tissue": 0.5169337961080385,
  "dice_Dead": 0.3369052648648966,
  "iou_Dead": 0.20257731429684775,
  "f1_Dead": 0.3369052599028408,
  "precision_Dead": 0.30990327544512847,
  "recall_Dead": 0.3690617549436334,
  "dice_Epithelial": 0.6124319913345965,
  "iou_Epithelial": 0.44137079228545234,
  "f1_Epithelial": 0.6124319863639305,
  "precision_Epithelial": 0.6632330787974492,
  "recall_Epithelial": 0.568859550929137,
  "dice_macro": 0.5917690176881536,
  "iou_macro": 0.45812623097915106,
  "f1_macro": 0.5917690127297043,
  "precision_macro": 0.5793811204283792,
  "recall_macro": 0.611881997227613,
  "accuracy": 0.9248871818370533,
  "best_epoch": 30,
  "fold": 3
}