{
  "per_image_text": {
    "display_name": "Per-Image Text",
    "source": "annotations.csv instruction column",
    "mean_dice": 0.6904747321393835,
    "mean_pq": 0.4993222891566266,
    "per_class_dice": [
      0.9557622149137848,
      0.47816265060240964,
      0.23042168674698796,
      0.9755271084337349,
      0.8125
    ],
    "per_class_pq": [
      0.0,
      0.47816265060240964,
      0.23042168674698796,
      0.9755271084337349,
      0.8125
    ]
  },
  "common_text": {
    "display_name": "Common Text",
    "text": "Segment all Neoplastic, Inflammatory, Connective, Dead, and Epithelial cells in the image.",
    "mean_dice": 0.6904747321393835,
    "mean_pq": 0.4993222891566266,
    "per_class_dice": [
      0.9557622149137848,
      0.47816265060240964,
      0.23042168674698796,
      0.9755271084337349,
      0.8125
    ],
    "per_class_pq": [
      0.0,
      0.47816265060240964,
      0.23042168674698796,
      0.9755271084337349,
      0.8125
    ]
  },
  "no_text": {
    "display_name": "No Text",
    "text": "",
    "mean_dice": 0.6904747321393835,
    "mean_pq": 0.4993222891566266,
    "per_class_dice": [
      0.9557622149137848,
      0.47816265060240964,
      0.23042168674698796,
      0.9755271084337349,
      0.8125
    ],
    "per_class_pq": [
      0.0,
      0.47816265060240964,
      0.23042168674698796,
      0.9755271084337349,
      0.8125
    ]
  }
}